1681407352.88,3.95,3.00,4.096,40.1,31.375,20.981,-0.073,19.23,15.30,47.13,30.32,-0.65,0.66
1681407354.56,5.63,3.00,4.096,40.1,31.375,20.981,-0.099,19.13,15.30,47.08,30.27,-0.65,0.66
1681407356.23,7.3,3.00,4.096,40.1,31.375,20.976,-0.099,19.13,15.30,47.08,30.27,-0.65,0.66
1681407357.90,8.97,3.00,4.096,40.6,31.375,20.981,-0.096,19.08,15.35,47.04,30.27,-0.65,0.66
1681407359.57,10.64,3.00,4.096,40.1,31.25,20.985,-0.099,18.96,15.22,46.92,30.15,-0.65,0.66
1681407361.25,12.32,3.00,4.096,40.1,31.25,20.985,-0.099,18.91,15.22,46.92,30.15,-0.65,0.66
1681407362.92,13.99,3.00,4.096,40.1,31.25,20.989,-0.099,18.91,15.22,46.92,30.15,-0.65,0.66
1681407364.59,15.66,3.00,4.096,40.1,31.25,20.989,-0.099,18.91,15.22,46.87,30.15,-0.65,0.65
1681407366.26,17.33,3.00,4.096,40.1,31.25,20.989,-0.103,18.86,15.27,46.87,30.15,-0.65,0.65
1681407367.93,19.0,3.00,4.096,40.6,31.25,20.994,-0.088,18.76,15.22,46.87,30.15,-0.65,0.65
1681407369.60,20.67,3.00,4.096,40.1,31.25,20.994,-0.066,18.81,15.22,46.92,30.15,-0.65,0.66
1681407371.27,22.34,3.00,4.096,40.1,31.25,20.994,-0.099,18.81,15.22,46.92,30.15,-0.65,0.66
1681407372.94,24.01,3.00,4.096,40.1,31.25,20.994,-0.073,18.81,15.22,46.92,30.15,-0.65,0.66
1681407374.61,25.68,3.00,4.096,40.1,31.25,20.994,-0.085,18.81,15.22,46.92,30.15,-0.65,0.66
1681407376.29,27.36,3.00,4.096,40.6,31.25,20.994,-0.073,18.81,15.22,46.87,30.15,-0.65,0.65
1681407377.96,29.03,3.00,4.096,40.1,31.25,20.998,-0.110,18.81,15.22,46.87,30.15,-0.65,0.65
1681407379.63,30.69,3.00,4.096,40.1,31.25,20.998,-0.096,18.81,15.22,46.83,30.15,-0.65,0.65
1681407381.30,32.37,3.00,4.096,40.1,31.25,21.003,-0.096,18.81,15.22,46.83,30.15,-0.65,0.65
1681407382.97,34.04,3.00,4.096,40.1,31.25,21.003,-0.085,18.81,15.27,46.78,30.15,-0.65,0.65
1681407384.64,35.71,3.00,4.096,40.6,31.125,21.003,-0.081,18.69,15.14,46.66,30.02,-0.65,0.65
1681407386.31,37.38,3.00,4.096,40.1,31.125,21.007,-0.085,18.73,15.19,46.61,30.02,-0.64,0.65
1681407387.98,39.05,3.00,4.096,40.6,31.125,21.007,-0.059,18.73,15.19,46.61,30.02,-0.64,0.65
1681407389.65,40.71,3.00,4.096,40.6,31.125,21.011,-0.085,18.73,15.19,46.61,30.02,-0.64,0.65
1681407391.32,42.39,3.00,4.096,40.1,31.125,21.011,-0.077,18.73,15.19,46.61,30.02,-0.64,0.65
1681407392.99,44.06,3.00,4.096,40.1,31.125,21.011,-0.099,18.73,15.19,46.57,30.02,-0.64,0.65
1681407394.66,45.73,3.00,4.096,40.6,31.125,21.016,-0.092,18.78,15.19,46.57,30.02,-0.64,0.65
1681407396.34,47.41,3.00,4.096,40.1,31.125,21.016,-0.085,18.78,15.24,46.57,30.02,-0.64,0.65
1681407398.01,49.08,3.00,4.096,41.2,31.125,21.020,-0.092,18.78,15.19,46.57,30.02,-0.64,0.65
1681407399.68,50.74,3.00,4.096,40.6,31.125,21.020,-0.085,18.78,15.24,46.57,30.02,-0.64,0.65
1681407401.35,52.42,3.00,4.096,40.1,31.125,21.020,-0.077,18.78,15.24,46.52,30.02,-0.64,0.64
1681407403.02,54.09,3.00,4.096,40.6,31.125,21.020,-0.096,18.78,15.33,46.43,30.02,-0.64,0.64
1681407404.69,55.76,3.00,4.096,40.1,31.125,21.025,-0.088,18.78,15.58,46.25,30.02,-0.63,0.63
1681407406.36,57.43,3.00,4.096,40.6,31.125,21.025,-0.085,18.83,15.87,46.06,30.02,-0.62,0.62
1681407408.03,59.1,3.00,4.096,40.6,31.125,21.025,-0.092,18.83,16.11,45.88,30.02,-0.61,0.62
1681407409.70,60.77,3.00,4.096,40.6,31.125,21.029,-0.099,18.83,16.40,45.69,30.02,-0.60,0.61
1681407411.37,62.44,3.00,4.096,41.2,31.0,21.029,-0.070,18.75,16.47,45.48,29.90,-0.59,0.61
1681407413.04,64.11,3.00,4.096,40.6,31.0,21.029,-0.096,18.75,16.62,45.39,29.90,-0.58,0.60
1681407414.71,65.78,3.00,4.096,40.6,31.0,21.033,-0.103,18.71,16.76,45.39,29.90,-0.58,0.60
1681407416.38,67.45,3.00,4.096,41.2,31.0,21.033,-0.096,18.75,16.81,45.34,29.90,-0.57,0.60
1681407418.05,69.12,3.00,4.096,40.6,31.0,21.038,-0.107,18.75,16.96,45.30,29.90,-0.57,0.60
1681407419.72,70.79,3.00,4.096,40.6,31.0,21.038,-0.110,18.75,17.10,45.16,29.90,-0.56,0.59
1681407421.39,72.45,3.00,4.096,41.2,31.0,21.038,-0.099,18.75,17.20,45.11,29.90,-0.56,0.59
1681407423.06,74.12,3.00,4.096,40.6,31.0,21.038,-0.110,18.75,17.35,45.02,29.90,-0.55,0.59
1681407424.72,75.79,3.00,4.096,41.2,31.0,21.042,-0.096,18.75,17.44,44.97,29.90,-0.55,0.58
1681407426.39,77.46,3.00,4.096,40.6,31.0,21.038,-0.096,18.75,17.54,44.88,29.90,-0.54,0.58
1681407428.06,79.13,3.00,4.096,41.2,31.0,21.042,-0.114,18.80,17.59,44.84,29.90,-0.54,0.58
1681407429.73,80.8,3.00,4.096,41.2,31.0,21.042,-0.099,18.80,17.64,44.84,29.90,-0.54,0.58
1681407431.40,82.47,3.00,4.096,40.1,31.0,21.047,-0.096,18.80,17.69,44.84,29.90,-0.54,0.58
1681407433.07,84.14,3.00,4.096,40.6,31.0,21.042,-0.092,18.80,17.73,44.79,29.90,-0.54,0.58
1681407434.74,85.81,3.00,4.096,40.1,31.0,21.047,-0.096,18.80,17.73,44.79,29.90,-0.54,0.58
1681407436.41,87.48,3.00,4.096,41.2,31.0,21.047,-0.088,18.85,17.69,44.84,29.90,-0.54,0.58
1681407438.08,89.15,3.00,4.096,41.2,30.875,21.047,-0.114,18.72,17.56,44.67,29.77,-0.54,0.58
1681407439.75,90.82,3.00,4.096,41.2,31.0,21.047,-0.096,18.80,17.73,44.79,29.90,-0.54,0.58
1681407441.42,92.49,3.00,4.096,41.2,30.875,21.051,-0.073,18.72,17.56,44.71,29.77,-0.54,0.58
1681407443.09,94.16,3.00,4.096,40.6,31.0,21.051,-0.081,17.69,17.49,44.88,29.90,-0.55,0.58
1681407444.76,95.83,3.00,4.096,41.2,30.875,21.051,-0.096,18.72,17.51,44.71,29.77,-0.54,0.58
1681407446.43,97.5,3.00,4.096,41.2,30.875,21.051,-0.099,18.72,17.51,44.71,29.77,-0.54,0.58
1681407448.10,99.17,3.00,4.096,41.2,30.875,21.055,-0.107,18.77,17.51,44.71,29.77,-0.54,0.58
1681407449.77,100.84,3.00,4.096,41.2,30.875,21.055,-0.081,18.77,17.51,44.71,29.77,-0.54,0.58
1681407451.45,102.52,3.00,4.096,41.2,30.875,21.055,-0.099,18.77,17.46,44.76,29.77,-0.54,0.58
1681407453.11,104.18,3.00,4.096,41.2,30.875,21.060,-0.088,18.77,17.46,44.76,29.77,-0.54,0.58
1681407454.78,105.85,3.00,4.096,41.2,30.875,21.060,-0.107,18.82,17.46,44.76,29.77,-0.54,0.58
1681407456.45,107.52,3.00,4.096,41.2,30.875,21.060,-0.081,18.77,17.41,44.71,29.77,-0.54,0.58
1681407458.12,109.19,3.00,4.096,41.2,30.875,21.060,-0.092,18.82,17.41,44.71,29.77,-0.54,0.58
1681407459.79,110.86,3.00,4.096,41.2,30.875,21.060,-0.077,18.82,17.41,44.71,29.77,-0.54,0.58
1681407461.46,112.53,3.00,4.096,41.2,30.875,21.064,-0.092,18.82,17.37,44.76,29.77,-0.55,0.58
1681407463.13,114.2,3.00,4.096,41.2,30.875,21.064,-0.081,18.82,17.41,44.76,29.77,-0.54,0.58
1681407464.80,115.87,3.00,4.096,41.2,30.875,21.064,-0.096,18.82,17.37,44.81,29.77,-0.55,0.58
1681407466.47,117.54,3.00,4.096,41.2,30.875,21.064,-0.096,18.77,17.37,44.81,29.77,-0.55,0.58
1681407468.14,119.21,3.00,4.096,41.2,30.875,21.064,-0.107,18.82,17.37,44.81,29.77,-0.55,0.58
1681407469.81,120.88,3.00,4.096,41.2,30.875,21.064,-0.081,18.82,17.32,44.81,29.77,-0.55,0.58
1681407471.47,122.54,3.00,4.096,41.2,30.875,21.069,-0.092,18.82,17.32,44.85,29.77,-0.55,0.58
1681407473.14,124.21,3.00,4.096,41.2,30.875,21.069,-0.085,18.82,17.27,44.85,29.77,-0.55,0.58
1681407474.81,125.88,3.00,4.096,41.2,30.875,21.069,-0.088,18.82,17.27,44.85,29.77,-0.55,0.58
1681407476.48,127.55,3.00,4.096,41.7,30.875,21.069,-0.114,18.82,17.32,44.81,29.77,-0.55,0.58
1681407478.15,129.22,3.00,4.096,41.2,30.875,21.069,-0.088,18.82,17.32,44.81,29.77,-0.55,0.58
1681407479.82,130.89,3.00,4.096,41.2,30.875,21.073,-0.099,18.82,17.32,44.76,29.77,-0.55,0.58
1681407481.49,132.55,3.00,4.096,41.2,30.875,21.073,-0.088,18.77,17.32,44.76,29.77,-0.55,0.58
1681407483.15,134.22,3.00,4.096,41.2,30.875,21.073,-0.081,18.77,17.32,44.76,29.77,-0.55,0.58
1681407484.82,135.89,3.00,4.096,41.2,30.75,21.073,-0.085,18.65,17.19,44.68,29.65,-0.55,0.58
1681407486.49,137.56,3.00,4.096,41.2,30.875,21.073,-0.081,18.72,17.27,44.81,29.77,-0.55,0.58
1681407488.16,139.23,3.00,4.096,41.2,30.75,21.073,-0.077,18.65,17.14,44.73,29.65,-0.55,0.58
1681407489.83,140.89,3.00,4.096,40.6,30.75,21.077,-0.088,18.60,17.04,44.78,29.65,-0.55,0.59
1681407491.50,142.57,3.00,4.096,41.7,30.75,21.077,-0.081,18.60,17.00,44.82,29.65,-0.56,0.59
1681407493.17,144.24,3.00,4.096,41.2,30.75,21.077,-0.081,18.60,16.95,44.87,29.65,-0.56,0.59
1681407494.84,145.91,3.00,4.096,41.2,30.75,21.077,-0.081,18.55,17.00,44.87,29.65,-0.56,0.59
1681407496.51,147.58,3.00,4.096,41.2,30.75,21.077,-0.099,18.55,17.04,44.73,29.65,-0.55,0.58
1681407498.18,149.25,3.00,4.096,42.2,30.75,21.082,-0.077,18.55,17.09,44.68,29.65,-0.55,0.58
1681407499.85,150.92,3.00,4.096,41.2,30.75,21.082,-0.107,18.50,17.14,44.64,29.65,-0.55,0.58
1681407501.52,152.59,3.00,4.096,41.2,30.75,21.082,-0.085,18.50,17.19,44.59,29.65,-0.55,0.58
1681407503.19,154.26,3.00,4.096,41.7,30.75,21.082,-0.088,18.50,17.19,44.64,29.65,-0.55,0.58
1681407504.86,155.93,3.00,4.096,41.2,30.75,21.082,-0.092,18.45,17.19,44.59,29.65,-0.55,0.58
1681407506.54,157.61,3.00,4.096,41.7,30.75,21.086,-0.070,18.45,17.19,44.59,29.65,-0.55,0.58
1681407508.21,159.28,3.00,4.096,41.2,30.75,21.082,-0.081,18.45,17.14,44.64,29.65,-0.55,0.58
1681407509.88,160.95,3.00,4.096,41.2,30.75,21.086,-0.107,18.40,17.14,44.64,29.65,-0.55,0.58
1681407511.56,162.62,3.00,4.096,41.2,30.75,21.086,-0.099,18.45,17.04,44.73,29.65,-0.55,0.58
1681407513.22,164.29,3.00,4.096,42.2,30.625,21.086,-0.096,18.28,16.92,44.61,29.52,-0.55,0.58
1681407514.89,165.96,3.00,4.096,41.2,30.75,21.086,-0.092,18.40,17.04,44.73,29.65,-0.55,0.58
1681407516.56,167.63,3.00,4.096,41.7,30.75,21.086,-0.092,18.36,17.04,44.68,29.65,-0.55,0.58
1681407518.23,169.3,3.00,4.096,41.2,30.75,21.086,-0.088,18.36,17.04,44.68,29.65,-0.55,0.58
1681407519.90,170.97,3.00,4.096,41.7,30.75,21.086,-0.088,18.36,17.09,44.59,29.65,-0.55,0.58
1681407521.57,172.64,3.00,4.096,41.2,30.75,21.091,-0.073,18.36,17.09,44.59,29.65,-0.55,0.58
1681407523.24,174.31,3.00,4.096,41.2,30.75,21.091,-0.077,18.36,17.09,44.55,29.65,-0.55,0.58
1681407524.91,175.98,3.00,4.096,41.2,30.75,21.086,-0.092,18.36,17.04,44.55,29.65,-0.55,0.58
1681407526.58,177.65,3.00,4.096,41.7,30.625,21.091,-0.077,18.23,16.92,44.47,29.52,-0.55,0.58
1681407528.25,179.32,3.00,4.096,41.7,30.625,21.091,-0.062,18.23,16.87,44.47,29.52,-0.56,0.58
1681407529.92,180.99,3.00,4.096,41.7,30.75,21.091,-0.081,18.36,17.00,44.59,29.65,-0.56,0.58
1681407531.59,182.66,3.00,4.096,41.2,30.625,21.091,-0.085,18.23,16.87,44.47,29.52,-0.56,0.58
1681407533.25,184.32,3.00,4.096,41.2,30.625,21.095,-0.073,18.18,16.87,44.47,29.52,-0.56,0.58
1681407534.92,185.99,3.00,4.096,41.2,30.625,21.091,-0.099,18.18,16.92,44.33,29.52,-0.55,0.57
1681407536.59,187.66,3.00,4.096,41.2,30.625,21.091,-0.088,16.97,17.06,44.19,29.52,-0.55,0.57
1681407538.26,189.33,3.00,4.096,41.2,30.625,21.082,-0.088,18.23,17.16,44.06,29.52,-0.54,0.56
1681407539.93,191.0,3.00,4.096,40.6,30.625,21.091,-0.055,18.23,17.21,44.01,29.52,-0.54,0.56
1681407541.60,192.67,3.00,4.096,41.2,30.625,21.082,-0.062,18.23,17.26,44.01,29.52,-0.54,0.56
1681407543.27,194.34,3.00,4.096,41.2,30.625,21.095,-0.048,18.23,17.21,44.10,29.52,-0.54,0.56
1681407544.94,196.01,3.00,4.096,41.2,30.625,21.095,-0.096,18.23,17.16,44.10,29.52,-0.54,0.56
1681407546.61,197.68,3.00,4.096,41.2,30.625,21.095,-0.107,18.23,17.21,44.01,29.52,-0.54,0.56
1681407548.28,199.35,3.00,4.096,41.2,30.625,21.099,-0.103,18.23,17.26,44.01,29.52,-0.54,0.56
1681407549.95,201.02,3.00,4.096,41.2,30.625,21.099,-0.085,18.23,17.36,43.96,29.52,-0.54,0.56
1681407551.62,202.69,3.00,4.096,41.7,30.625,21.099,-0.085,18.23,17.36,43.96,29.52,-0.54,0.56
1681407553.29,204.36,3.00,4.096,41.7,30.625,21.099,-0.099,18.23,17.40,43.96,29.52,-0.54,0.56
1681407554.96,206.03,3.00,4.096,41.2,30.625,21.099,-0.103,18.23,17.40,43.96,29.52,-0.54,0.56
1681407556.63,207.7,3.00,4.096,41.2,30.625,21.099,-0.099,18.23,17.45,43.87,29.52,-0.53,0.55
1681407558.30,209.37,3.00,4.096,41.2,30.625,21.104,-0.073,18.23,17.50,43.87,29.52,-0.53,0.55
1681407559.97,211.04,3.00,4.096,41.2,30.625,21.104,-0.070,18.23,17.50,43.92,29.52,-0.53,0.55
1681407561.64,212.71,3.00,4.096,41.7,30.625,21.104,-0.066,18.23,17.45,43.92,29.52,-0.53,0.55
1681407563.31,214.38,3.00,4.096,41.2,30.625,21.095,-0.077,18.28,17.45,43.92,29.52,-0.53,0.55
1681407564.98,216.05,3.00,4.096,41.2,30.625,21.099,-0.085,18.28,17.45,43.96,29.52,-0.53,0.56
1681407566.65,217.72,3.00,4.096,41.2,30.625,21.104,-0.092,18.28,17.40,43.96,29.52,-0.54,0.56
1681407568.32,219.39,3.00,4.096,41.2,30.625,21.104,-0.077,18.28,17.40,44.01,29.52,-0.54,0.56
1681407569.99,221.06,3.00,4.096,41.2,30.5,21.104,-0.062,18.15,17.23,43.93,29.40,-0.54,0.56
1681407571.66,222.73,3.00,4.096,41.7,30.625,21.104,-0.081,18.28,17.36,44.10,29.52,-0.54,0.56
1681407573.33,224.4,3.00,4.096,41.7,30.5,21.104,-0.099,18.15,17.28,43.93,29.40,-0.54,0.56
1681407575.00,226.07,3.00,4.096,41.7,30.5,21.108,-0.066,18.15,17.33,43.93,29.40,-0.53,0.56
1681407576.67,227.74,3.00,4.096,42.2,30.5,21.108,-0.099,18.15,17.37,43.89,29.40,-0.53,0.56
1681407578.34,229.41,3.00,4.096,41.7,30.5,21.108,-0.081,18.15,17.37,43.89,29.40,-0.53,0.56
1681407580.01,231.08,3.00,4.096,41.7,30.5,21.108,-0.081,18.15,17.37,43.93,29.40,-0.53,0.56
1681407581.67,232.74,3.00,4.096,41.2,30.5,21.108,-0.110,18.15,17.33,43.98,29.40,-0.53,0.56
1681407583.34,234.41,3.00,4.096,41.2,30.5,21.108,-0.096,18.20,17.28,44.03,29.40,-0.54,0.56
1681407585.01,236.08,3.00,4.096,41.7,30.5,21.108,-0.099,18.20,17.28,44.07,29.40,-0.54,0.57
1681407586.68,237.75,3.00,4.096,41.7,30.5,21.108,-0.092,18.20,17.23,44.07,29.40,-0.54,0.57
1681407588.35,239.42,3.00,4.096,41.2,30.5,21.108,-0.099,18.20,17.23,44.07,29.40,-0.54,0.57
1681407590.02,241.08,3.00,4.096,42.2,30.5,21.108,-0.096,18.20,17.23,44.17,29.40,-0.54,0.57
1681407591.69,242.76,3.00,4.096,41.2,30.5,21.108,-0.073,18.20,17.23,44.21,29.40,-0.54,0.57
1681407593.35,244.42,3.00,4.096,42.2,30.5,21.108,-0.066,18.20,17.18,44.30,29.40,-0.54,0.58
1681407595.02,246.09,3.00,4.096,41.2,30.5,21.113,-0.085,18.20,17.13,44.35,29.40,-0.54,0.58
1681407596.69,247.76,3.00,4.096,41.7,30.5,21.113,-0.081,18.20,17.13,44.40,29.40,-0.54,0.58
1681407598.36,249.43,3.00,4.096,42.2,30.5,21.113,-0.092,18.20,17.13,44.40,29.40,-0.54,0.58
1681407600.03,251.1,3.00,4.096,41.2,30.5,21.113,-0.077,18.25,17.13,44.35,29.40,-0.54,0.58
1681407601.70,252.77,3.00,4.096,41.2,30.5,21.113,-0.088,18.25,17.18,44.30,29.40,-0.54,0.58
1681407603.37,254.44,3.00,4.096,41.7,30.5,21.113,-0.118,18.20,17.23,44.26,29.40,-0.54,0.57
1681407605.04,256.11,3.00,4.096,41.2,30.5,21.113,-0.051,18.25,17.28,44.12,29.40,-0.54,0.57
1681407606.71,257.78,3.00,4.096,41.7,30.5,21.113,-0.081,18.25,17.33,44.07,29.40,-0.53,0.57
1681407608.38,259.44,3.00,4.096,41.2,30.5,21.077,-0.048,18.30,17.28,43.80,29.40,-0.54,0.55
1681407610.04,261.11,3.00,4.096,41.7,30.5,21.113,-0.055,18.30,17.57,43.89,29.40,-0.52,0.56
1681407611.71,262.78,3.00,4.096,41.2,30.5,21.113,-0.073,18.30,17.62,43.84,29.40,-0.52,0.56
1681407613.37,264.44,3.00,4.096,41.2,30.375,21.113,-0.085,18.17,17.54,43.67,29.27,-0.52,0.55
1681407615.04,266.11,3.00,4.096,42.2,30.5,21.113,-0.092,18.30,17.71,43.70,29.40,-0.52,0.55
1681407616.71,267.78,3.00,4.096,41.2,30.5,21.113,-0.077,18.30,17.67,43.75,29.40,-0.52,0.55
1681407618.38,269.45,3.00,4.096,41.7,30.375,21.113,-0.088,18.17,17.49,43.63,29.27,-0.52,0.55
1681407620.04,271.11,3.00,4.096,41.2,30.375,21.113,-0.085,18.17,17.44,43.63,29.27,-0.52,0.55
1681407621.71,272.78,3.00,4.096,41.2,30.375,21.113,-0.092,18.22,17.39,43.67,29.27,-0.53,0.55
1681407623.38,274.45,3.00,4.096,41.7,30.375,21.117,-0.073,18.22,17.39,43.63,29.27,-0.53,0.55
1681407625.05,276.12,3.00,4.096,41.7,30.375,21.113,-0.077,18.22,17.35,43.67,29.27,-0.53,0.55
1681407626.72,277.79,3.00,4.096,41.7,30.375,21.113,-0.103,18.22,17.44,43.49,29.27,-0.52,0.55
1681407628.38,279.45,3.00,4.096,41.7,30.375,21.113,-0.107,18.22,17.54,43.30,29.27,-0.52,0.54
1681407630.05,281.12,3.00,4.096,41.2,30.375,21.113,-0.085,18.27,17.54,43.21,29.27,-0.52,0.54
1681407631.73,282.79,3.00,4.096,41.7,30.375,21.113,-0.073,18.27,17.59,43.07,29.27,-0.52,0.53
1681407633.39,284.46,3.00,4.096,42.2,30.375,21.117,-0.062,18.27,17.59,42.93,29.27,-0.52,0.52
1681407635.06,286.13,3.00,4.096,41.7,30.375,21.117,-0.088,18.27,17.54,42.84,29.27,-0.52,0.52
1681407636.73,287.8,3.00,4.096,41.2,30.375,21.117,-0.070,18.32,17.59,42.75,29.27,-0.52,0.52
1681407638.40,289.47,3.00,4.096,41.2,30.375,21.117,-0.055,18.32,17.64,42.70,29.27,-0.52,0.51
1681407640.07,291.14,3.00,4.096,41.7,30.375,21.108,-0.055,18.32,17.69,42.66,29.27,-0.51,0.51
1681407641.74,292.81,3.00,4.096,41.2,30.375,21.108,-0.085,18.36,17.78,42.56,29.27,-0.51,0.51
1681407643.41,294.48,3.00,4.096,42.2,30.375,21.113,-0.099,18.36,17.78,42.52,29.27,-0.51,0.51
1681407645.08,296.15,3.00,4.096,41.2,30.375,21.113,-0.077,18.36,17.78,42.38,29.27,-0.51,0.50
1681407646.75,297.82,3.00,4.096,41.7,30.375,21.113,-0.088,18.36,17.78,42.29,29.27,-0.51,0.50
1681407648.42,299.49,3.00,4.096,41.7,30.375,21.113,-0.085,18.36,17.78,42.19,29.27,-0.51,0.49
1681407650.09,301.16,3.00,4.096,42.2,30.375,21.117,-0.073,18.36,17.83,42.15,29.27,-0.51,0.49
1681407651.76,302.83,3.00,4.096,41.2,30.375,21.113,-0.062,18.36,17.83,42.10,29.27,-0.51,0.49
1681407653.43,304.5,3.00,4.096,41.7,30.375,21.117,-0.085,18.41,17.88,42.05,29.27,-0.51,0.49
1681407655.10,306.17,3.00,4.096,41.7,30.375,21.117,-0.092,18.41,17.98,42.01,29.27,-0.50,0.48
1681407656.77,307.84,3.00,4.096,41.2,30.375,21.117,-0.092,18.41,18.07,41.96,29.27,-0.50,0.48
1681407658.44,309.51,3.00,4.096,41.2,30.375,21.117,-0.092,18.41,18.17,41.78,29.27,-0.49,0.47
1681407660.11,311.18,3.00,4.096,41.2,30.375,21.117,-0.077,18.36,18.22,41.68,29.27,-0.49,0.47
1681407661.78,312.85,3.00,4.096,41.2,30.375,21.117,-0.099,18.32,18.27,41.64,29.27,-0.49,0.47
1681407663.45,314.52,3.00,4.096,41.7,30.375,21.117,-0.088,18.36,18.22,41.45,29.27,-0.49,0.46
1681407665.12,316.19,3.00,4.096,41.2,30.375,21.117,-0.077,18.36,18.32,41.45,29.27,-0.49,0.46
1681407666.79,317.86,3.00,4.096,41.2,30.375,21.117,-0.092,18.41,18.36,41.41,29.27,-0.49,0.46
1681407668.45,319.52,3.00,4.096,41.7,30.375,21.117,-0.088,18.36,18.51,41.31,29.27,-0.48,0.46
1681407670.12,321.19,3.00,4.096,41.7,30.375,21.117,-0.092,18.41,18.56,41.22,29.27,-0.48,0.45
1681407671.79,322.86,3.00,4.096,41.2,30.375,21.117,-0.099,18.41,18.66,41.22,29.27,-0.47,0.45
1681407673.46,324.53,3.00,4.096,41.2,30.375,21.117,-0.085,18.36,18.66,41.27,29.27,-0.47,0.45
1681407675.13,326.2,3.00,4.096,41.2,30.375,21.117,-0.107,18.41,18.66,41.31,29.27,-0.47,0.46
1681407676.80,327.87,3.00,4.096,41.2,30.375,21.117,-0.088,18.41,18.66,41.41,29.27,-0.47,0.46
1681407678.47,329.54,3.00,4.096,41.2,30.375,21.117,-0.088,18.41,18.61,41.50,29.27,-0.48,0.46
1681407680.14,331.21,3.00,4.096,41.7,30.375,21.117,-0.092,18.41,18.66,41.36,29.27,-0.47,0.46
1681407681.81,332.88,3.00,4.096,41.2,30.25,21.117,-0.088,18.24,18.67,41.05,29.15,-0.47,0.45
1681407683.48,334.54,3.00,4.096,41.7,30.25,21.121,-0.103,18.24,18.72,40.91,29.15,-0.47,0.44
1681407685.14,336.21,3.00,4.096,41.7,30.25,21.121,-0.096,18.24,18.82,40.77,29.15,-0.46,0.44
1681407686.81,337.88,3.00,4.096,41.2,30.25,21.121,-0.088,18.24,18.87,40.73,29.15,-0.46,0.44
1681407688.48,339.55,3.00,4.096,41.2,30.25,21.121,-0.088,18.24,18.97,40.59,29.15,-0.46,0.43
1681407690.15,341.22,3.00,4.096,41.2,30.25,21.117,-0.099,18.29,19.06,40.49,29.15,-0.45,0.43
1681407691.83,342.89,3.00,4.096,41.2,30.25,21.117,-0.081,18.29,19.16,40.54,29.15,-0.45,0.43
1681407693.49,344.56,3.00,4.096,41.2,30.25,21.117,-0.099,18.29,19.21,40.54,29.15,-0.45,0.43
1681407695.16,346.23,3.00,4.096,41.2,30.25,21.117,-0.085,18.29,19.26,40.40,29.15,-0.45,0.42
1681407696.83,347.9,3.00,4.096,42.2,30.25,21.121,-0.073,18.29,19.35,40.26,29.15,-0.44,0.42
1681407698.50,349.57,3.00,4.096,41.7,30.25,21.121,-0.085,18.29,19.35,40.17,29.15,-0.44,0.41
1681407700.17,351.24,3.00,4.096,41.2,30.25,21.121,-0.092,18.29,19.45,40.07,29.15,-0.44,0.41
1681407701.84,352.91,3.00,4.096,41.2,30.25,21.121,-0.077,18.29,19.64,39.89,29.15,-0.43,0.40
1681407703.51,354.58,3.00,4.096,41.2,30.25,21.121,-0.099,18.29,19.74,39.80,29.15,-0.43,0.40
1681407705.18,356.25,3.00,4.096,41.2,30.25,21.117,-0.096,18.34,19.89,39.66,29.15,-0.42,0.39
1681407706.85,357.92,3.00,4.096,41.7,30.25,21.117,-0.073,18.34,19.98,39.61,29.15,-0.42,0.39
1681407708.52,359.59,3.00,4.096,41.2,30.25,21.117,-0.092,18.34,20.08,39.70,29.15,-0.41,0.39
1681407710.19,361.26,3.00,4.096,41.7,30.25,21.117,-0.096,18.29,20.13,39.66,29.15,-0.41,0.39
1681407711.86,362.93,3.00,4.096,41.2,30.25,21.121,-0.092,18.29,20.23,39.56,29.15,-0.41,0.39
1681407713.53,364.6,3.00,4.096,41.2,30.25,21.121,-0.099,18.29,20.32,39.47,29.15,-0.40,0.38
1681407715.20,366.27,3.00,4.096,41.7,30.25,21.121,-0.085,18.29,20.37,39.38,29.15,-0.40,0.38
1681407716.87,367.94,3.00,4.096,41.7,30.25,21.121,-0.107,18.29,20.42,39.38,29.15,-0.40,0.38
1681407718.54,369.6,3.00,4.096,41.2,30.25,21.082,-0.085,18.29,20.27,39.33,29.15,-0.40,0.38
1681407720.20,371.27,3.00,4.096,41.7,30.25,21.121,-0.110,18.29,20.42,39.47,29.15,-0.40,0.38
1681407721.87,372.94,3.00,4.096,41.2,30.25,21.126,-0.077,18.29,20.42,39.42,29.15,-0.40,0.38
1681407723.54,374.61,3.00,4.096,41.2,30.25,21.121,-0.092,18.29,20.42,39.42,29.15,-0.40,0.38
1681407725.21,376.28,3.00,4.096,41.7,30.25,21.117,-0.099,18.29,20.47,39.33,29.15,-0.40,0.38
1681407726.88,377.95,3.00,4.096,41.2,30.25,21.117,-0.125,18.29,20.52,39.28,29.15,-0.39,0.38
1681407728.55,379.62,3.00,4.096,41.7,30.25,21.117,-0.114,18.29,20.52,39.24,29.15,-0.39,0.37
1681407730.22,381.29,3.00,4.096,41.2,30.25,21.121,-0.107,18.29,20.52,39.38,29.15,-0.39,0.38
1681407731.89,382.96,3.00,4.096,41.2,30.25,21.121,-0.081,18.34,20.52,39.42,29.15,-0.39,0.38
1681407733.55,384.62,3.00,4.096,41.7,30.25,21.117,-0.110,18.34,20.56,39.33,29.15,-0.39,0.38
1681407735.22,386.29,3.00,4.096,41.2,30.25,21.121,-0.081,18.34,20.47,39.56,29.15,-0.40,0.39
1681407736.89,387.96,3.00,4.096,41.7,30.125,21.121,-0.077,18.26,20.20,39.86,29.02,-0.40,0.40
1681407738.55,389.62,3.00,4.096,41.2,30.25,21.121,-0.085,18.34,20.27,39.98,29.15,-0.40,0.40
1681407740.21,391.28,3.00,4.096,41.2,30.25,21.121,-0.077,18.38,20.23,40.26,29.15,-0.41,0.42
1681407741.89,392.96,3.00,4.096,41.2,30.125,21.121,-0.088,18.26,20.05,40.23,29.02,-0.41,0.42
1681407743.55,394.62,3.00,4.096,41.7,30.25,21.113,-0.136,18.34,20.23,40.49,29.15,-0.41,0.43
1681407745.22,396.29,3.00,4.096,41.2,30.25,21.121,-0.081,18.34,19.98,40.73,29.15,-0.42,0.44
1681407746.90,397.96,3.00,4.096,41.7,30.25,21.121,-0.088,18.34,20.13,39.14,29.15,-0.41,0.37
1681407748.56,399.63,3.00,4.096,41.2,30.125,20.836,-0.011,18.55,24.40,33.72,29.02,-0.23,0.15
1681407750.23,401.3,3.00,4.096,41.2,30.25,21.069,-0.085,18.87,24.43,34.55,29.15,-0.24,0.18
1681407751.90,402.96,3.00,4.096,41.2,30.25,21.113,-0.077,18.87,24.09,35.26,29.15,-0.25,0.21
1681407753.56,404.63,3.00,4.096,41.2,30.125,21.117,-0.077,18.69,23.58,36.07,29.02,-0.27,0.25
1681407755.23,406.3,3.00,4.096,41.2,30.125,21.117,-0.037,18.65,23.15,36.87,29.02,-0.28,0.28
1681407756.90,407.97,3.00,4.096,41.2,30.125,21.117,-0.143,18.65,22.76,37.62,29.02,-0.30,0.31
1681407758.57,409.64,3.00,4.096,41.2,30.25,21.121,-0.029,18.72,22.55,38.21,29.15,-0.31,0.33
1681407760.23,411.3,3.00,4.096,41.2,30.125,21.121,-0.033,18.60,22.03,38.18,29.02,-0.33,0.33
1681407761.90,412.97,3.00,4.096,41.7,30.125,21.117,-0.029,18.60,21.65,38.55,29.02,-0.34,0.35
1681407763.57,414.64,3.00,4.096,41.7,30.125,21.121,-0.073,18.60,21.26,38.74,29.02,-0.36,0.36
1681407765.23,416.3,3.00,4.096,41.2,30.125,21.121,-0.096,18.55,21.12,38.74,29.02,-0.37,0.36
1681407766.90,417.97,3.00,4.096,41.2,30.125,21.121,-0.059,18.55,20.78,38.93,29.02,-0.38,0.37
1681407768.57,419.64,3.00,4.096,41.2,30.125,21.121,-0.088,18.55,20.73,38.93,29.02,-0.38,0.37
1681407770.24,421.31,3.00,4.096,42.2,30.125,21.121,-0.059,18.55,20.63,39.25,29.02,-0.38,0.38
1681407771.91,422.98,3.00,4.096,41.2,30.25,21.121,-0.055,18.63,20.61,39.70,29.15,-0.39,0.39
1681407773.58,424.65,3.00,4.096,41.2,30.125,21.121,-0.103,18.50,20.53,39.72,29.02,-0.39,0.40
1681407775.24,426.31,3.00,4.096,41.7,30.125,21.117,-0.077,18.50,20.73,39.81,29.02,-0.38,0.40
1681407776.92,427.98,3.00,4.096,41.2,30.125,21.121,-0.096,18.50,20.73,40.00,29.02,-0.38,0.41
1681407778.58,429.65,3.00,4.096,41.2,30.125,21.121,-0.099,18.45,20.73,40.14,29.02,-0.38,0.42
1681407780.25,431.32,3.00,4.096,41.2,30.125,21.121,-0.088,18.45,20.73,40.37,29.02,-0.38,0.43
1681407781.92,432.99,3.00,4.096,41.2,30.125,21.121,-0.096,18.40,20.63,40.56,29.02,-0.38,0.43
1681407783.59,434.65,3.00,4.096,41.2,30.125,21.121,-0.088,18.40,20.63,40.65,29.02,-0.38,0.44
1681407785.25,436.32,3.00,4.096,41.2,30.125,21.121,-0.066,18.40,20.53,40.74,29.02,-0.39,0.44
1681407786.92,437.99,3.00,4.096,41.2,30.125,21.121,-0.059,18.40,20.49,40.74,29.02,-0.39,0.44
1681407788.59,439.66,3.00,4.096,41.2,30.125,21.121,-0.081,18.35,20.49,40.74,29.02,-0.39,0.44
1681407790.26,441.33,3.00,4.096,41.2,30.125,21.121,-0.070,17.43,20.39,40.88,29.02,-0.39,0.45
1681407791.94,443.01,3.00,4.096,41.7,30.125,21.117,-0.081,18.35,20.29,40.88,29.02,-0.40,0.45
1681407793.60,444.67,3.00,4.096,41.2,30.125,21.121,-0.092,18.35,20.24,41.02,29.02,-0.40,0.45
1681407795.27,446.34,3.00,4.096,41.7,30.125,21.121,-0.066,18.31,20.10,41.30,29.02,-0.41,0.46
1681407796.94,448.01,3.00,4.096,41.2,30.125,21.121,-0.099,18.26,20.05,41.39,29.02,-0.41,0.47
1681407798.61,449.68,3.00,4.096,41.7,30.125,21.121,-0.092,18.26,20.10,41.39,29.02,-0.41,0.47
1681407800.28,451.35,3.00,4.096,41.2,30.125,21.121,-0.103,18.21,19.95,41.67,29.02,-0.41,0.48
1681407801.94,453.01,3.00,4.096,41.2,30.125,21.117,-0.059,18.21,19.71,41.86,29.02,-0.42,0.49
1681407803.61,454.68,3.00,4.096,41.2,30.125,21.117,-0.055,18.21,19.52,42.00,29.02,-0.43,0.49
1681407805.28,456.35,3.00,4.096,41.2,30.125,21.117,-0.085,18.21,19.47,41.95,29.02,-0.43,0.49
1681407806.95,458.02,3.00,4.096,41.2,30.125,21.117,-0.062,18.16,19.42,42.00,29.02,-0.43,0.49
1681407808.62,459.69,3.00,4.096,41.7,30.125,21.121,-0.092,18.16,19.28,42.09,29.02,-0.44,0.50
1681407810.29,461.36,3.00,4.096,41.2,30.125,21.121,-0.073,18.16,19.08,42.23,29.02,-0.45,0.50
1681407811.96,463.03,3.00,4.096,41.2,30.0,21.121,-0.092,17.99,18.86,42.15,28.90,-0.45,0.51
1681407813.63,464.7,3.00,4.096,42.2,30.125,21.117,-0.099,18.06,18.89,42.27,29.02,-0.46,0.51
1681407815.30,466.36,3.00,4.096,41.7,30.125,21.117,-0.092,18.11,18.84,42.27,29.02,-0.46,0.51
1681407816.97,468.04,3.00,4.096,41.2,30.125,21.117,-0.092,18.06,18.79,42.27,29.02,-0.46,0.51
1681407818.64,469.71,3.00,4.096,41.2,30.125,21.117,-0.088,18.11,18.79,42.23,29.02,-0.46,0.50
1681407820.30,471.37,3.00,4.096,41.2,30.125,21.117,-0.077,18.06,18.74,42.27,29.02,-0.46,0.51
1681407821.97,473.04,3.00,4.096,41.7,30.125,21.117,-0.096,18.06,18.69,42.27,29.02,-0.46,0.51
1681407823.64,474.71,3.00,4.096,41.2,30.125,21.117,-0.085,18.06,18.60,42.32,29.02,-0.47,0.51
1681407825.31,476.38,3.00,4.096,42.2,30.125,21.117,-0.103,18.06,18.55,42.37,29.02,-0.47,0.51
1681407826.98,478.05,3.00,4.096,41.2,30.125,21.117,-0.070,18.01,18.45,42.46,29.02,-0.47,0.51
1681407828.65,479.72,3.00,4.096,41.2,30.125,21.121,-0.040,18.01,18.31,42.55,29.02,-0.48,0.52
1681407830.32,481.38,3.00,4.096,41.7,30.125,21.117,-0.077,18.01,18.21,42.55,29.02,-0.48,0.52
1681407831.99,483.06,3.00,4.096,41.2,30.125,21.117,-0.077,18.01,18.16,42.64,29.02,-0.48,0.52
1681407833.66,484.73,3.00,4.096,41.2,30.125,21.117,-0.081,17.97,18.16,42.64,29.02,-0.48,0.52
1681407835.32,486.39,3.00,4.096,42.2,30.125,21.117,-0.099,17.97,18.06,42.69,29.02,-0.49,0.52
1681407837.00,488.07,3.00,4.096,41.2,30.125,21.117,-0.081,17.97,18.01,42.69,29.02,-0.49,0.52
1681407838.66,489.73,3.00,4.096,41.7,30.125,21.117,-0.092,17.97,17.97,42.69,29.02,-0.49,0.52
1681407840.33,491.4,3.00,4.096,41.2,30.0,21.113,-0.077,17.79,17.84,42.57,28.90,-0.49,0.52
1681407842.00,493.07,3.00,4.096,41.2,30.125,21.113,-0.096,17.97,17.97,42.64,29.02,-0.49,0.52
1681407843.67,494.74,3.00,4.096,41.2,30.125,21.113,-0.096,17.92,17.97,42.64,29.02,-0.49,0.52
1681407845.34,496.41,3.00,4.096,41.2,30.125,21.117,-0.088,17.97,17.97,42.69,29.02,-0.49,0.52
1681407847.01,498.08,3.00,4.096,41.2,30.0,21.117,-0.085,17.74,17.79,42.57,28.90,-0.49,0.52
1681407848.68,499.74,3.00,4.096,41.2,30.125,21.117,-0.070,17.87,17.92,42.69,29.02,-0.49,0.52
1681407850.47,501.54,3.00,4.096,41.7,30.0,21.117,-0.088,17.74,17.79,42.57,28.90,-0.49,0.52
1681407852.16,503.23,3.00,4.096,41.2,30.0,21.117,-0.092,17.74,17.79,42.57,28.90,-0.49,0.52
1681407853.83,504.9,3.00,4.096,41.2,30.0,21.117,-0.096,17.79,17.84,42.52,28.90,-0.49,0.52
1681407855.53,506.6,3.00,4.096,41.2,30.0,21.117,-0.118,17.79,17.84,42.57,28.90,-0.49,0.52
1681407857.20,508.27,3.00,4.096,41.2,30.0,21.117,-0.085,17.74,17.84,42.52,28.90,-0.49,0.52
1681407858.87,509.94,3.00,4.096,41.7,30.0,21.113,-0.099,17.74,17.84,42.48,28.90,-0.49,0.52
1681407860.54,511.61,3.00,4.096,41.2,30.0,21.113,-0.029,17.74,17.89,42.48,28.90,-0.49,0.52
1681407862.21,513.28,3.00,4.096,41.2,30.0,21.117,-0.077,16.48,17.79,42.52,28.90,-0.49,0.52
1681407863.88,514.94,3.00,4.096,41.7,30.0,21.113,-0.070,17.74,17.84,42.43,28.90,-0.49,0.52
1681407865.54,516.61,3.00,4.096,41.2,30.0,21.113,-0.048,17.74,17.94,42.38,28.90,-0.49,0.52
1681407867.21,518.28,3.00,4.096,41.2,30.0,21.113,-0.066,17.74,17.99,42.34,28.90,-0.49,0.51
1681407868.88,519.95,3.00,4.096,41.7,30.0,21.113,-0.066,17.74,18.03,42.34,28.90,-0.48,0.51
1681407870.54,521.61,3.00,4.096,41.2,30.0,21.113,-0.088,17.74,18.03,42.34,28.90,-0.48,0.51
1681407872.22,523.29,3.00,4.096,41.2,30.0,21.113,-0.085,17.74,18.08,42.29,28.90,-0.48,0.51
1681407873.88,524.95,3.00,4.096,41.2,30.0,21.108,-0.085,17.74,18.13,42.24,28.90,-0.48,0.51
1681407875.55,526.62,3.00,4.096,41.2,30.0,21.108,-0.088,17.74,18.18,42.20,28.90,-0.48,0.51
1681407877.22,528.29,3.00,4.096,41.2,30.0,21.108,-0.110,17.74,18.18,42.20,28.90,-0.48,0.51
1681407878.89,529.96,3.00,4.096,42.2,30.0,21.113,-0.092,17.74,18.23,42.15,28.90,-0.48,0.51
1681407880.57,531.64,3.00,4.096,41.7,30.0,21.113,-0.118,17.74,18.23,42.06,28.90,-0.48,0.50
1681407882.22,533.29,3.00,4.096,41.7,30.0,21.113,-0.092,17.69,18.32,42.06,28.90,-0.47,0.50
1681407883.89,534.96,3.00,4.096,41.2,30.0,21.108,-0.081,17.74,18.42,41.97,28.90,-0.47,0.50
1681407885.56,536.63,3.00,4.096,41.2,30.0,21.113,-0.096,17.74,18.47,41.97,28.90,-0.47,0.50
1681407887.23,538.3,3.00,4.096,41.2,30.0,21.113,-0.077,17.74,18.52,42.01,28.90,-0.46,0.50
1681407888.90,539.97,3.00,4.096,41.2,30.0,21.113,-0.118,17.74,18.57,41.92,28.90,-0.46,0.50
1681407890.57,541.64,3.00,4.096,41.2,30.0,21.113,-0.114,17.74,18.66,41.83,28.90,-0.46,0.49
1681407892.26,543.33,3.00,4.096,41.7,30.0,21.108,-0.077,17.74,18.66,41.83,28.90,-0.46,0.49
1681407893.94,545.01,3.00,4.096,41.7,30.0,21.108,-0.096,17.74,18.66,41.83,28.90,-0.46,0.49
1681407895.61,546.68,3.00,4.096,41.2,30.0,21.108,-0.103,17.74,18.71,41.83,28.90,-0.46,0.49
1681407897.27,548.34,3.00,4.096,41.7,30.0,21.113,-0.103,17.74,18.71,41.83,28.90,-0.46,0.49
1681407898.94,550.01,3.00,4.096,41.2,30.0,21.113,-0.062,17.74,18.81,41.69,28.90,-0.45,0.49
1681407900.61,551.68,3.00,4.096,42.2,30.0,21.108,-0.066,17.74,19.00,41.64,28.90,-0.45,0.48
1681407902.28,553.35,3.00,4.096,41.2,30.0,21.108,-0.110,17.79,19.05,41.73,28.90,-0.44,0.49
1681407903.95,555.01,3.00,4.096,41.2,30.0,21.099,-0.103,17.79,19.25,39.36,28.90,-0.44,0.39
1681407905.61,556.68,3.00,4.096,41.2,30.0,20.796,-0.051,18.18,22.73,38.38,28.90,-0.29,0.35
1681407907.27,558.34,3.00,4.096,41.2,30.0,21.086,-0.044,18.13,22.15,39.04,28.90,-0.32,0.38
1681407908.94,560.01,3.00,4.096,41.7,30.0,21.104,-0.176,18.03,21.81,39.41,28.90,-0.33,0.39
1681407910.61,561.68,3.00,4.096,41.2,30.0,21.082,-0.210,18.03,21.62,39.36,28.90,-0.34,0.39
1681407912.28,563.34,3.00,4.096,41.2,30.0,21.051,-0.125,18.13,22.87,32.70,28.90,-0.29,0.11
1681407913.94,565.01,3.00,4.096,42.2,30.0,20.458,0.482,19.00,37.75,21.85,28.90,0.32,-0.33
1681407915.61,566.68,3.00,4.096,41.2,30.0,20.660,0.022,19.59,43.37,16.95,28.90,0.55,-0.53
1681407917.28,568.35,3.00,4.096,41.2,30.0,20.906,-0.048,19.63,42.32,14.94,28.90,0.50,-0.61
1681407918.97,570.04,4.00,4.096,41.2,30.0,20.286,0.018,20.36,56.82,1.39,28.90,1.10,-1.14
1681407920.65,571.72,0.00,4.096,41.7,30.0,20.515,0.015,21.04,57.39,2.29,28.90,1.12,-1.11
1681407922.37,573.44,0.00,4.096,42.2,30.0,20.827,-0.180,21.33,55.21,4.65,28.90,1.04,-1.02
1681407924.01,575.08,0.00,4.096,42.2,30.0,20.932,-0.147,21.52,54.46,4.70,28.90,1.00,-1.01
1681407925.67,576.74,0.00,4.096,42.2,29.875,20.932,-0.073,21.25,53.48,6.16,28.77,0.97,-0.95
1681407927.34,578.41,3.00,4.096,41.2,29.875,20.924,-0.037,21.11,51.26,10.33,28.77,0.88,-0.79
1681407929.00,580.07,3.00,4.096,41.2,29.875,20.910,0.055,21.01,48.66,12.11,28.77,0.77,-0.72
1681407930.68,581.75,4.00,4.096,41.7,29.875,20.528,0.073,21.30,57.64,1.91,28.77,1.14,-1.12
1681407932.46,583.53,0.00,4.096,42.2,29.875,20.321,0.088,22.12,65.18,-10.87,28.77,1.45,-1.61
1681407934.13,585.2,0.00,4.096,41.2,29.875,19.899,0.232,24.53,77.46,-29.25,28.77,1.96,-2.29
1681407935.82,586.89,0.00,4.096,41.2,29.875,19.200,0.235,24.00,80.61,-28.92,28.77,2.09,-2.27
1681407937.50,588.57,0.00,4.096,41.2,29.875,19.170,0.305,23.81,76.14,-22.10,28.77,1.91,-2.03
1681407939.16,590.23,0.00,4.096,41.2,29.875,19.152,0.107,23.38,69.47,-15.14,28.77,1.63,-1.77
1681407940.83,591.9,4.00,4.096,41.7,29.875,19.143,0.125,22.94,68.85,-14.09,28.77,1.61,-1.73
1681407942.50,593.57,0.00,4.096,41.7,29.875,19.306,0.048,22.60,68.01,-13.36,28.77,1.57,-1.70
1681407944.18,595.25,0.00,4.096,41.2,29.875,20.673,0.511,23.76,71.06,-19.82,28.77,1.70,-1.94
1681407945.86,596.93,0.00,4.096,41.2,29.875,20.735,0.625,23.57,82.25,-35.82,28.77,2.16,-2.52
1681407947.55,598.62,0.00,4.096,41.2,29.875,20.761,0.316,23.18,82.40,-33.07,28.77,2.17,-2.42
1681407949.23,600.3,0.00,4.096,41.2,29.875,20.774,0.423,22.80,82.21,-35.54,28.77,2.16,-2.51
1681407950.91,601.98,4.00,4.096,41.2,29.875,20.778,-0.011,22.56,84.46,-43.76,28.77,2.25,-2.80
1681407952.60,603.66,0.00,4.096,41.2,29.875,20.774,0.011,22.27,84.65,-38.43,28.77,2.26,-2.61
1681407954.30,605.37,0.00,4.096,41.2,29.875,20.721,0.254,24.53,79.81,-32.25,28.77,2.06,-2.39
1681407955.97,607.04,0.00,4.096,41.2,29.875,20.625,-0.044,24.29,74.73,-25.58,28.77,1.85,-2.15
1681407957.66,608.73,0.00,4.096,41.2,29.75,20.603,-0.077,23.69,71.18,-19.22,28.65,1.71,-1.91
1681407959.32,610.39,0.00,4.096,40.6,29.875,20.594,-0.088,23.38,67.96,-13.10,28.77,1.57,-1.69
1681407960.99,612.06,4.00,4.096,41.2,29.875,20.589,-0.040,22.99,64.81,-6.60,28.77,1.44,-1.45
1681407962.67,613.73,0.00,4.096,41.2,29.875,20.629,-0.077,22.65,62.69,-3.95,28.77,1.35,-1.34
1681407964.33,615.4,0.00,4.096,42.2,29.875,20.994,-0.088,23.42,60.66,-1.42,28.77,1.27,-1.25
1681407965.99,617.06,0.00,4.096,41.2,29.875,21.064,0.125,23.18,58.21,1.76,28.77,1.16,-1.12
1681407967.67,618.74,0.00,4.096,41.2,29.875,21.073,-0.037,22.85,55.94,4.87,28.77,1.07,-1.00
1681407969.33,620.4,0.00,4.096,41.2,29.75,21.069,-0.121,22.43,56.20,3.13,28.65,1.09,-1.06
1681407971.00,622.07,4.00,4.096,41.2,29.75,21.069,0.000,22.19,55.25,5.18,28.65,1.05,-0.98
1681407972.67,623.74,0.00,4.096,41.2,29.75,21.073,-0.059,21.95,53.08,8.17,28.65,0.96,-0.87
1681407974.33,625.4,3.00,4.096,41.2,29.75,21.117,-0.055,22.38,51.19,11.24,28.65,0.88,-0.75
1681407976.01,627.08,3.00,4.096,41.2,29.75,21.117,-0.066,22.24,49.48,12.97,28.65,0.81,-0.68
1681407977.68,628.75,3.00,4.096,40.6,29.75,21.126,-0.051,22.14,47.87,14.39,28.65,0.74,-0.62
1681407979.35,630.42,3.00,4.096,41.2,29.75,21.126,-0.073,22.09,45.45,16.01,28.65,0.64,-0.56
1681407981.02,632.09,3.00,4.096,41.2,29.75,21.126,-0.066,21.99,44.31,17.72,28.65,0.60,-0.49
1681407982.69,633.76,3.00,4.096,41.7,29.75,21.130,-0.055,21.85,43.36,18.69,28.65,0.56,-0.45
1681407984.36,635.43,3.00,4.096,41.2,29.75,21.130,-0.092,21.66,42.22,19.61,28.65,0.51,-0.41
1681407986.03,637.1,3.00,4.096,41.2,29.75,21.130,-0.081,21.51,41.03,20.34,28.65,0.46,-0.38
1681407987.70,638.77,3.00,4.096,41.2,29.75,21.126,-0.081,21.37,40.08,21.21,28.65,0.42,-0.35
1681407989.37,640.43,3.00,4.096,41.2,29.75,21.126,-0.051,21.22,39.22,21.36,28.65,0.39,-0.34
1681407991.03,642.1,3.00,4.096,41.2,29.75,21.060,-0.073,21.22,39.12,21.70,28.65,0.38,-0.33
1681407992.69,643.76,3.00,4.096,41.2,29.75,21.117,-0.132,20.69,37.93,22.23,28.65,0.33,-0.31
1681407994.36,645.43,3.00,4.096,41.2,29.75,21.117,-0.055,20.93,36.93,22.90,28.65,0.29,-0.28
1681407996.03,647.1,3.00,4.096,41.2,29.75,21.121,-0.092,20.79,36.21,23.43,28.65,0.26,-0.26
1681407997.70,648.77,3.00,4.096,41.2,29.75,21.121,-0.062,20.59,35.21,24.11,28.65,0.22,-0.23
1681407999.37,650.44,3.00,4.096,41.2,29.75,21.126,-0.070,20.45,34.40,24.49,28.65,0.19,-0.21
1681408001.04,652.11,3.00,4.096,41.2,29.75,21.117,-0.110,20.30,33.82,25.02,28.65,0.17,-0.19
1681408002.71,653.78,3.00,4.096,41.2,29.75,21.121,-0.077,19.91,33.25,25.36,28.65,0.14,-0.18
1681408004.37,655.44,3.00,4.096,41.2,29.75,21.121,-0.088,20.06,32.82,25.69,28.65,0.12,-0.17
1681408006.04,657.11,3.00,4.096,41.2,29.625,21.121,-0.029,19.79,32.26,25.81,28.52,0.11,-0.16
1681408007.71,658.78,3.00,4.096,41.2,29.75,21.117,-0.092,19.77,32.10,26.03,28.65,0.10,-0.15
1681408009.38,660.45,3.00,4.096,41.7,29.75,21.113,-0.081,19.67,32.29,26.03,28.65,0.10,-0.15
1681408011.04,662.11,3.00,4.096,41.7,29.75,21.117,-0.092,19.53,32.39,25.74,28.65,0.11,-0.16
1681408012.71,663.78,3.00,4.096,41.2,29.75,21.086,-0.088,18.51,32.05,25.74,28.65,0.09,-0.16
1681408014.38,665.45,3.00,4.096,41.2,29.75,21.113,-0.055,19.33,32.63,24.30,28.65,0.12,-0.22
1681408016.04,667.11,3.00,4.096,41.2,29.75,21.082,-0.085,19.48,32.29,24.73,28.65,0.10,-0.21
1681408017.71,668.78,3.00,4.096,41.2,29.75,21.086,0.022,19.53,31.67,25.45,28.65,0.08,-0.18
1681408019.38,670.45,3.00,4.096,41.7,29.75,21.095,0.000,19.58,31.62,25.98,28.65,0.08,-0.15
1681408021.05,672.12,3.00,4.096,40.6,29.75,21.095,-0.037,19.53,31.24,26.70,28.65,0.06,-0.12
1681408022.72,673.79,3.00,4.096,41.2,29.75,21.099,-0.073,19.38,31.19,25.88,28.65,0.06,-0.16
1681408024.39,675.46,3.00,4.096,41.2,29.75,20.893,0.110,19.67,33.58,20.73,28.65,0.16,-0.37
1681408026.05,677.12,3.00,4.096,41.2,29.75,20.625,0.570,20.45,41.03,12.28,28.65,0.46,-0.71
1681408027.73,678.8,4.00,4.096,41.2,29.75,20.695,0.154,21.03,47.06,-0.59,28.65,0.71,-1.21
1681408029.40,680.47,0.00,4.096,41.2,29.75,20.532,0.676,21.85,56.72,-13.61,28.65,1.11,-1.71
1681408031.07,682.14,0.00,4.096,41.2,29.75,20.269,0.162,23.88,63.69,-16.58,28.65,1.40,-1.82
1681408032.75,683.82,0.00,4.096,41.2,29.75,20.616,0.621,23.59,63.79,-17.74,28.65,1.40,-1.86
1681408034.44,685.51,0.00,4.096,41.2,29.75,20.642,0.382,23.15,68.35,-29.72,28.65,1.59,-2.30
1681408036.12,687.19,0.00,4.096,41.2,29.75,20.647,0.210,22.77,80.53,-44.59,28.65,2.10,-2.82
1681408037.79,688.86,4.00,4.096,41.2,29.75,20.651,0.665,22.43,93.66,-58.49,28.65,2.64,-3.29
1681408039.48,690.55,0.00,4.096,41.7,29.75,20.642,-0.077,22.19,91.21,-53.38,28.65,2.54,-3.12
1681408041.16,692.23,0.00,4.096,41.2,29.75,20.647,0.129,24.51,84.91,-46.12,28.65,2.28,-2.87
1681408042.84,693.91,0.00,4.096,41.2,29.75,20.647,-0.044,24.26,80.67,-40.42,28.65,2.10,-2.68
1681408044.53,695.6,0.00,4.096,41.7,29.75,20.655,-0.154,23.73,76.73,-33.98,28.65,1.94,-2.45
1681408046.20,697.27,0.00,4.096,41.2,29.75,20.669,-0.011,23.30,74.42,-33.32,28.65,1.84,-2.43
1681408047.89,698.96,4.00,4.096,41.2,29.75,20.673,0.114,22.91,74.28,-32.77,28.65,1.84,-2.41
1681408049.57,700.64,0.00,4.096,41.2,29.75,20.629,0.173,22.62,78.23,-42.89,28.65,2.00,-2.76
1681408051.25,702.32,0.00,4.096,41.2,29.75,20.431,1.342,25.81,93.80,-71.42,28.65,2.65,-3.71
1681408052.94,704.01,0.00,4.096,41.2,29.75,20.449,1.963,25.47,127.54,-119.48,28.65,4.04,-5.10
1681408054.61,705.68,0.00,4.096,41.7,29.75,20.418,0.996,24.84,140.18,-150.76,28.65,4.55,-5.85
1681408056.31,707.38,0.00,4.096,41.2,29.75,20.400,1.110,24.22,144.53,-160.61,28.65,4.72,-6.06
1681408058.02,709.09,4.00,4.096,41.2,29.75,20.387,1.427,23.78,163.03,-227.24,28.65,5.47,-7.16
1681408059.71,710.78,0.00,4.096,40.6,29.75,20.304,0.732,23.44,161.38,-194.66,28.65,5.40,-6.70
1681408061.39,712.46,0.00,4.096,41.2,29.75,20.330,0.893,28.21,145.84,-154.76,28.65,4.78,-5.94
1681408063.06,714.13,0.00,4.096,41.2,29.75,20.189,0.279,27.68,138.21,-146.33,28.65,4.47,-5.75
1681408064.74,715.81,0.00,4.096,41.7,29.75,20.176,1.640,26.72,147.97,-157.94,28.65,4.86,-6.01
1681408066.44,717.51,0.00,4.096,41.7,29.75,20.163,1.026,25.90,164.11,-197.66,28.65,5.51,-6.75
1681408068.13,719.2,4.00,4.096,41.7,29.75,20.159,1.147,25.18,164.60,-158.39,28.65,5.53,-6.02
1681408069.81,720.88,0.00,4.096,41.2,29.75,20.106,0.048,24.60,157.77,-174.82,28.65,5.26,-6.35
1681408071.51,722.57,0.00,4.096,41.2,29.75,19.666,0.386,30.13,167.33,-159.78,28.65,5.64,-6.05
1681408073.18,724.25,0.00,4.096,41.2,29.75,20.027,1.165,29.41,160.45,-135.27,28.65,5.37,-5.49
1681408074.86,725.93,0.00,4.096,41.2,29.75,20.075,-0.011,28.21,142.36,-98.55,28.65,4.64,-4.52
1681408076.54,727.61,0.00,4.096,41.7,29.75,20.097,-0.018,27.15,129.60,-71.36,28.65,4.12,-3.71
1681408078.24,729.31,4.00,4.096,41.2,29.75,20.110,-0.015,26.24,117.80,-52.04,28.65,3.64,-3.07
1681408079.92,730.99,0.00,4.096,41.2,29.625,20.233,-0.015,25.34,108.56,-39.78,28.52,3.26,-2.65
1681408081.61,732.67,0.00,4.096,41.7,29.75,20.968,-0.040,26.63,101.87,-29.55,28.65,2.98,-2.29
1681408083.29,734.36,0.00,4.096,41.7,29.75,21.007,-0.004,26.05,94.70,-20.91,28.65,2.68,-1.98
1681408084.96,736.03,0.00,4.096,41.2,29.75,21.007,-0.026,25.33,87.73,-12.93,28.65,2.39,-1.68
1681408086.63,737.69,0.00,4.096,42.2,29.75,21.007,-0.066,24.70,82.32,-7.30,28.65,2.17,-1.47
1681408088.30,739.37,4.00,4.096,41.2,29.75,21.003,-0.044,24.17,77.95,-2.41,28.65,1.99,-1.28
1681408089.97,741.04,0.00,4.096,41.7,29.625,21.003,-0.000,23.61,72.65,2.70,28.52,1.77,-1.08
1681408091.63,742.7,0.00,4.096,41.2,29.75,21.047,-0.033,24.41,68.03,6.88,28.65,1.58,-0.92
1681408093.31,744.38,3.00,4.096,41.2,29.75,21.051,-0.015,24.12,64.26,10.40,28.65,1.42,-0.78
1681408094.98,746.05,3.00,4.096,41.2,29.75,21.042,-0.026,23.59,60.40,14.20,28.65,1.26,-0.63
1681408096.64,747.71,3.00,4.096,41.2,29.75,21.060,-0.051,23.54,57.24,16.74,28.65,1.13,-0.53
1681408098.31,749.38,3.00,4.096,41.2,29.75,21.042,-0.073,23.54,54.59,18.74,28.65,1.02,-0.45
1681408099.98,751.05,3.00,4.096,41.2,29.75,21.069,-0.044,23.40,52.04,20.87,28.65,0.91,-0.36
1681408101.65,752.72,3.00,4.096,41.7,29.75,21.069,-0.062,23.15,49.58,22.71,28.65,0.81,-0.29
1681408103.32,754.39,3.00,4.096,41.7,29.75,21.064,-0.037,22.91,47.35,24.35,28.65,0.72,-0.22
1681408104.99,756.06,3.00,4.096,41.7,29.75,21.069,-0.048,22.67,45.26,25.45,28.65,0.63,-0.18
1681408106.66,757.73,3.00,4.096,41.7,29.75,21.064,-0.018,22.33,42.84,27.13,28.65,0.54,-0.11
1681408108.33,759.4,3.00,4.096,42.2,29.75,21.020,-0.015,22.04,40.60,28.75,28.65,0.44,-0.04
1681408109.99,761.06,3.00,4.096,42.2,29.75,21.060,-0.055,21.70,38.36,30.27,28.65,0.35,0.02
1681408111.66,762.73,3.00,4.096,41.2,29.75,21.060,-0.018,21.51,36.55,31.51,28.65,0.28,0.07
1681408113.33,764.4,3.00,4.096,41.2,29.75,21.055,-0.062,21.22,35.02,32.45,28.65,0.21,0.11
1681408115.00,766.07,3.00,4.096,41.7,29.75,21.055,-0.033,21.03,33.78,33.07,28.65,0.16,0.14
1681408116.67,767.74,3.00,4.096,42.2,29.75,21.047,-0.022,20.79,32.39,33.59,28.65,0.11,0.16
1681408118.34,769.41,3.00,4.096,41.2,29.75,21.051,-0.055,20.30,31.57,33.77,28.65,0.07,0.17
1681408120.01,771.08,3.00,4.096,41.7,29.75,21.047,-0.073,20.35,31.29,33.21,28.65,0.06,0.14
1681408121.68,772.75,3.00,4.096,41.7,29.75,21.042,-0.073,20.20,31.33,32.69,28.65,0.06,0.12
1681408123.35,774.42,3.00,4.096,42.2,29.75,21.038,-0.070,20.01,31.24,32.50,28.65,0.06,0.11
1681408125.02,776.09,3.00,4.096,41.2,29.75,21.033,-0.062,19.87,30.85,32.64,28.65,0.04,0.12
1681408126.69,777.76,3.00,4.096,42.2,29.75,21.029,-0.066,19.72,30.23,33.16,28.65,0.02,0.14
1681408128.35,779.42,3.00,4.096,42.2,29.75,21.007,-0.051,19.58,29.56,33.77,28.65,-0.01,0.17
1681408130.01,781.08,3.00,4.096,42.2,29.875,21.025,-0.044,19.56,28.91,34.56,28.77,-0.04,0.19
1681408131.68,782.75,3.00,4.096,42.2,29.875,21.025,-0.044,19.41,28.19,35.12,28.77,-0.07,0.22
1681408133.35,784.42,3.00,4.096,42.2,29.875,21.025,-0.059,19.31,27.66,35.50,28.77,-0.09,0.23
1681408135.01,786.08,3.00,4.096,42.2,29.75,21.016,-0.055,19.04,27.11,35.70,28.65,-0.11,0.25
1681408136.68,787.75,3.00,4.096,42.2,29.875,21.016,-0.062,19.07,26.99,35.83,28.77,-0.12,0.25
1681408138.34,789.41,3.00,4.096,42.2,29.875,21.011,-0.055,18.93,26.75,35.87,28.77,-0.13,0.25
1681408140.02,791.09,3.00,4.096,41.7,29.875,21.007,-0.051,18.83,26.41,36.11,28.77,-0.14,0.26
1681408141.68,792.75,3.00,4.096,42.2,29.875,21.007,-0.081,18.73,26.17,36.11,28.77,-0.15,0.26
1681408143.35,794.42,3.00,4.096,42.2,29.875,21.003,-0.059,18.59,25.84,36.30,28.77,-0.16,0.27
1681408145.01,796.08,3.00,4.096,41.2,29.875,21.003,-0.070,18.54,25.64,36.06,28.77,-0.17,0.26
1681408146.66,797.73,3.00,4.096,42.2,29.875,20.998,-0.088,18.49,25.79,35.97,28.77,-0.17,0.25
1681408148.32,799.39,3.00,4.096,42.2,29.875,20.994,-0.066,18.39,25.50,36.11,28.77,-0.18,0.26
1681408149.98,801.05,3.00,4.096,41.7,29.875,20.994,-0.070,18.30,25.11,36.44,28.77,-0.19,0.27
1681408151.64,802.71,3.00,4.096,42.2,29.875,20.989,-0.018,18.25,24.58,36.90,28.77,-0.21,0.29
1681408153.30,804.37,3.00,4.096,42.2,29.875,20.985,-0.033,18.15,24.10,37.23,28.77,-0.23,0.30
1681408154.97,806.04,3.00,4.096,42.2,29.875,20.981,-0.066,18.10,23.91,37.28,28.77,-0.24,0.31
1681408156.64,807.71,3.00,4.096,42.2,29.875,20.976,-0.055,18.00,23.67,37.47,28.77,-0.25,0.31
1681408158.31,809.38,3.00,4.096,42.2,29.875,20.972,-0.070,17.96,23.42,37.75,28.77,-0.26,0.33
1681408159.97,811.04,3.00,4.096,41.2,29.875,20.972,-0.070,17.91,23.28,37.84,28.77,-0.27,0.33
1681408161.64,812.7,3.00,4.096,42.2,29.875,20.968,-0.066,17.86,23.23,37.89,28.77,-0.27,0.33
1681408163.31,814.38,3.00,4.096,42.2,29.875,20.963,-0.029,17.81,22.94,38.07,28.77,-0.28,0.34
1681408164.98,816.05,3.00,4.096,42.2,29.875,20.959,-0.070,17.81,22.75,38.26,28.77,-0.29,0.35
1681408166.64,817.71,3.00,4.096,42.8,29.875,20.954,-0.059,17.76,22.56,38.35,28.77,-0.30,0.35
1681408168.31,819.38,3.00,4.096,42.2,30.0,20.954,-0.073,17.84,22.68,38.52,28.90,-0.30,0.35
1681408169.97,821.04,3.00,4.096,42.2,30.0,20.950,-0.073,17.74,22.58,38.52,28.90,-0.30,0.35
1681408171.64,822.71,3.00,4.096,41.7,30.0,20.946,-0.085,17.74,22.58,38.48,28.90,-0.30,0.35
1681408173.32,824.39,3.00,4.096,42.2,30.0,20.941,-0.081,17.69,22.73,38.29,28.90,-0.29,0.34
1681408174.98,826.05,3.00,4.096,42.2,30.0,20.902,-0.055,17.69,22.49,38.24,28.90,-0.30,0.34
1681408176.65,827.72,3.00,4.096,42.2,30.0,20.937,-0.059,17.65,22.54,38.34,28.90,-0.30,0.35
1681408178.32,829.39,3.00,4.096,42.2,29.875,20.932,-0.059,17.47,22.36,38.21,28.77,-0.30,0.35
1681408179.99,831.05,3.00,4.096,42.2,30.0,20.928,-0.040,17.60,22.44,38.34,28.90,-0.31,0.35
1681408181.65,832.72,3.00,4.096,42.8,30.0,20.928,-0.037,17.60,22.29,38.52,28.90,-0.31,0.35
1681408183.32,834.39,3.00,4.096,42.2,30.0,20.924,-0.062,17.55,22.25,36.98,28.90,-0.31,0.29
1681408184.99,836.06,3.00,4.096,42.2,30.0,20.880,-0.096,17.55,24.95,37.03,28.90,-0.21,0.29
1681408186.66,837.73,3.00,4.096,42.2,30.0,20.910,-0.044,17.55,24.61,37.17,28.90,-0.22,0.30
1681408188.33,839.4,3.00,4.096,42.2,30.0,20.910,-0.088,17.55,24.66,37.12,28.90,-0.22,0.29
1681408190.00,841.07,3.00,4.096,42.2,30.0,20.902,-0.048,17.50,25.58,36.23,28.90,-0.18,0.26
1681408191.67,842.74,3.00,4.096,42.8,30.0,20.893,-0.085,17.55,25.38,32.98,28.90,-0.19,0.12
1681408193.34,844.41,3.00,4.096,42.2,30.0,20.405,0.592,18.03,38.61,18.51,28.90,0.35,-0.47
1681408195.00,846.07,3.00,4.096,42.2,30.0,20.357,0.419,18.91,49.78,12.49,28.90,0.81,-0.71
1681408196.67,847.74,3.00,4.096,42.2,30.0,20.400,0.107,19.39,50.49,10.61,28.90,0.84,-0.78
1681408198.34,849.41,4.00,4.096,42.2,30.0,20.189,0.882,19.73,57.81,0.84,28.90,1.14,-1.16
1681408200.01,851.08,0.00,4.096,42.8,30.0,20.172,0.184,20.36,65.45,-1.23,28.90,1.46,-1.24
1681408201.68,852.75,0.00,4.096,42.2,30.0,20.308,-0.162,21.38,64.74,-2.04,28.90,1.43,-1.28
1681408203.35,854.42,0.00,4.096,42.8,30.125,20.405,0.073,21.36,69.95,-7.41,29.02,1.64,-1.49
1681408205.04,856.11,0.00,4.096,42.8,30.0,20.378,1.158,21.04,79.46,-23.13,28.90,2.04,-2.07
1681408206.71,857.78,0.00,4.096,42.8,30.125,20.409,0.739,21.07,102.52,-43.12,29.02,2.99,-2.79
1681408208.38,859.45,4.00,4.096,42.8,30.125,20.414,0.143,20.92,101.67,-46.64,29.02,2.96,-2.91
1681408210.06,861.13,0.00,4.096,42.8,30.125,20.431,1.096,20.83,97.33,-39.03,29.02,2.78,-2.64
1681408211.74,862.81,0.00,4.096,42.2,30.125,19.350,0.500,23.00,130.17,-91.21,29.02,4.13,-4.33
1681408213.42,864.49,0.00,4.096,42.2,30.125,19.178,1.007,22.95,136.56,-106.76,29.02,4.39,-4.77
1681408215.08,866.15,0.00,4.096,42.8,30.125,19.240,0.485,22.57,138.00,-108.18,29.02,4.45,-4.81
1681408216.75,867.82,0.00,4.096,42.2,30.125,19.275,0.327,22.23,126.29,-88.44,29.02,3.97,-4.24
1681408218.43,869.5,4.00,4.096,42.2,30.125,19.297,0.224,21.94,117.08,-76.42,29.02,3.59,-3.88
1681408220.10,871.17,0.00,4.096,42.2,30.125,19.407,1.331,21.74,120.37,-84.00,29.02,3.73,-4.11
1681408221.78,872.85,0.00,4.096,42.2,30.125,19.996,1.375,24.11,117.46,-86.99,29.02,3.61,-4.20
1681408223.46,874.53,0.00,4.096,42.2,30.125,20.185,0.643,23.87,119.32,-88.17,29.02,3.68,-4.24
1681408225.14,876.21,0.00,4.096,42.2,30.125,20.211,0.548,23.39,116.84,-98.21,29.02,3.58,-4.53
1681408226.82,877.89,0.00,4.096,42.2,30.125,20.211,1.904,22.95,140.70,-160.25,29.02,4.55,-6.07
1681408228.51,879.58,4.00,4.096,42.2,30.125,20.211,1.077,22.61,142.20,-140.02,29.02,4.62,-5.62
1681408230.21,881.28,0.00,4.096,42.2,30.125,20.211,0.184,22.32,130.51,-115.19,29.02,4.14,-5.00
1681408231.89,882.96,0.00,4.096,42.2,30.125,20.695,0.004,24.11,118.98,-92.68,29.02,3.67,-4.37
1681408233.58,884.65,0.00,4.096,42.2,30.125,20.677,-0.073,23.87,109.39,-76.23,29.02,3.28,-3.87
1681408235.25,886.31,0.00,4.096,42.8,30.125,20.677,-0.037,23.39,102.62,-66.35,29.02,3.00,-3.56
1681408236.93,888.0,0.00,4.096,42.8,30.125,20.677,0.529,22.95,97.47,-57.13,29.02,2.78,-3.26
1681408238.61,889.68,4.00,4.096,42.2,30.125,20.677,0.029,22.61,92.43,-47.79,29.02,2.57,-2.95
1681408240.30,891.36,0.00,4.096,42.2,30.125,20.673,0.360,22.32,87.20,-40.20,29.02,2.36,-2.68
1681408241.97,893.04,0.00,4.096,42.8,30.125,20.778,-0.040,24.06,81.47,-31.41,29.02,2.12,-2.37
1681408243.64,894.71,0.00,4.096,42.8,30.125,20.814,-0.059,23.77,76.15,-24.11,29.02,1.90,-2.11
1681408245.33,896.4,0.00,4.096,42.8,30.125,20.809,-0.026,23.34,71.54,-20.54,29.02,1.71,-1.98
1681408246.99,898.06,0.00,4.096,42.8,30.125,20.805,0.033,22.95,67.88,-15.65,29.02,1.55,-1.80
1681408248.66,899.73,4.00,4.096,42.2,30.125,20.805,-0.029,22.57,64.82,-12.00,29.02,1.43,-1.66
1681408250.33,901.4,0.00,4.096,42.8,30.125,20.796,-0.048,22.28,62.27,-9.21,29.02,1.32,-1.55
1681408252.00,903.07,0.00,4.096,42.8,30.125,20.822,-0.029,22.95,60.76,-6.03,29.02,1.26,-1.43
1681408253.67,904.74,0.00,4.096,42.8,30.125,20.822,-0.026,22.76,59.68,-1.76,29.02,1.21,-1.27
1681408255.33,906.4,0.00,4.096,42.8,30.125,20.814,-0.051,22.42,57.23,1.17,29.02,1.11,-1.16
1681408257.00,908.07,0.00,4.096,43.3,30.125,20.814,-0.077,22.13,54.53,3.88,29.02,1.00,-1.05
1681408258.67,909.74,4.00,4.096,42.8,30.125,20.805,-0.037,21.89,53.26,4.93,29.02,0.95,-1.01
1681408260.33,911.4,0.00,4.096,42.8,30.125,20.770,-0.070,20.63,51.32,6.67,29.02,0.87,-0.94
1681408262.01,913.07,0.00,4.096,42.2,30.125,20.818,-0.015,21.89,49.47,8.66,29.02,0.79,-0.86
1681408263.68,914.75,3.00,4.096,42.2,30.125,20.814,-0.055,21.74,48.67,10.15,29.02,0.76,-0.80
1681408265.35,916.42,3.00,4.096,42.8,30.125,20.809,-0.051,21.50,46.49,11.43,29.02,0.67,-0.75
1681408267.01,918.08,3.00,4.096,42.8,30.125,20.814,-0.073,21.41,44.68,12.91,29.02,0.60,-0.70
1681408268.69,919.76,3.00,4.096,42.8,30.125,20.809,0.018,21.26,43.02,14.44,29.02,0.53,-0.63
1681408270.35,921.42,3.00,4.096,42.8,30.125,20.809,-0.092,21.12,42.40,16.35,29.02,0.50,-0.56
1681408272.02,923.09,3.00,4.096,42.8,30.125,20.805,-0.029,20.87,41.12,18.73,29.02,0.45,-0.46
1681408273.69,924.76,3.00,4.096,42.2,30.125,20.805,-0.059,20.63,39.88,20.58,29.02,0.40,-0.39
1681408275.36,926.43,3.00,4.096,42.2,30.125,20.800,-0.018,20.58,38.16,22.08,29.02,0.33,-0.33
1681408277.02,928.09,3.00,4.096,43.3,30.125,20.800,-0.062,20.34,36.87,22.71,29.02,0.28,-0.30
1681408278.71,929.78,3.00,4.096,42.8,30.125,20.796,0.018,20.15,36.11,23.72,29.02,0.24,-0.26
1681408280.38,931.45,3.00,4.096,42.8,30.125,20.792,-0.026,19.95,35.63,24.34,29.02,0.22,-0.24
1681408282.04,933.11,3.00,4.096,42.8,30.125,20.787,-0.018,19.76,35.06,25.45,29.02,0.20,-0.19
1681408283.71,934.78,3.00,4.096,42.2,30.125,20.787,-0.062,19.61,34.68,26.21,29.02,0.19,-0.16
1681408285.38,936.45,3.00,4.096,43.3,30.125,20.783,-0.037,19.42,33.96,26.93,29.02,0.16,-0.13
1681408287.05,938.12,3.00,4.096,42.8,30.125,20.778,-0.059,19.28,33.77,27.79,29.02,0.15,-0.10
1681408288.72,939.79,3.00,4.096,42.8,30.125,20.774,-0.062,19.18,33.10,28.17,29.02,0.12,-0.08
1681408290.39,941.46,3.00,4.096,42.8,30.125,20.770,-0.048,19.03,32.47,28.27,29.02,0.10,-0.08
1681408292.05,943.12,3.00,4.096,42.8,30.125,20.757,-0.059,18.94,32.33,28.51,29.02,0.09,-0.07
1681408293.72,944.79,3.00,4.096,42.8,30.125,20.765,-0.044,18.84,31.37,29.27,29.02,0.05,-0.04
1681408295.38,946.45,3.00,4.096,42.8,30.25,20.761,-0.048,18.87,31.07,29.96,29.15,0.03,-0.01
1681408297.05,948.12,3.00,4.096,43.3,30.125,20.761,-0.062,18.55,30.46,30.17,29.02,0.01,0.00
1681408298.71,949.78,3.00,4.096,42.8,30.25,20.757,-0.051,18.63,30.20,30.72,29.15,-0.00,0.02
1681408300.38,951.45,3.00,4.096,42.8,30.125,20.752,-0.037,18.45,29.36,31.17,29.02,-0.03,0.04
1681408302.04,953.11,3.00,4.096,42.8,30.25,20.735,-0.044,18.48,29.15,31.77,29.15,-0.04,0.06
1681408303.71,954.78,3.00,4.096,42.8,30.125,20.748,-0.051,18.26,28.73,32.26,29.02,-0.06,0.09
1681408305.38,956.45,3.00,4.096,42.8,30.25,20.743,-0.051,18.29,28.43,32.48,29.15,-0.07,0.09
1681408307.02,958.09,3.00,4.096,43.3,30.25,20.739,-0.051,18.24,28.09,32.81,29.15,-0.09,0.11
1681408308.68,959.75,3.00,4.096,42.8,30.25,20.735,-0.033,18.14,27.66,33.00,29.15,-0.11,0.11
1681408310.34,961.41,3.00,4.096,42.8,30.25,20.735,-0.029,18.09,27.27,33.56,29.15,-0.12,0.14
1681408311.98,963.05,3.00,4.096,43.3,30.25,20.730,-0.048,18.00,27.13,34.03,29.15,-0.13,0.16
1681408313.65,964.71,3.00,4.096,42.8,30.25,20.730,-0.051,17.95,26.98,34.36,29.15,-0.13,0.17
1681408315.31,966.38,3.00,4.096,42.8,30.25,20.726,-0.073,17.85,26.89,34.69,29.15,-0.14,0.18
1681408316.98,968.05,3.00,4.096,43.3,30.25,20.721,-0.040,17.85,26.74,34.60,29.15,-0.14,0.18
1681408318.65,969.72,3.00,4.096,43.3,30.25,20.717,-0.015,17.80,26.40,34.51,29.15,-0.16,0.18
1681408320.31,971.38,3.00,4.096,43.3,30.25,20.717,-0.040,17.75,26.12,34.46,29.15,-0.17,0.17
1681408321.98,973.05,3.00,4.096,42.8,30.125,20.713,-0.055,17.63,25.56,34.38,29.02,-0.19,0.18
1681408323.65,974.72,3.00,4.096,42.8,30.25,20.713,-0.033,17.70,25.54,34.22,29.15,-0.19,0.16
1681408325.31,976.38,3.00,4.096,43.3,30.25,20.708,-0.059,17.66,25.25,33.99,29.15,-0.20,0.15
1681408326.98,978.05,3.00,4.096,43.3,30.25,20.704,-0.044,17.61,25.39,33.66,29.15,-0.20,0.14
1681408328.65,979.72,3.00,4.096,43.3,30.25,20.699,-0.062,17.56,25.54,33.75,29.15,-0.19,0.14
1681408330.31,981.38,3.00,4.096,42.8,30.25,20.699,-0.055,17.51,25.54,33.94,29.15,-0.19,0.15
1681408331.97,983.04,3.00,4.096,43.3,30.25,20.695,-0.103,17.51,25.44,33.80,29.15,-0.20,0.15
1681408333.64,984.71,3.00,4.096,42.8,30.25,20.695,-0.029,17.51,25.63,33.89,29.15,-0.19,0.15
1681408335.30,986.37,3.00,4.096,43.3,30.25,20.691,-0.051,17.46,25.54,34.32,29.15,-0.19,0.17
1681408336.97,988.04,3.00,4.096,43.3,30.25,20.691,-0.037,17.41,25.59,34.60,29.15,-0.19,0.18
1681408338.64,989.71,3.00,4.096,42.8,30.25,20.686,-0.059,17.41,25.35,34.98,29.15,-0.20,0.20
1681408340.31,991.38,3.00,4.096,43.3,30.25,20.682,-0.029,17.36,25.15,35.49,29.15,-0.21,0.22
1681408341.98,993.05,3.00,4.096,43.3,30.25,20.647,0.180,17.41,25.92,34.18,29.15,-0.18,0.16
1681408343.64,994.71,3.00,4.096,42.8,30.25,20.629,-0.051,17.46,26.69,33.04,29.15,-0.14,0.12
1681408345.32,996.38,3.00,4.096,42.8,30.25,20.550,0.066,17.56,27.03,32.81,29.15,-0.13,0.11
1681408346.98,998.05,3.00,4.096,43.9,30.25,20.664,-0.066,17.51,26.45,33.56,29.15,-0.15,0.14
1681408348.65,999.72,3.00,4.096,43.3,30.25,20.669,-0.151,17.46,26.12,34.18,29.15,-0.17,0.16
1681408350.32,1001.39,3.00,4.096,43.3,30.25,20.669,-0.066,17.41,25.63,34.69,29.15,-0.19,0.18
1681408351.99,1003.06,3.00,4.096,42.8,30.25,20.585,0.062,17.46,26.07,34.22,29.15,-0.17,0.16
1681408353.66,1004.73,3.00,4.096,42.8,30.25,20.655,-0.007,17.46,25.63,34.69,29.15,-0.19,0.18
1681408355.33,1006.4,3.00,4.096,43.3,30.375,20.647,0.007,17.54,25.81,34.35,29.27,-0.19,0.16
1681408356.99,1008.06,3.00,4.096,43.3,30.375,20.422,0.037,17.83,26.92,32.88,29.27,-0.14,0.10
1681408358.66,1009.73,3.00,4.096,43.3,30.375,20.633,-0.077,17.73,26.29,34.16,29.27,-0.17,0.16
1681408360.33,1011.4,3.00,4.096,43.3,30.375,20.647,-0.070,17.64,25.66,35.01,29.27,-0.19,0.19
1681408362.00,1013.07,3.00,4.096,43.3,30.375,20.502,-0.000,17.73,27.83,30.99,29.27,-0.10,0.03
1681408363.66,1014.73,3.00,4.096,43.3,30.375,20.611,-0.018,17.78,27.73,32.60,29.27,-0.11,0.09
1681408365.33,1016.4,3.00,4.096,43.3,30.375,20.625,-0.081,17.69,27.30,33.50,29.27,-0.12,0.13
1681408367.00,1018.07,3.00,4.096,43.3,30.375,20.638,-0.051,17.64,26.77,34.25,29.27,-0.15,0.16
1681408368.67,1019.74,3.00,4.096,43.9,30.25,20.638,-0.000,17.46,26.69,30.96,29.15,-0.14,0.03
1681408370.34,1021.41,3.00,4.096,43.3,30.375,20.554,-0.051,17.73,28.93,31.80,29.27,-0.06,0.06
1681408372.01,1023.08,3.00,4.096,43.3,30.375,20.629,0.000,17.69,27.93,32.79,29.27,-0.10,0.10
1681408373.67,1024.74,3.00,4.096,43.3,30.375,20.620,-0.055,17.59,27.93,32.84,29.27,-0.10,0.10
1681408375.34,1026.41,3.00,4.096,42.8,30.375,20.620,-0.044,17.59,27.30,33.92,29.27,-0.12,0.15
1681408377.01,1028.08,3.00,4.096,43.3,30.375,20.625,-0.062,17.54,26.92,34.49,29.27,-0.14,0.17
1681408378.68,1029.75,3.00,4.096,43.3,30.375,20.625,-0.081,17.49,26.48,35.24,29.27,-0.16,0.20
1681408380.35,1031.42,3.00,4.096,43.3,30.375,20.625,-0.070,17.44,26.05,35.99,29.27,-0.18,0.23
1681408382.02,1033.08,3.00,4.096,43.3,30.375,20.625,-0.015,17.39,25.47,36.60,29.27,-0.20,0.26
1681408383.68,1034.75,3.00,4.096,42.8,30.375,20.620,-0.044,17.35,24.94,37.16,29.27,-0.22,0.28
1681408385.35,1036.42,3.00,4.096,43.9,30.375,20.620,-0.055,17.30,24.60,37.63,29.27,-0.23,0.30
1681408387.02,1038.09,3.00,4.096,43.3,30.375,20.616,-0.088,17.25,24.27,37.91,29.27,-0.25,0.31
1681408388.69,1039.76,3.00,4.096,43.3,30.375,20.616,-0.055,17.25,24.12,38.15,29.27,-0.25,0.32
1681408390.36,1041.43,3.00,4.096,43.3,30.375,20.611,-0.055,17.20,23.73,38.52,29.27,-0.27,0.34
1681408392.02,1043.09,3.00,4.096,43.3,30.375,20.611,-0.029,17.15,23.54,38.89,29.27,-0.28,0.35
1681408393.69,1044.76,3.00,4.096,43.3,30.375,20.572,-0.000,17.15,23.06,39.22,29.27,-0.30,0.37
1681408395.37,1046.44,3.00,4.096,43.3,30.375,20.607,-0.048,17.10,22.82,39.55,29.27,-0.31,0.38
1681408397.03,1048.1,3.00,4.096,43.3,30.375,20.607,-0.037,17.05,22.62,39.59,29.27,-0.31,0.38
1681408398.70,1049.77,3.00,4.096,43.9,30.375,20.603,-0.059,17.01,22.77,39.22,29.27,-0.31,0.37
1681408400.37,1051.44,3.00,4.096,43.3,30.375,20.603,-0.062,17.01,23.06,38.57,29.27,-0.30,0.34
1681408402.04,1053.11,3.00,4.096,43.9,30.375,20.598,-0.085,16.91,23.78,37.35,29.27,-0.27,0.29
1681408403.70,1054.77,3.00,4.096,43.3,30.375,20.598,-0.059,17.01,23.83,37.35,29.27,-0.27,0.29
1681408405.37,1056.44,3.00,4.096,43.3,30.375,20.594,-0.033,16.96,23.69,37.54,29.27,-0.27,0.30
1681408407.04,1058.11,3.00,4.096,43.9,30.375,20.594,-0.029,16.96,23.78,37.54,29.27,-0.27,0.30
1681408408.71,1059.78,3.00,4.096,43.3,30.5,20.589,-0.004,17.08,23.76,37.80,29.40,-0.27,0.30
1681408410.38,1061.45,3.00,4.096,43.3,30.5,20.585,-0.051,17.08,23.76,38.08,29.40,-0.27,0.31
1681408412.04,1063.11,3.00,4.096,43.3,30.375,20.585,-0.062,16.91,23.49,37.96,29.27,-0.28,0.31
1681408413.71,1064.78,3.00,4.096,43.3,30.5,20.585,-0.029,17.03,24.10,37.71,29.40,-0.26,0.30
1681408415.38,1066.45,3.00,4.096,43.3,30.5,20.581,-0.011,16.99,23.86,38.04,29.40,-0.27,0.31
1681408417.05,1068.12,3.00,4.096,43.3,30.375,20.581,-0.059,16.86,23.64,37.91,29.27,-0.27,0.31
1681408418.72,1069.79,3.00,4.096,43.3,30.5,20.581,-0.048,16.99,23.81,37.90,29.40,-0.27,0.31
1681408420.38,1071.45,3.00,4.096,43.3,30.5,20.576,-0.044,16.94,23.76,37.90,29.40,-0.27,0.31
1681408422.05,1073.12,3.00,4.096,43.3,30.5,20.576,-0.062,16.94,23.67,37.99,29.40,-0.28,0.31
1681408423.71,1074.78,3.00,4.096,43.3,30.5,20.572,-0.048,16.94,23.38,38.36,29.40,-0.29,0.33
1681408425.38,1076.45,3.00,4.096,42.8,30.5,20.572,-0.048,16.94,23.04,38.78,29.40,-0.30,0.34
1681408427.04,1078.11,3.00,4.096,43.3,30.5,20.567,-0.070,16.89,22.75,39.16,29.40,-0.31,0.36
1681408428.71,1079.78,3.00,4.096,43.3,30.5,20.567,-0.033,16.89,22.51,39.48,29.40,-0.32,0.37
1681408430.38,1081.45,3.00,4.096,43.3,30.5,20.567,-0.066,16.84,22.27,39.76,29.40,-0.33,0.38
1681408432.04,1083.11,3.00,4.096,43.9,30.5,20.563,-0.051,16.84,22.12,39.95,29.40,-0.34,0.39
1681408433.71,1084.78,3.00,4.096,43.3,30.5,20.563,-0.073,16.84,22.17,39.76,29.40,-0.34,0.38
1681408435.37,1086.44,3.00,4.096,43.3,30.5,20.563,-0.062,16.79,22.41,39.57,29.40,-0.33,0.38
1681408437.04,1088.11,3.00,4.096,43.9,30.5,20.559,-0.026,16.79,22.32,39.57,29.40,-0.33,0.38
1681408438.71,1089.78,3.00,4.096,43.3,30.5,20.559,-0.033,16.79,22.07,39.53,29.40,-0.34,0.38
1681408440.37,1091.44,3.00,4.096,43.9,30.5,20.554,-0.066,16.79,21.98,39.30,29.40,-0.35,0.37
1681408442.04,1093.1,3.00,4.096,44.4,30.5,20.554,-0.062,16.74,22.36,39.02,29.40,-0.33,0.35
1681408443.71,1094.78,3.00,4.096,43.9,30.5,20.554,-0.062,16.74,22.61,38.97,29.40,-0.32,0.35
1681408445.38,1096.45,3.00,4.096,43.3,30.5,20.554,-0.062,16.74,22.99,38.46,29.40,-0.30,0.33
1681408447.04,1098.11,3.00,4.096,43.9,30.5,20.550,-0.081,16.74,23.38,37.71,29.40,-0.29,0.30
1681408448.71,1099.78,3.00,4.096,44.4,30.5,20.550,-0.085,16.40,23.96,36.77,29.40,-0.27,0.26
1681408450.38,1101.45,3.00,4.096,43.3,30.5,20.546,-0.085,16.74,24.63,36.26,29.40,-0.24,0.24
1681408452.05,1103.11,3.00,4.096,43.3,30.5,20.546,-0.081,16.74,24.63,36.26,29.40,-0.24,0.24
1681408453.72,1104.79,3.00,4.096,43.3,30.5,20.546,-0.088,16.69,24.87,35.74,29.40,-0.23,0.22
1681408455.38,1106.45,3.00,4.096,43.3,30.5,20.541,-0.073,16.74,24.92,35.51,29.40,-0.23,0.21
1681408457.05,1108.12,3.00,4.096,43.3,30.5,20.541,-0.077,16.79,25.16,35.32,29.40,-0.22,0.20
1681408458.72,1109.79,3.00,4.096,43.3,30.5,20.541,-0.096,16.60,25.55,34.94,29.40,-0.20,0.18
1681408460.40,1111.47,3.00,4.096,43.3,30.5,20.537,-0.118,16.79,25.89,34.80,29.40,-0.19,0.18
1681408462.07,1113.14,3.00,4.096,43.9,30.5,20.537,-0.062,16.79,25.36,35.88,29.40,-0.21,0.22
1681408463.74,1114.81,3.00,4.096,43.9,30.5,20.537,-0.073,16.74,24.87,36.68,29.40,-0.23,0.26
1681408465.41,1116.48,3.00,4.096,43.9,30.5,20.537,-0.096,16.74,24.63,37.15,29.40,-0.24,0.28
1681408467.08,1118.14,3.00,4.096,43.3,30.5,20.537,-0.062,16.74,24.44,37.52,29.40,-0.25,0.29
1681408468.74,1119.81,3.00,4.096,43.9,30.5,20.532,-0.055,16.74,23.96,38.08,29.40,-0.27,0.31
1681408470.41,1121.48,3.00,4.096,43.3,30.5,20.532,-0.040,16.69,23.52,38.55,29.40,-0.28,0.33
1681408472.08,1123.14,3.00,4.096,43.3,30.5,20.528,-0.081,16.69,23.23,38.83,29.40,-0.29,0.35
1681408473.75,1124.82,3.00,4.096,43.9,30.5,20.528,-0.048,16.69,22.99,39.20,29.40,-0.30,0.36
1681408475.42,1126.49,3.00,4.096,43.9,30.5,20.528,-0.077,16.69,22.80,39.44,29.40,-0.31,0.37
1681408477.08,1128.15,3.00,4.096,43.9,30.5,20.524,-0.081,16.69,22.99,39.16,29.40,-0.30,0.36
1681408478.76,1129.83,3.00,4.096,43.3,30.5,20.524,-0.088,16.69,23.33,38.92,29.40,-0.29,0.35
1681408480.42,1131.49,3.00,4.096,43.9,30.5,20.524,-0.096,16.65,23.18,39.02,29.40,-0.30,0.35
1681408482.09,1133.16,3.00,4.096,43.3,30.5,20.519,-0.066,16.69,22.99,39.16,29.40,-0.30,0.36
1681408483.76,1134.83,3.00,4.096,43.3,30.5,20.480,-0.077,16.65,22.75,38.92,29.40,-0.31,0.35
1681408485.43,1136.5,3.00,4.096,43.3,30.5,20.506,-0.055,16.69,22.85,39.02,29.40,-0.31,0.35
1681408487.10,1138.17,3.00,4.096,43.9,30.5,20.515,-0.048,16.69,22.70,39.06,29.40,-0.32,0.36
1681408488.77,1139.84,3.00,4.096,43.3,30.5,20.515,-0.051,16.69,22.51,39.34,29.40,-0.32,0.37
1681408490.44,1141.51,3.00,4.096,43.3,30.5,20.515,-0.051,16.69,22.36,39.44,29.40,-0.33,0.37
1681408492.10,1143.17,3.00,4.096,43.3,30.5,20.515,-0.066,16.69,22.27,39.48,29.40,-0.33,0.37
1681408493.78,1144.84,3.00,4.096,43.3,30.5,20.515,-0.044,16.69,21.88,39.76,29.40,-0.35,0.38
1681408495.44,1146.51,3.00,4.096,43.9,30.5,20.515,-0.073,16.69,21.59,40.04,29.40,-0.36,0.40
1681408497.11,1148.18,3.00,4.096,43.3,30.5,20.510,-0.077,16.65,21.35,40.32,29.40,-0.37,0.41
1681408498.78,1149.85,3.00,4.096,43.3,30.5,20.510,-0.062,16.65,21.11,40.51,29.40,-0.38,0.42
1681408500.44,1151.51,3.00,4.096,43.3,30.5,20.510,-0.040,16.65,21.01,40.65,29.40,-0.38,0.42
1681408502.11,1153.18,3.00,4.096,43.3,30.5,20.510,-0.077,16.65,20.82,40.74,29.40,-0.39,0.43
1681408503.78,1154.85,3.00,4.096,44.4,30.5,20.510,-0.092,16.60,20.62,40.83,29.40,-0.40,0.43
1681408505.45,1156.51,3.00,4.096,43.3,30.5,20.510,-0.081,16.65,20.53,40.83,29.40,-0.40,0.43
1681408507.11,1158.18,3.00,4.096,43.3,30.5,20.506,-0.055,16.65,20.53,40.60,29.40,-0.40,0.42
1681408508.78,1159.84,3.00,4.096,43.9,30.5,20.506,-0.088,16.65,20.43,40.41,29.40,-0.41,0.41
1681408510.44,1161.51,3.00,4.096,43.3,30.5,20.506,-0.059,16.69,20.38,40.13,29.40,-0.41,0.40
1681408512.11,1163.18,3.00,4.096,43.3,30.5,20.506,-0.077,16.65,20.43,40.13,29.40,-0.41,0.40
1681408513.78,1164.84,3.00,4.096,43.3,30.5,20.506,-0.059,16.11,20.33,40.32,29.40,-0.41,0.41
1681408515.44,1166.51,3.00,4.096,43.9,30.5,20.502,-0.081,16.65,20.43,40.27,29.40,-0.41,0.41
1681408517.10,1168.17,3.00,4.096,43.3,30.5,20.502,-0.081,16.65,20.57,39.90,29.40,-0.40,0.39
1681408518.77,1169.84,3.00,4.096,43.3,30.5,20.502,-0.088,16.65,20.67,39.95,29.40,-0.40,0.39
1681408520.44,1171.51,3.00,4.096,44.4,30.5,20.502,-0.062,16.60,20.62,40.09,29.40,-0.40,0.40
1681408522.11,1173.17,3.00,4.096,44.4,30.5,20.502,-0.099,16.65,20.53,40.23,29.40,-0.40,0.40
1681408523.77,1174.84,3.00,4.096,43.9,30.5,20.497,-0.018,16.65,20.57,40.04,29.40,-0.40,0.40
1681408525.44,1176.51,3.00,4.096,43.3,30.5,20.497,-0.066,16.69,20.57,40.04,29.40,-0.40,0.40
1681408527.11,1178.18,3.00,4.096,43.3,30.5,20.497,-0.070,16.69,20.57,39.99,29.40,-0.40,0.39
1681408528.78,1179.85,3.00,4.096,43.9,30.5,20.497,-0.077,16.69,20.48,39.85,29.40,-0.41,0.39
1681408530.45,1181.52,3.00,4.096,43.9,30.5,20.502,-0.073,16.69,20.53,39.76,29.40,-0.40,0.38
1681408532.12,1183.19,3.00,4.096,43.3,30.5,20.497,-0.011,16.69,20.48,39.62,29.40,-0.41,0.38
1681408533.79,1184.86,3.00,4.096,43.3,30.5,20.497,-0.092,16.69,20.38,39.44,29.40,-0.41,0.37
1681408535.45,1186.52,3.00,4.096,43.9,30.5,20.497,-0.077,16.69,20.38,39.25,29.40,-0.41,0.36
1681408537.12,1188.19,3.00,4.096,43.3,30.5,20.497,-0.099,16.65,20.57,39.11,29.40,-0.40,0.36
1681408538.79,1189.85,3.00,4.096,43.9,30.5,20.497,-0.096,16.65,20.72,39.20,29.40,-0.40,0.36
1681408540.45,1191.52,3.00,4.096,43.3,30.5,20.497,-0.088,16.65,20.86,39.16,29.40,-0.39,0.36
1681408542.12,1193.19,3.00,4.096,43.3,30.5,20.497,-0.107,16.65,20.77,39.44,29.40,-0.39,0.37
1681408543.79,1194.86,3.00,4.096,43.3,30.5,20.493,-0.088,16.65,20.62,39.67,29.40,-0.40,0.38
1681408545.46,1196.52,3.00,4.096,43.9,30.5,20.493,-0.088,16.65,20.53,39.81,29.40,-0.40,0.39
1681408547.13,1198.2,3.00,4.096,43.9,30.5,20.493,-0.070,16.60,20.38,39.99,29.40,-0.41,0.39
1681408548.79,1199.86,3.00,4.096,43.9,30.5,20.493,-0.077,16.60,20.38,40.09,29.40,-0.41,0.40
1681408550.46,1201.53,3.00,4.096,43.3,30.5,20.493,-0.044,16.60,20.33,40.04,29.40,-0.41,0.40
1681408552.13,1203.2,3.00,4.096,43.3,30.5,20.493,-0.070,16.60,20.33,39.95,29.40,-0.41,0.39
1681408553.80,1204.87,3.00,4.096,43.3,30.5,20.493,-0.073,16.60,20.33,39.90,29.40,-0.41,0.39
1681408555.47,1206.54,3.00,4.096,44.4,30.5,20.493,-0.059,16.60,20.28,39.99,29.40,-0.41,0.39
1681408557.14,1208.21,3.00,4.096,43.3,30.5,20.493,-0.085,16.60,20.38,39.81,29.40,-0.41,0.39
1681408558.81,1209.88,3.00,4.096,43.3,30.5,20.488,-0.062,16.60,20.53,39.57,29.40,-0.40,0.38
1681408560.47,1211.54,3.00,4.096,43.9,30.5,20.493,-0.077,16.60,20.57,39.67,29.40,-0.40,0.38
1681408562.15,1213.22,3.00,4.096,43.3,30.5,20.488,-0.081,16.60,20.57,39.71,29.40,-0.40,0.38
1681408563.82,1214.89,3.00,4.096,43.3,30.5,20.488,-0.077,16.55,20.43,39.95,29.40,-0.41,0.39
1681408565.48,1216.55,3.00,4.096,44.4,30.5,20.488,-0.085,16.60,20.24,40.27,29.40,-0.42,0.41
1681408567.15,1218.22,3.00,4.096,43.3,30.5,20.488,-0.099,16.55,20.24,40.32,29.40,-0.42,0.41
1681408568.82,1219.89,3.00,4.096,43.9,30.5,20.488,-0.099,16.55,20.24,40.37,29.40,-0.42,0.41
1681408570.49,1221.56,3.00,4.096,43.3,30.5,20.488,-0.066,16.60,20.24,40.46,29.40,-0.42,0.41
1681408572.16,1223.23,3.00,4.096,43.3,30.5,20.493,-0.092,16.60,20.19,40.46,29.40,-0.42,0.41
1681408573.83,1224.89,3.00,4.096,43.3,30.5,20.488,-0.099,16.60,20.14,40.46,29.40,-0.42,0.41
1681408575.49,1226.56,3.00,4.096,43.3,30.5,20.488,-0.103,16.60,20.19,40.46,29.40,-0.42,0.41
1681408577.15,1228.22,3.00,4.096,43.3,30.5,20.488,-0.085,16.60,20.14,40.41,29.40,-0.42,0.41
1681408578.82,1229.89,3.00,4.096,43.9,30.5,20.484,-0.081,16.60,20.14,40.46,29.40,-0.42,0.41
1681408580.49,1231.56,3.00,4.096,43.3,30.5,20.488,-0.070,16.55,20.04,40.55,29.40,-0.42,0.42
1681408582.16,1233.23,3.00,4.096,43.9,30.5,20.493,-0.070,16.60,20.04,40.55,29.40,-0.42,0.42
1681408583.82,1234.89,3.00,4.096,43.3,30.5,20.488,-0.066,16.60,19.99,40.60,29.40,-0.43,0.42
1681408585.58,1236.65,3.00,4.096,44.4,30.5,20.475,-0.085,16.55,20.09,40.37,29.40,-0.42,0.41
1681408587.24,1238.31,3.00,4.096,43.9,30.5,20.488,-0.085,16.60,20.14,40.23,29.40,-0.42,0.40
1681408588.89,1239.96,3.00,4.096,43.3,30.5,20.488,-0.070,16.60,20.24,40.04,29.40,-0.42,0.40
1681408590.69,1241.76,3.00,4.096,44.4,30.5,20.488,-0.077,16.60,20.24,39.99,29.40,-0.42,0.39
1681408592.36,1243.43,3.00,4.096,43.9,30.5,20.488,-0.081,16.26,20.24,39.95,29.40,-0.42,0.39
1681408594.03,1245.1,3.00,4.096,43.9,30.5,20.488,-0.070,16.60,20.24,40.04,29.40,-0.42,0.40
1681408595.70,1246.77,3.00,4.096,43.3,30.5,20.488,-0.099,16.60,20.24,39.99,29.40,-0.42,0.39
1681408597.37,1248.44,3.00,4.096,43.3,30.5,20.488,-0.081,16.60,20.24,39.85,29.40,-0.42,0.39
1681408599.04,1250.11,3.00,4.096,43.3,30.5,20.488,-0.088,16.60,20.28,39.71,29.40,-0.41,0.38
1681408600.71,1251.78,3.00,4.096,43.9,30.5,20.493,-0.103,16.60,20.43,39.48,29.40,-0.41,0.37
1681408602.37,1253.44,3.00,4.096,43.9,30.5,20.488,-0.066,16.60,20.48,39.44,29.40,-0.41,0.37
1681408604.04,1255.11,3.00,4.096,43.3,30.5,20.493,-0.077,16.60,20.38,39.44,29.40,-0.41,0.37
1681408605.70,1256.77,3.00,4.096,43.3,30.5,20.488,-0.092,16.11,20.43,39.48,29.40,-0.41,0.37
1681408607.37,1258.44,3.00,4.096,43.9,30.375,20.488,-0.103,16.42,20.25,39.78,29.27,-0.41,0.39
1681408609.03,1260.1,3.00,4.096,43.3,30.5,20.488,-0.081,16.55,20.19,40.27,29.40,-0.42,0.41
1681408610.70,1261.77,3.00,4.096,43.3,30.5,20.493,-0.088,16.55,20.04,40.51,29.40,-0.42,0.42
1681408612.37,1263.44,3.00,4.096,43.3,30.375,20.493,-0.073,16.42,19.82,40.66,29.27,-0.43,0.43
1681408614.06,1265.13,3.00,4.096,43.3,30.375,20.493,-0.092,16.42,19.48,41.03,29.27,-0.44,0.44
1681408615.70,1266.77,3.00,4.096,43.9,30.5,20.462,-0.099,15.72,19.41,41.02,29.40,-0.45,0.44
1681408617.35,1268.42,3.00,4.096,43.9,30.375,20.493,-0.062,16.42,19.77,40.48,29.27,-0.43,0.42
1681408619.02,1270.09,3.00,4.096,43.3,30.375,20.493,-0.070,16.47,19.82,40.24,29.27,-0.43,0.41
1681408620.69,1271.76,3.00,4.096,43.3,30.5,20.493,-0.081,16.60,19.90,40.23,29.40,-0.43,0.40
1681408622.35,1273.42,3.00,4.096,43.3,30.5,20.493,-0.070,16.60,19.90,39.99,29.40,-0.43,0.39
1681408624.02,1275.09,3.00,4.096,43.3,30.375,20.493,-0.070,16.47,19.82,39.73,29.27,-0.43,0.39
1681408625.70,1276.77,3.00,4.096,43.9,30.375,20.493,-0.062,16.47,19.77,40.01,29.27,-0.43,0.40
1681408627.36,1278.43,3.00,4.096,43.3,30.375,20.493,-0.077,16.47,19.67,40.29,29.27,-0.43,0.41
1681408629.03,1280.1,3.00,4.096,43.3,30.375,20.493,-0.096,16.47,19.77,40.24,29.27,-0.43,0.41
1681408630.70,1281.77,3.00,4.096,43.3,30.375,20.493,-0.066,16.47,20.01,39.92,29.27,-0.42,0.40
1681408632.36,1283.43,3.00,4.096,43.3,30.375,20.497,-0.073,16.52,20.21,39.78,29.27,-0.41,0.39
1681408634.03,1285.1,3.00,4.096,43.3,30.375,20.493,-0.070,16.47,20.16,40.01,29.27,-0.41,0.40
1681408635.70,1286.77,3.00,4.096,43.9,30.375,20.497,-0.081,16.47,20.06,40.24,29.27,-0.42,0.41
1681408637.37,1288.43,3.00,4.096,42.8,30.375,20.497,-0.077,16.47,19.96,40.48,29.27,-0.42,0.42
1681408639.03,1290.1,3.00,4.096,43.3,30.375,20.497,-0.062,16.18,19.77,40.66,29.27,-0.43,0.43
1681408640.70,1291.77,3.00,4.096,43.3,30.375,20.497,-0.081,16.42,19.72,40.71,29.27,-0.43,0.43
1681408642.37,1293.44,3.00,4.096,43.3,30.375,20.497,-0.088,16.42,19.82,40.43,29.27,-0.43,0.42
1681408644.03,1295.1,3.00,4.096,43.3,30.375,20.497,-0.092,16.37,19.92,40.01,29.27,-0.42,0.40
1681408645.70,1296.77,3.00,4.096,43.3,30.375,20.497,-0.088,16.32,20.01,39.82,29.27,-0.42,0.39
1681408647.37,1298.44,3.00,4.096,43.3,30.375,20.497,-0.085,16.42,20.01,39.73,29.27,-0.42,0.39
1681408649.04,1300.1,3.00,4.096,43.3,30.375,20.497,-0.088,16.42,19.96,39.78,29.27,-0.42,0.39
1681408650.71,1301.78,3.00,4.096,43.3,30.375,20.497,-0.077,16.42,19.92,40.15,29.27,-0.42,0.41
1681408652.38,1303.44,3.00,4.096,43.3,30.375,20.502,-0.055,16.42,19.82,40.43,29.27,-0.43,0.42
1681408654.11,1305.18,3.00,4.096,43.3,30.375,20.502,-0.055,16.42,19.92,40.43,29.27,-0.42,0.42
1681408655.83,1306.9,3.00,4.096,43.3,30.375,20.502,-0.062,16.42,19.87,40.66,29.27,-0.43,0.43
1681408657.49,1308.56,3.00,4.096,43.9,30.375,20.502,-0.073,16.42,19.77,40.80,29.27,-0.43,0.43
1681408659.16,1310.23,3.00,4.096,43.3,30.375,20.502,-0.044,16.42,19.62,41.03,29.27,-0.44,0.44
1681408660.83,1311.9,3.00,4.096,44.4,30.375,20.502,-0.085,16.42,19.53,41.17,29.27,-0.44,0.45
1681408662.50,1313.57,3.00,4.096,43.3,30.375,20.502,-0.085,16.42,19.53,41.27,29.27,-0.44,0.45
1681408664.17,1315.24,3.00,4.096,43.9,30.375,20.502,-0.059,16.42,19.43,41.45,29.27,-0.44,0.46
1681408665.84,1316.91,3.00,4.096,43.3,30.375,20.502,-0.077,16.42,19.29,41.64,29.27,-0.45,0.47
1681408667.50,1318.57,3.00,4.096,43.3,30.375,20.502,-0.129,16.37,19.29,41.68,29.27,-0.45,0.47
1681408669.17,1320.24,3.00,4.096,43.3,30.375,20.506,-0.055,16.37,19.24,41.73,29.27,-0.45,0.47
1681408670.83,1321.9,3.00,4.096,42.8,30.375,20.506,-0.081,16.37,19.43,41.54,29.27,-0.44,0.46
1681408672.50,1323.57,3.00,4.096,43.3,30.375,20.506,-0.096,16.37,19.43,41.54,29.27,-0.44,0.46
1681408674.16,1325.23,3.00,4.096,43.3,30.375,20.506,-0.066,16.37,19.43,41.59,29.27,-0.44,0.47
1681408675.83,1326.9,3.00,4.096,43.3,30.375,20.506,-0.088,16.37,19.53,41.36,29.27,-0.44,0.46
1681408677.50,1328.57,3.00,4.096,43.9,30.375,20.506,-0.088,16.37,19.58,41.41,29.27,-0.44,0.46
1681408679.17,1330.23,3.00,4.096,43.3,30.375,20.506,-0.092,16.37,19.53,41.50,29.27,-0.44,0.46
1681408680.84,1331.9,3.00,4.096,43.3,30.375,20.506,-0.103,16.37,19.53,41.54,29.27,-0.44,0.46
1681408682.50,1333.57,3.00,4.096,43.3,30.375,20.506,-0.099,16.37,19.48,41.68,29.27,-0.44,0.47
1681408684.16,1335.23,3.00,4.096,43.3,30.375,20.510,-0.077,16.37,19.43,41.78,29.27,-0.44,0.47
1681408685.82,1336.89,3.00,4.096,43.3,30.375,20.510,-0.107,16.37,19.29,41.87,29.27,-0.45,0.48
1681408687.49,1338.56,3.00,4.096,43.3,30.375,20.510,-0.077,16.28,19.24,41.87,29.27,-0.45,0.48
1681408689.18,1340.25,3.00,4.096,43.3,30.25,20.510,-0.081,16.25,19.11,41.75,29.15,-0.45,0.48
1681408690.86,1341.93,3.00,4.096,43.3,30.25,20.510,-0.085,16.25,19.16,41.70,29.15,-0.45,0.48
1681408692.52,1343.59,3.00,4.096,43.3,30.375,20.510,-0.066,16.37,19.29,41.82,29.27,-0.45,0.48
1681408694.19,1345.26,3.00,4.096,43.3,30.25,20.515,-0.081,16.25,19.21,41.70,29.15,-0.45,0.48
1681408695.91,1346.98,3.00,4.096,43.3,30.25,20.515,-0.070,16.20,19.16,41.70,29.15,-0.45,0.48
1681408697.56,1348.63,3.00,4.096,43.3,30.25,20.515,-0.099,15.91,19.16,41.75,29.15,-0.45,0.48
1681408699.24,1350.31,3.00,4.096,43.3,30.375,20.515,-0.051,16.32,19.38,41.82,29.27,-0.45,0.48
1681408700.90,1351.97,3.00,4.096,43.3,30.25,20.515,-0.077,16.20,19.30,41.56,29.15,-0.44,0.47
1681408702.57,1353.64,3.00,4.096,43.3,30.25,20.515,-0.096,16.20,19.69,40.96,29.15,-0.43,0.45
1681408704.24,1355.31,3.00,4.096,43.3,30.25,20.475,-0.107,15.76,19.93,40.63,29.15,-0.42,0.43
1681408705.90,1356.97,3.00,4.096,43.9,30.25,20.519,-0.107,16.25,20.37,40.12,29.15,-0.40,0.41
1681408707.58,1358.65,3.00,4.096,43.3,30.25,20.519,-0.085,16.25,20.81,39.61,29.15,-0.38,0.39
1681408709.24,1360.31,3.00,4.096,43.3,30.25,20.519,-0.092,16.25,21.24,39.00,29.15,-0.37,0.36
1681408710.91,1361.97,3.00,4.096,43.3,30.25,20.519,-0.114,16.25,21.53,38.58,29.15,-0.35,0.35
1681408712.58,1363.65,3.00,4.096,42.8,30.25,20.519,-0.099,16.30,21.82,38.30,29.15,-0.34,0.33
1681408714.25,1365.32,3.00,4.096,43.3,30.25,20.519,-0.103,16.30,22.11,37.98,29.15,-0.33,0.32
1681408715.92,1366.99,3.00,4.096,43.3,30.25,20.524,-0.114,16.30,22.31,37.74,29.15,-0.32,0.31
1681408717.59,1368.66,3.00,4.096,43.3,30.25,20.519,-0.092,16.34,22.55,37.65,29.15,-0.31,0.31
1681408719.26,1370.33,3.00,4.096,42.8,30.25,20.524,-0.107,16.30,22.69,37.70,29.15,-0.31,0.31
1681408720.92,1371.99,3.00,4.096,42.8,30.25,20.524,-0.073,16.30,22.59,38.07,29.15,-0.31,0.32
1681408722.60,1373.66,3.00,4.096,43.3,30.25,20.524,-0.081,16.30,22.31,38.49,29.15,-0.32,0.34
1681408724.26,1375.33,3.00,4.096,43.3,30.25,20.519,-0.085,16.30,22.11,38.77,29.15,-0.33,0.35
1681408725.92,1376.99,3.00,4.096,43.3,30.25,20.528,-0.070,16.25,22.02,39.00,29.15,-0.33,0.36
1681408727.59,1378.66,3.00,4.096,43.3,30.25,20.528,-0.077,16.30,21.97,38.91,29.15,-0.34,0.36
1681408729.25,1380.32,3.00,4.096,43.3,30.25,20.528,-0.107,16.30,22.06,38.58,29.15,-0.33,0.35
1681408730.92,1381.98,3.00,4.096,42.8,30.25,20.528,-0.099,16.30,22.11,38.77,29.15,-0.33,0.35
1681408732.58,1383.65,3.00,4.096,43.3,30.25,20.528,-0.081,16.30,21.82,39.19,29.15,-0.34,0.37
1681408734.25,1385.32,3.00,4.096,43.3,30.25,20.528,-0.073,16.25,21.58,39.56,29.15,-0.35,0.39
1681408735.92,1386.99,3.00,4.096,42.8,30.25,20.532,-0.066,16.30,21.29,39.89,29.15,-0.36,0.40
1681408737.59,1388.66,3.00,4.096,43.3,30.25,20.532,-0.059,16.30,21.10,40.17,29.15,-0.37,0.41
1681408739.25,1390.32,3.00,4.096,43.3,30.25,20.532,-0.099,16.30,20.90,40.35,29.15,-0.38,0.42
1681408740.92,1391.99,3.00,4.096,43.3,30.25,20.532,-0.099,16.30,20.71,40.63,29.15,-0.39,0.43
1681408742.59,1393.66,3.00,4.096,43.3,30.125,20.537,-0.092,16.12,20.39,40.74,29.02,-0.39,0.44
1681408744.26,1395.33,3.00,4.096,43.9,30.25,20.537,-0.085,16.30,20.27,41.10,29.15,-0.40,0.45
1681408745.93,1397.0,3.00,4.096,43.3,30.25,20.537,-0.059,16.25,20.08,41.28,29.15,-0.41,0.46
1681408747.60,1398.67,3.00,4.096,43.3,30.25,20.537,-0.066,16.30,19.84,41.47,29.15,-0.42,0.47
1681408749.27,1400.34,3.00,4.096,43.3,30.25,20.541,-0.110,16.25,19.74,41.52,29.15,-0.43,0.47
1681408750.94,1402.01,3.00,4.096,43.3,30.25,20.541,-0.096,16.25,19.74,41.47,29.15,-0.43,0.47
1681408752.61,1403.68,3.00,4.096,42.8,30.125,20.541,-0.103,16.12,19.66,41.21,29.02,-0.42,0.46
1681408754.27,1405.34,3.00,4.096,42.8,30.125,20.541,-0.088,16.12,19.71,41.21,29.02,-0.42,0.46
1681408755.95,1407.02,3.00,4.096,43.3,30.125,20.541,-0.088,16.12,19.66,41.21,29.02,-0.42,0.46
1681408757.61,1408.68,3.00,4.096,42.8,30.125,20.546,-0.110,16.12,19.57,41.30,29.02,-0.43,0.46
1681408759.28,1410.35,3.00,4.096,43.3,30.125,20.546,-0.107,16.12,19.57,41.25,29.02,-0.43,0.46
1681408760.95,1412.02,3.00,4.096,43.3,30.125,20.546,-0.073,16.12,19.57,41.21,29.02,-0.43,0.46
1681408762.62,1413.69,3.00,4.096,42.8,30.125,20.546,-0.077,16.17,19.57,41.21,29.02,-0.43,0.46
1681408764.29,1415.36,3.00,4.096,43.3,30.125,20.546,-0.081,16.17,19.42,41.25,29.02,-0.43,0.46
1681408765.96,1417.03,3.00,4.096,43.3,30.125,20.546,-0.088,16.17,19.42,41.35,29.02,-0.43,0.47
1681408767.63,1418.7,3.00,4.096,43.3,30.125,20.546,-0.103,16.12,19.37,41.35,29.02,-0.44,0.47
1681408769.30,1420.37,3.00,4.096,43.3,30.125,20.550,-0.099,16.17,19.32,41.44,29.02,-0.44,0.47
1681408770.97,1422.04,3.00,4.096,43.3,30.125,20.550,-0.081,16.17,19.23,41.49,29.02,-0.44,0.47
1681408772.64,1423.71,3.00,4.096,42.8,30.125,20.550,-0.092,16.17,19.18,41.58,29.02,-0.44,0.48
1681408774.31,1425.38,3.00,4.096,42.8,30.125,20.497,-0.099,15.97,18.94,41.58,29.02,-0.45,0.48
1681408775.98,1427.05,3.00,4.096,42.8,30.125,20.550,-0.081,16.17,19.03,41.72,29.02,-0.45,0.48
1681408777.65,1428.72,3.00,4.096,42.8,30.125,20.554,-0.096,16.12,19.08,41.63,29.02,-0.45,0.48
1681408779.32,1430.39,3.00,4.096,43.3,30.125,20.554,-0.107,16.12,19.13,41.58,29.02,-0.45,0.48
1681408780.99,1432.06,3.00,4.096,42.8,30.125,20.554,-0.099,16.12,19.18,41.35,29.02,-0.44,0.47
1681408782.66,1433.73,3.00,4.096,42.8,30.125,20.554,-0.096,16.17,19.32,41.25,29.02,-0.44,0.46
1681408784.33,1435.4,3.00,4.096,43.3,30.125,20.559,-0.077,16.07,19.32,41.07,29.02,-0.44,0.46
1681408786.00,1437.07,3.00,4.096,42.8,30.125,20.559,-0.107,16.17,19.71,40.51,29.02,-0.42,0.43
1681408787.67,1438.74,3.00,4.096,43.3,30.125,20.559,-0.107,16.17,20.05,40.09,29.02,-0.41,0.41
1681408789.33,1440.4,3.00,4.096,42.8,30.125,20.559,-0.107,16.17,20.34,39.86,29.02,-0.40,0.40
1681408791.00,1442.07,3.00,4.096,43.3,30.125,20.559,-0.092,16.17,20.39,40.00,29.02,-0.39,0.41
1681408792.66,1443.73,3.00,4.096,42.8,30.125,20.563,-0.103,16.17,20.29,40.14,29.02,-0.40,0.42
1681408794.33,1445.4,3.00,4.096,42.8,30.125,20.563,-0.073,15.93,20.29,40.18,29.02,-0.40,0.42
1681408796.00,1447.06,3.00,4.096,42.2,30.125,20.563,-0.070,16.22,20.20,40.32,29.02,-0.40,0.42
1681408797.67,1448.74,3.00,4.096,42.2,30.125,20.567,-0.092,16.22,20.00,40.56,29.02,-0.41,0.43
1681408799.34,1450.41,3.00,4.096,42.8,30.125,20.567,-0.096,16.22,19.86,40.74,29.02,-0.42,0.44
1681408801.00,1452.07,3.00,4.096,43.3,30.125,20.567,-0.088,16.22,19.86,40.79,29.02,-0.42,0.44
1681408802.67,1453.74,3.00,4.096,43.3,30.125,20.567,-0.081,16.22,19.71,40.88,29.02,-0.42,0.45
1681408804.34,1455.41,3.00,4.096,43.3,30.125,20.567,-0.110,16.17,19.81,40.84,29.02,-0.42,0.45
1681408806.00,1457.07,3.00,4.096,42.8,30.0,20.572,-0.103,16.09,19.83,40.53,28.90,-0.41,0.44
1681408807.67,1458.74,3.00,4.096,43.3,30.0,20.572,-0.125,16.09,19.88,40.39,28.90,-0.41,0.43
1681408809.33,1460.4,3.00,4.096,42.8,30.0,20.572,-0.099,16.09,19.92,40.39,28.90,-0.41,0.43
1681408811.00,1462.07,3.00,4.096,43.3,30.0,20.572,-0.096,15.99,19.92,40.43,28.90,-0.41,0.43
1681408812.67,1463.74,3.00,4.096,42.8,30.0,20.572,-0.073,16.09,19.88,40.53,28.90,-0.41,0.44
1681408814.34,1465.41,3.00,4.096,42.8,30.125,20.576,-0.081,16.02,19.95,40.74,29.02,-0.41,0.44
1681408816.01,1467.08,3.00,4.096,43.3,30.0,20.576,-0.103,16.09,19.78,40.71,28.90,-0.41,0.45
1681408817.67,1468.74,3.00,4.096,42.2,30.0,20.576,-0.110,16.09,19.78,40.71,28.90,-0.41,0.45
1681408819.35,1470.42,3.00,4.096,42.2,30.0,20.576,-0.092,16.09,19.63,40.90,28.90,-0.42,0.45
1681408821.01,1472.08,3.00,4.096,43.3,30.0,20.581,-0.092,16.09,19.54,40.99,28.90,-0.42,0.46
1681408822.67,1473.74,3.00,4.096,42.8,30.0,20.581,-0.092,16.09,19.44,41.09,28.90,-0.43,0.46
1681408824.34,1475.41,3.00,4.096,42.8,30.0,20.581,-0.107,15.90,19.44,41.18,28.90,-0.43,0.46
1681408826.01,1477.07,3.00,4.096,42.8,30.0,20.581,-0.088,16.04,19.39,41.18,28.90,-0.43,0.46
1681408827.67,1478.74,3.00,4.096,42.8,30.0,20.581,-0.070,16.09,19.34,41.22,28.90,-0.43,0.47
1681408829.33,1480.4,3.00,4.096,42.2,30.0,20.585,-0.092,16.09,19.20,41.32,28.90,-0.44,0.47
1681408831.00,1482.07,3.00,4.096,42.2,30.0,20.585,-0.070,16.09,19.10,41.36,28.90,-0.44,0.47
1681408832.66,1483.73,3.00,4.096,42.2,30.0,20.585,-0.096,16.09,19.34,41.13,28.90,-0.43,0.46
1681408834.32,1485.39,3.00,4.096,42.2,30.0,20.589,-0.073,15.99,19.34,41.13,28.90,-0.43,0.46
1681408835.99,1487.06,3.00,4.096,42.8,30.0,20.589,-0.062,16.14,19.20,41.27,28.90,-0.44,0.47
1681408837.65,1488.72,3.00,4.096,43.3,30.0,20.589,-0.077,16.09,19.15,41.32,28.90,-0.44,0.47
1681408839.32,1490.39,3.00,4.096,42.8,30.0,20.594,-0.092,16.14,19.20,41.22,28.90,-0.44,0.47
1681408840.98,1492.05,3.00,4.096,42.8,30.0,20.594,-0.096,16.09,19.25,41.18,28.90,-0.44,0.46
1681408842.65,1493.72,3.00,4.096,42.2,30.0,20.594,-0.107,16.14,19.29,41.13,28.90,-0.43,0.46
1681408844.32,1495.39,3.00,4.096,42.8,29.875,20.559,-0.088,15.96,18.97,40.82,28.77,-0.44,0.46
1681408845.99,1497.06,3.00,4.096,42.2,30.0,20.594,-0.081,16.14,19.39,40.81,28.90,-0.43,0.45
1681408847.65,1498.72,3.00,4.096,42.8,30.0,20.594,-0.107,16.14,19.73,40.43,28.90,-0.42,0.43
1681408849.33,1500.4,3.00,4.096,42.2,30.0,20.598,-0.110,16.14,19.92,40.11,28.90,-0.41,0.42
1681408850.99,1502.06,3.00,4.096,42.2,29.875,20.598,-0.110,16.01,20.09,39.61,28.77,-0.40,0.40
1681408852.66,1503.73,3.00,4.096,42.2,29.875,20.598,-0.099,16.06,20.38,39.29,28.77,-0.38,0.39
1681408854.35,1505.42,3.00,4.096,42.8,29.875,20.598,-0.103,16.06,20.57,39.19,28.77,-0.38,0.39
1681408856.02,1507.09,3.00,4.096,42.8,29.875,20.603,-0.096,16.06,20.77,38.96,28.77,-0.37,0.38
1681408857.69,1508.75,3.00,4.096,42.8,29.875,20.603,-0.103,16.06,20.91,38.87,28.77,-0.36,0.37
1681408859.36,1510.43,3.00,4.096,42.2,29.875,20.603,-0.110,16.06,21.11,38.63,28.77,-0.36,0.36
1681408861.02,1512.09,3.00,4.096,42.8,29.875,20.603,-0.110,16.11,21.25,38.59,28.77,-0.35,0.36
1681408862.71,1513.78,3.00,4.096,42.8,29.875,20.607,-0.107,16.06,21.40,38.35,28.77,-0.34,0.35
