1681140633.35,3.86,3.00,3.934,68.1,60.375,21.303,-0.121,49.98,25.20,23.71,37.63
1681140634.89,5.4,3.00,3.834,68.1,60.5,21.308,-0.143,50.06,25.38,23.89,37.80
1681140636.46,6.96,3.00,3.833,68.1,60.375,21.463,-0.140,48.47,25.15,23.71,37.67
1681140638.02,8.52,3.00,3.832,68.1,60.375,21.481,-0.143,47.42,25.06,23.62,37.67
1681140639.56,10.06,3.00,3.828,68.1,60.25,21.490,-0.151,46.68,24.92,23.54,37.59
1681140641.08,11.58,3.00,3.830,68.1,60.375,21.494,-0.125,46.33,25.10,23.62,37.72
1681140642.61,13.12,3.00,3.829,68.1,60.25,21.499,-0.099,45.83,25.02,23.58,37.64
1681140644.16,14.66,3.00,3.825,67.5,60.25,21.499,-0.118,45.49,25.11,23.58,37.64
1681140645.68,16.19,3.00,3.827,68.1,60.25,21.499,-0.096,45.30,25.16,23.63,37.69
1681140647.22,17.73,3.00,3.826,68.6,60.25,21.499,-0.136,45.11,25.11,23.63,37.69
1681140648.74,19.24,3.00,3.825,68.1,60.25,21.499,-0.121,44.97,25.11,23.63,37.74
1681140650.28,20.78,3.00,3.825,68.1,60.25,21.499,-0.132,44.88,25.11,23.63,37.74
1681140651.81,22.32,3.00,3.824,68.1,60.25,21.494,-0.125,44.73,25.11,23.63,37.79
1681140653.36,23.86,3.00,3.821,67.0,60.125,21.494,-0.129,44.56,24.98,23.50,37.66
1681140654.92,25.42,3.00,3.824,68.1,60.25,21.494,-0.136,44.59,25.11,23.63,37.79
1681140656.45,26.96,3.00,3.823,67.0,60.125,21.494,-0.103,44.42,24.93,23.41,37.71
1681140657.99,28.49,3.00,3.823,68.1,60.125,21.490,-0.110,44.37,24.88,23.36,37.75
1681140659.50,30.01,3.00,3.822,67.5,60.125,21.490,-0.125,44.37,24.93,23.46,37.75
1681140661.05,31.55,3.00,3.819,67.5,60.0,21.490,-0.103,44.15,24.85,23.33,37.68
1681140662.58,33.08,3.00,3.821,67.5,60.0,21.490,-0.110,44.15,24.80,23.28,37.68
1681140664.13,34.64,3.00,3.821,67.0,60.0,21.485,-0.114,44.10,24.75,23.28,37.68
1681140665.66,36.16,3.00,3.820,67.0,60.0,21.490,-0.103,44.10,24.75,23.23,37.72
1681140667.22,37.73,3.00,3.819,68.1,60.125,21.485,-0.129,44.23,24.88,23.41,37.85
1681140668.79,39.29,3.00,3.819,67.5,60.125,21.490,-0.092,44.23,24.98,23.41,37.90
1681140670.31,40.81,3.00,3.819,68.1,60.0,21.485,-0.118,44.05,24.89,23.23,37.77
1681140671.83,42.33,3.00,3.818,67.0,60.0,21.485,-0.125,44.05,24.94,23.28,37.82
1681140673.39,43.89,3.00,3.818,67.5,60.0,21.490,-0.103,44.05,24.99,23.33,37.82
1681140674.94,45.44,3.00,3.815,67.5,59.875,21.485,-0.129,43.93,24.81,23.20,37.74
1681140676.45,46.96,3.00,3.817,68.1,59.875,21.485,-0.129,43.93,24.71,23.20,37.74
1681140677.99,48.49,3.00,3.816,67.0,60.0,21.485,-0.151,44.05,24.80,23.28,37.87
1681140679.51,50.01,3.00,3.816,67.0,60.0,21.485,-0.132,44.05,24.75,23.23,37.91
1681140681.04,51.55,3.00,3.814,67.0,59.875,21.485,-0.088,43.93,24.66,23.10,37.83
1681140682.59,53.09,3.00,3.816,67.5,59.875,21.490,-0.114,43.93,24.71,23.10,37.83
1681140684.15,54.65,3.00,3.815,67.0,60.0,21.485,-0.029,44.05,24.85,23.38,37.96
1681140685.69,56.19,3.00,3.815,67.5,59.875,21.485,0.125,43.93,24.95,23.39,37.88
1681140687.24,57.74,3.00,3.816,67.0,59.875,21.485,0.062,43.93,25.10,23.63,37.88
1681140688.78,59.28,3.00,3.815,67.5,59.75,21.485,0.103,43.80,25.11,23.51,37.80
1681140690.32,60.83,3.00,3.814,67.0,59.75,21.485,0.114,43.80,25.20,23.51,37.80
1681140691.88,62.38,3.00,3.814,68.1,59.875,21.485,0.011,43.93,25.34,23.49,37.93
1681140693.43,63.94,3.00,3.814,67.5,59.875,21.485,-0.018,43.93,25.38,23.54,37.98
1681140694.98,65.48,3.00,3.813,67.0,59.875,21.485,-0.011,43.93,25.14,23.35,37.98
1681140696.53,67.03,3.00,3.812,67.0,59.75,21.485,-0.055,43.80,24.87,23.17,37.90
1681140698.06,68.57,3.00,3.813,67.0,59.875,21.485,-0.107,43.93,25.00,23.35,38.03
1681140699.57,70.08,3.00,3.812,67.0,59.75,21.490,-0.085,43.80,24.91,23.27,37.95
1681140701.10,71.61,3.00,3.812,68.1,59.625,21.485,-0.073,43.72,24.78,23.09,37.82
1681140702.67,73.18,3.00,3.813,67.0,59.625,21.485,-0.118,43.72,24.78,23.14,37.82
1681140704.22,74.72,3.00,3.812,67.0,59.625,21.485,-0.092,43.72,24.78,23.19,37.87
1681140705.74,76.24,3.00,3.811,67.5,59.625,21.485,-0.022,43.72,24.83,23.23,37.87
1681140707.26,77.77,3.00,3.809,67.0,59.75,21.485,-0.118,43.85,24.91,23.31,38.04
1681140708.83,79.33,3.00,3.812,67.0,59.625,21.490,-0.118,43.68,24.78,23.23,37.92
1681140710.39,80.89,3.00,3.812,67.0,59.75,21.485,-0.107,43.80,25.01,23.41,38.09
1681140711.91,82.42,3.00,3.811,67.0,59.75,21.490,-0.099,43.85,24.96,23.31,38.09
1681140713.45,83.96,3.00,3.809,67.0,59.625,21.490,-0.092,43.72,24.78,23.19,37.96
1681140715.03,85.54,3.00,3.811,66.4,59.625,21.490,-0.018,43.72,24.78,23.14,38.01
1681140716.55,87.06,3.00,3.810,67.0,59.625,21.490,-0.114,43.72,24.83,23.14,38.01
1681140718.12,88.63,3.00,3.810,67.0,59.5,21.490,-0.081,43.60,24.60,22.86,37.88
1681140719.66,90.16,3.00,3.807,68.1,59.5,21.485,-0.121,43.60,24.69,23.01,37.93
1681140721.17,91.68,3.00,3.809,67.0,59.5,21.490,-0.092,43.60,24.74,23.06,37.93
1681140722.70,93.21,3.00,3.809,67.5,59.625,21.490,-0.007,43.68,25.02,23.38,38.11
1681140724.24,94.74,3.00,3.808,67.0,59.5,21.485,-0.073,43.60,25.03,23.30,37.98
1681140725.77,96.27,3.00,3.809,67.0,59.625,21.485,-0.022,43.72,25.31,23.52,38.11
1681140727.33,97.83,3.00,3.809,65.9,59.625,21.490,-0.077,43.72,25.31,23.48,38.15
1681140728.85,99.35,3.00,3.808,67.0,59.625,21.490,-0.096,43.72,25.16,23.43,38.15
1681140730.39,100.89,3.00,3.806,67.0,59.5,21.490,-0.110,43.60,24.93,23.25,38.08
1681140731.90,102.4,3.00,3.807,67.0,59.5,21.490,-0.099,43.60,24.89,23.25,38.08
1681140733.41,103.92,3.00,3.805,66.4,59.5,21.490,-0.077,43.60,24.84,23.30,38.08
1681140734.94,105.44,3.00,3.808,66.4,59.375,21.490,-0.062,43.47,24.99,23.36,38.00
1681140736.46,106.97,3.00,3.805,67.0,59.375,21.490,-0.129,43.52,25.09,23.41,38.00
1681140738.00,108.5,3.00,3.807,67.0,59.5,21.490,-0.140,43.65,25.27,23.59,38.12
1681140739.53,110.04,3.00,3.807,67.0,59.375,21.490,-0.125,43.52,25.18,23.41,38.00
1681140741.05,111.56,3.00,3.806,67.0,59.375,21.490,-0.121,43.52,25.09,23.36,38.04
1681140742.56,113.07,3.00,3.805,67.0,59.375,21.490,-0.125,43.52,24.99,23.27,38.04
1681140744.13,114.63,3.00,3.806,67.0,59.5,21.494,-0.114,43.65,25.08,23.40,38.22
1681140745.67,116.17,3.00,3.804,67.0,59.5,21.494,-0.132,43.65,24.98,23.35,38.22
1681140747.18,117.68,3.00,3.805,67.0,59.375,21.494,-0.118,43.52,24.70,23.12,38.09
1681140748.69,119.2,3.00,3.805,67.0,59.375,21.494,-0.099,43.52,24.46,23.03,38.14
1681140750.20,120.71,3.00,3.803,67.0,59.25,21.494,-0.107,43.39,24.28,22.90,38.01
1681140751.74,122.24,3.00,3.805,67.0,59.25,21.494,-0.096,43.39,24.23,22.80,38.01
1681140753.26,123.77,3.00,3.805,66.4,59.25,21.494,-0.132,43.39,24.19,22.80,38.06
1681140754.80,125.31,3.00,3.804,67.5,59.375,21.494,-0.107,43.52,24.27,22.88,38.19
1681140756.35,126.86,3.00,3.802,65.9,59.25,21.499,-0.092,43.39,24.09,22.71,38.11
1681140757.87,128.38,3.00,3.804,67.0,59.25,21.494,-0.073,43.44,24.09,22.71,38.11
1681140759.39,129.9,3.00,3.802,66.4,59.375,21.499,-0.070,43.57,24.37,22.93,38.28
1681140760.94,131.44,3.00,3.804,65.9,59.25,21.494,-0.103,43.44,24.23,22.75,38.16
1681140762.45,132.96,3.00,3.804,67.0,59.375,21.499,-0.110,43.57,24.37,22.88,38.28
1681140763.99,134.5,3.00,3.803,67.0,59.25,21.494,0.044,43.44,24.52,23.00,38.16
1681140765.55,136.06,3.00,3.803,67.0,59.25,21.499,-0.096,43.44,24.62,23.09,38.20
1681140767.09,137.59,3.00,3.801,67.0,59.25,21.499,-0.103,43.44,24.71,23.09,38.20
1681140768.60,139.1,3.00,3.803,67.0,59.125,21.503,-0.118,43.36,24.58,23.01,38.08
1681140770.11,140.61,3.00,3.800,67.0,59.125,21.503,-0.099,43.32,24.68,23.11,38.08
1681140771.65,142.16,3.00,3.803,66.4,59.25,21.499,-0.110,43.49,24.86,23.24,38.25
1681140773.18,143.69,3.00,3.802,67.0,59.25,21.503,-0.103,43.49,24.91,23.24,38.25
1681140774.72,145.23,3.00,3.802,66.4,59.25,21.503,-0.099,43.44,25.05,23.24,38.30
1681140776.24,146.74,3.00,3.802,65.9,59.25,21.503,-0.085,43.49,24.86,23.04,38.30
1681140777.75,148.26,3.00,3.801,67.0,59.125,21.503,-0.088,43.36,24.58,22.82,38.17
1681140779.28,149.79,3.00,3.802,67.0,59.125,21.503,-0.110,43.36,24.58,22.82,38.17
1681140780.81,151.31,3.00,3.801,66.4,59.125,21.503,-0.107,43.36,24.48,22.82,38.22
1681140782.37,152.87,3.00,3.802,66.4,59.125,21.503,-0.081,43.36,24.34,22.77,38.22
1681140783.90,154.41,3.00,3.801,66.4,59.125,21.503,-0.103,43.36,24.34,22.87,38.22
1681140785.44,155.95,3.00,3.800,65.9,59.0,21.503,-0.092,43.24,24.21,22.69,38.14
1681140786.97,157.48,3.00,3.800,65.9,59.125,21.503,-0.114,43.41,24.34,22.87,38.27
1681140788.50,159.01,3.00,3.800,67.0,59.125,21.503,-0.073,43.36,24.39,22.92,38.27
1681140790.02,160.53,3.00,3.800,66.4,59.125,21.503,-0.110,43.41,24.48,23.01,38.32
1681140791.56,162.07,3.00,3.800,66.4,59.0,21.503,-0.073,43.24,24.45,22.88,38.19
1681140793.10,163.6,3.00,3.799,65.9,59.125,21.503,-0.029,43.41,24.63,23.11,38.32
1681140794.64,165.15,3.00,3.797,66.4,59.0,21.503,-0.062,43.28,24.73,23.08,38.24
1681140796.15,166.65,3.00,3.799,67.0,59.0,21.508,-0.107,43.28,24.78,23.13,38.24
1681140797.67,168.17,3.00,3.797,66.4,59.125,21.503,-0.055,43.41,25.06,23.35,38.36
1681140799.17,169.68,3.00,3.799,66.4,59.0,21.508,-0.092,43.28,24.97,23.27,38.24
1681140800.71,171.22,3.00,3.799,66.4,59.0,21.503,-0.114,43.28,24.93,23.27,38.29
1681140802.25,172.76,3.00,3.798,66.4,59.0,21.508,-0.085,43.28,24.83,23.17,38.29
1681140803.77,174.27,3.00,3.798,66.4,59.0,21.508,0.015,43.28,24.83,23.17,38.29
1681140805.27,175.77,3.00,3.796,67.0,58.875,21.508,-0.096,43.16,24.65,23.00,38.16
1681140806.82,177.33,3.00,3.799,65.9,58.875,21.508,-0.118,43.16,24.60,22.95,38.21
1681140808.35,178.85,3.00,3.798,66.4,58.875,21.508,0.073,43.16,24.60,23.00,38.21
1681140809.88,180.39,3.00,3.799,65.9,59.0,21.503,-0.110,43.28,24.88,23.22,38.38
1681140811.39,181.89,3.00,3.795,66.4,58.875,21.508,-0.070,43.16,24.79,23.09,38.30
1681140812.95,183.45,3.00,3.798,66.4,59.0,21.508,-0.070,43.28,24.97,23.32,38.43
1681140814.46,184.97,3.00,3.798,65.9,59.0,21.508,-0.099,43.33,25.02,23.42,38.43
1681140816.00,186.5,3.00,3.796,66.4,59.0,21.508,-0.048,43.33,25.21,23.51,38.43
1681140817.56,188.07,3.00,3.797,66.4,58.875,21.512,-0.099,43.21,24.94,23.29,38.30
1681140819.10,189.61,3.00,3.796,65.9,58.875,21.508,-0.110,43.21,24.98,23.29,38.30
1681140820.65,191.15,3.00,3.794,66.4,58.75,21.512,-0.088,43.08,24.75,23.16,38.18
1681140822.20,192.71,3.00,3.797,66.4,58.75,21.512,-0.132,43.03,24.80,23.16,38.22
1681140823.74,194.25,3.00,3.797,65.9,58.75,21.512,-0.103,43.08,24.80,23.16,38.22
1681140825.29,195.79,3.00,3.797,66.4,58.875,21.517,-0.059,43.21,24.74,23.09,38.40
1681140826.80,197.31,3.00,3.795,66.4,58.875,21.517,-0.048,43.21,24.60,22.95,38.40
1681140828.37,198.88,3.00,3.796,66.4,58.75,21.512,-0.088,43.08,24.42,22.77,38.27
1681140829.90,200.4,3.00,3.793,66.4,58.875,21.517,-0.103,43.21,24.60,22.95,38.40
1681140831.45,201.95,3.00,3.796,65.9,58.875,21.517,-0.096,43.25,24.65,23.05,38.45
1681140832.97,203.48,3.00,3.796,65.9,58.875,21.517,-0.096,43.25,24.70,23.14,38.40
1681140834.53,205.03,3.00,3.795,66.4,58.875,21.517,-0.121,43.25,24.74,23.14,38.30
1681140836.08,206.59,3.00,3.795,66.4,58.75,21.517,-0.107,43.08,24.66,23.21,38.37
1681140837.63,208.14,3.00,3.794,66.4,58.75,21.517,-0.103,43.08,24.61,23.16,38.56
1681140839.21,209.71,3.00,3.796,65.9,58.75,21.517,-0.088,43.08,24.61,23.21,38.56
1681140840.75,211.26,3.00,3.795,65.9,58.75,21.517,-0.092,43.08,24.56,23.06,38.56
1681140842.31,212.81,3.00,3.797,65.9,58.625,21.517,-0.062,42.95,24.33,22.89,38.29
1681140843.86,214.37,3.00,3.797,65.9,58.75,21.517,-0.107,43.08,24.51,22.97,38.37
1681140845.40,215.91,3.00,3.795,65.9,58.75,21.517,-0.107,43.08,24.47,22.92,38.37
1681140846.92,217.42,3.00,3.794,66.4,58.625,21.517,-0.103,42.95,24.24,22.69,38.29
1681140848.45,218.96,3.00,3.795,65.9,58.625,21.517,-0.022,42.95,24.19,22.69,38.29
1681140849.98,220.49,3.00,3.793,65.9,58.625,21.517,-0.048,43.00,24.24,22.64,38.34
1681140851.56,222.06,3.00,3.795,65.9,58.75,21.517,0.000,43.13,24.27,22.72,38.51
1681140853.07,223.58,3.00,3.793,66.4,58.625,21.517,0.015,43.00,24.00,22.45,38.43
1681140854.61,225.11,3.00,3.791,65.9,58.625,21.521,-0.059,43.05,23.90,22.36,38.48
1681140856.13,226.64,3.00,3.793,65.9,58.625,21.521,-0.044,43.00,23.85,22.21,38.48
1681140857.67,228.17,3.00,3.792,65.9,58.625,21.521,-0.062,43.05,23.76,22.26,38.48
1681140859.22,229.73,3.00,3.793,66.4,58.625,21.521,-0.066,43.05,23.80,22.21,38.48
1681140860.79,231.3,3.00,3.793,65.9,58.5,21.521,-0.088,42.92,23.81,22.18,38.35
1681140862.31,232.81,3.00,3.790,65.9,58.5,21.521,-0.110,42.92,23.96,22.28,38.35
1681140863.84,234.34,3.00,3.789,65.9,58.5,21.521,-0.088,42.97,24.10,22.37,38.35
1681140865.39,235.9,3.00,3.792,65.9,58.625,21.521,-0.081,43.05,24.24,22.55,38.48
1681140866.92,237.43,3.00,3.791,65.9,58.625,21.525,-0.110,43.10,24.24,22.50,38.53
1681140868.45,238.95,3.00,3.789,65.9,58.5,21.521,-0.085,42.92,24.10,22.32,38.45
1681140870.00,240.51,3.00,3.792,65.9,58.5,21.521,-0.081,42.92,24.05,22.32,38.45
1681140871.52,242.02,3.00,3.791,66.4,58.5,21.525,-0.110,42.97,24.10,22.42,38.45
1681140873.08,243.59,3.00,3.791,65.9,58.625,21.525,-0.110,43.05,24.28,22.64,38.57
1681140874.63,245.13,3.00,3.789,65.9,58.5,21.525,-0.114,42.92,24.20,22.57,38.45
1681140876.15,246.65,3.00,3.791,65.9,58.375,21.521,-0.107,42.80,24.06,22.44,38.32
1681140877.72,248.23,3.00,3.791,65.9,58.5,21.521,-0.092,42.97,24.20,22.61,38.45
1681140879.25,249.75,3.00,3.790,65.9,58.375,21.525,-0.107,42.80,24.11,22.53,38.37
1681140880.79,251.3,3.00,3.789,65.9,58.375,21.525,-0.114,42.85,24.16,22.53,38.42
1681140882.35,252.85,3.00,3.790,65.9,58.5,21.525,-0.062,42.97,24.29,22.57,38.54
1681140883.87,254.38,3.00,3.790,66.4,58.5,21.521,-0.092,42.97,24.34,22.61,38.54
1681140885.41,255.91,3.00,3.787,65.9,58.5,21.525,-0.110,43.02,24.44,22.71,38.54
1681140886.92,257.42,3.00,3.789,65.4,58.375,21.525,-0.092,42.85,24.26,22.58,38.42
1681140888.43,258.93,3.00,3.789,65.9,58.375,21.525,-0.081,42.85,24.30,22.63,38.42
1681140889.97,260.47,3.00,3.789,66.4,58.5,21.525,-0.059,42.97,24.44,22.76,38.54
1681140891.48,261.98,3.00,3.786,66.4,58.375,21.525,-0.096,42.89,24.26,22.63,38.46
1681140893.02,263.52,3.00,3.788,65.9,58.375,21.525,-0.107,42.85,24.16,22.53,38.46
1681140894.54,265.04,3.00,3.788,65.9,58.375,21.525,-0.088,42.89,24.06,22.53,38.46
1681140896.09,266.6,3.00,3.788,65.9,58.375,21.530,-0.085,42.89,24.11,22.53,38.51
1681140897.64,268.15,3.00,3.788,65.9,58.375,21.530,-0.048,42.89,24.06,22.49,38.51
1681140899.16,269.66,3.00,3.788,65.9,58.25,21.525,-0.088,42.77,23.98,22.36,38.39
1681140900.69,271.19,3.00,3.788,65.9,58.25,21.525,-0.092,42.77,23.98,22.36,38.43
1681140902.21,272.72,3.00,3.787,65.9,58.25,21.530,-0.081,42.77,23.98,22.31,38.43
1681140903.72,274.23,3.00,3.785,65.4,58.25,21.525,-0.107,42.77,23.98,22.31,38.43
1681140905.24,275.75,3.00,3.787,66.4,58.25,21.525,-0.077,42.77,23.98,22.31,38.43
1681140906.80,277.31,3.00,3.788,65.9,58.375,21.525,-0.114,42.89,24.11,22.39,38.56
1681140908.32,278.83,3.00,3.787,65.4,58.25,21.530,-0.092,42.77,24.03,22.41,38.48
1681140909.87,280.37,3.00,3.786,65.9,58.25,21.525,-0.088,42.81,24.07,22.45,38.48
1681140911.39,281.9,3.00,3.787,65.9,58.25,21.530,-0.066,42.81,24.03,22.41,38.48
1681140912.91,283.41,3.00,3.786,65.9,58.25,21.530,-0.081,42.81,24.03,22.41,38.48
1681140914.44,284.95,3.00,3.786,65.9,58.25,21.530,-0.092,42.81,24.03,22.41,38.48
1681140915.99,286.49,3.00,3.785,65.9,58.125,21.530,-0.070,42.69,23.89,22.33,38.40
1681140917.48,287.99,3.00,3.783,65.4,58.125,21.530,-0.073,42.69,23.89,22.33,38.40
1681140919.04,289.54,3.00,3.785,65.4,58.125,21.534,-0.077,42.69,23.89,22.23,38.40
1681140920.55,291.06,3.00,3.783,65.9,58.25,21.534,-0.092,42.81,24.03,22.45,38.58
1681140922.06,292.56,3.00,3.784,65.4,58.25,21.530,-0.088,42.81,24.07,22.50,38.58
1681140923.62,294.12,3.00,3.785,65.9,58.25,21.530,-0.077,42.81,24.07,22.45,38.58
1681140925.14,295.65,3.00,3.784,65.9,58.125,21.534,-0.103,42.69,23.89,22.33,38.45
1681140926.65,297.16,3.00,3.784,65.9,58.125,21.534,-0.051,42.74,23.89,22.33,38.45
1681140928.22,298.72,3.00,3.785,65.4,58.25,21.534,-0.114,42.86,24.03,22.45,38.62
1681140929.76,300.26,3.00,3.783,65.9,58.125,21.534,-0.088,42.74,23.84,22.28,38.50
1681140931.31,301.81,3.00,3.785,65.4,58.125,21.534,-0.103,42.74,23.84,22.28,38.50
1681140932.83,303.34,3.00,3.784,65.9,58.125,21.534,-0.088,42.74,23.80,22.23,38.50
1681140934.39,304.89,3.00,3.784,65.4,58.125,21.534,-0.103,42.74,23.75,22.23,38.55
1681140935.93,306.43,3.00,3.781,64.8,58.0,21.534,-0.073,42.61,23.66,22.10,38.42
1681140937.46,307.96,3.00,3.784,65.4,58.125,21.534,-0.073,42.74,23.84,22.28,38.55
1681140939.00,309.5,3.00,3.781,65.4,58.125,21.534,-0.077,42.74,23.84,22.23,38.55
1681140940.52,311.03,3.00,3.783,65.9,58.125,21.534,-0.085,42.74,23.80,22.23,38.55
1681140942.06,312.56,3.00,3.780,64.8,58.0,21.530,-0.081,42.61,23.76,22.20,38.47
1681140943.58,314.09,3.00,3.783,65.9,58.0,21.530,-0.062,42.61,23.90,22.29,38.47
1681140945.13,315.64,3.00,3.783,64.8,58.125,21.530,-0.048,42.74,24.09,22.47,38.59
1681140946.67,317.17,3.00,3.782,65.4,58.0,21.530,-0.044,42.61,24.05,22.39,38.51
1681140948.25,318.75,3.00,3.783,64.8,58.125,21.530,-0.081,42.74,24.13,22.52,38.64
1681140949.77,320.28,3.00,3.782,65.9,58.125,21.534,-0.081,42.78,24.04,22.42,38.64
1681140951.33,321.83,3.00,3.781,65.4,58.0,21.534,-0.081,42.66,23.90,22.25,38.51
1681140952.86,323.36,3.00,3.779,65.9,58.0,21.534,-0.088,42.61,23.81,22.20,38.51
1681140954.40,324.9,3.00,3.781,64.8,57.875,21.534,0.033,42.48,23.72,22.12,38.44
1681140955.92,326.43,3.00,3.781,65.4,58.0,21.530,-0.062,42.66,23.81,22.15,38.56
1681140957.49,327.99,3.00,3.782,64.8,58.0,21.534,-0.073,42.61,23.71,22.10,38.56
1681140959.00,329.5,3.00,3.780,64.8,57.875,21.534,-0.114,42.48,23.53,22.02,38.44
1681140960.52,331.03,3.00,3.780,65.9,58.0,21.534,-0.081,42.66,23.71,22.15,38.61
1681140962.06,332.57,3.00,3.781,64.8,57.875,21.534,-0.048,42.53,23.53,21.97,38.48
1681140963.58,334.09,3.00,3.780,64.8,57.875,21.534,-0.073,42.53,23.48,21.88,38.48
1681140965.14,335.64,3.00,3.779,64.8,58.0,21.534,-0.077,42.66,23.57,22.05,38.61
1681140966.67,337.18,3.00,3.778,64.8,58.0,21.534,-0.062,42.66,23.66,22.15,38.66
1681140968.22,338.72,3.00,3.777,65.9,58.0,21.530,-0.073,42.66,23.76,22.25,38.66
1681140969.72,340.23,3.00,3.779,65.9,57.875,21.534,-0.092,42.53,23.82,22.26,38.53
1681140971.32,341.82,3.00,3.780,64.8,57.875,21.530,-0.088,42.53,23.96,22.31,38.53
1681140972.84,343.35,3.00,3.779,65.9,57.875,21.534,-0.125,42.53,23.91,22.31,38.53
1681140974.39,344.89,3.00,3.779,65.9,57.875,21.534,-0.125,42.53,23.87,22.26,38.58
1681140975.92,346.42,3.00,3.776,65.4,57.75,21.534,-0.103,42.41,23.68,22.09,38.45
1681140977.45,347.95,3.00,3.778,65.9,57.75,21.534,-0.055,42.45,23.49,21.94,38.45
1681140978.98,349.48,3.00,3.776,64.8,57.75,21.534,-0.062,42.45,23.44,21.89,38.45
1681140980.50,351.01,3.00,3.778,64.8,57.875,21.539,-0.062,42.58,23.58,22.02,38.58
1681140982.03,352.53,3.00,3.776,65.9,57.875,21.539,-0.070,42.58,23.53,22.02,38.63
1681140983.56,354.07,3.00,3.778,65.4,57.875,21.534,-0.066,42.58,23.53,21.97,38.63
1681140985.11,355.61,3.00,3.777,64.8,57.75,21.534,-0.073,42.45,23.44,21.89,38.50
1681140986.65,357.16,3.00,3.777,64.8,57.75,21.539,-0.107,42.50,23.44,21.94,38.50
1681140988.19,358.7,3.00,3.775,65.4,57.75,21.539,-0.103,42.45,23.44,21.89,38.55
1681140989.74,360.24,3.00,3.777,64.8,57.75,21.539,-0.118,42.50,23.44,21.89,38.55
1681140991.32,361.82,3.00,3.779,64.8,57.75,21.534,-0.099,42.50,23.35,21.85,38.60
1681140992.87,363.37,3.00,3.778,64.8,57.75,21.539,-0.000,42.50,23.44,21.99,38.60
1681140994.41,364.92,3.00,3.777,65.4,57.625,21.539,-0.092,42.37,23.26,21.81,38.47
1681140995.97,366.47,3.00,3.777,64.3,57.75,21.543,-0.085,42.50,23.39,21.94,38.60
1681140997.49,368.0,3.00,3.776,64.8,57.75,21.543,-0.059,42.50,23.35,21.89,38.60
1681140999.03,369.54,3.00,3.775,65.4,57.75,21.539,0.022,42.50,23.49,22.04,38.60
1681141000.62,371.13,3.00,3.777,64.8,57.75,21.539,-0.055,42.50,23.59,22.09,38.64
1681141002.15,372.66,3.00,3.776,65.4,57.625,21.543,-0.007,42.37,23.45,21.96,38.52
1681141003.70,374.2,3.00,3.775,64.8,57.625,21.543,-0.055,42.42,23.40,21.96,38.52
1681141005.21,375.72,3.00,3.775,65.4,57.625,21.543,-0.085,42.37,23.45,22.01,38.52
1681141006.76,377.26,3.00,3.776,64.8,57.625,21.539,-0.070,42.37,23.40,21.86,38.52
1681141008.28,378.78,3.00,3.775,64.8,57.75,21.539,-0.037,42.55,23.68,22.18,38.69
1681141009.82,380.33,3.00,3.773,64.8,57.625,21.539,-0.029,42.42,23.65,22.15,38.56
1681141011.33,381.83,3.00,3.775,65.4,57.625,21.543,0.007,42.42,23.69,22.20,38.56
1681141012.86,383.37,3.00,3.774,64.8,57.625,21.543,0.044,42.42,23.89,22.35,38.56
1681141014.40,384.91,3.00,3.774,65.4,57.625,21.539,0.015,42.42,23.98,22.44,38.61
1681141015.91,386.42,3.00,3.773,64.8,57.5,21.539,-0.037,42.34,23.94,22.41,38.49
1681141017.44,387.95,3.00,3.772,64.8,57.5,21.539,0.011,42.34,24.09,22.51,38.49
1681141018.96,389.47,3.00,3.774,64.8,57.625,21.543,0.132,42.47,24.22,22.68,38.61
1681141020.49,390.99,3.00,3.771,65.4,57.625,21.539,0.055,42.47,24.22,22.68,38.61
1681141022.03,392.53,3.00,3.773,64.8,57.5,21.539,-0.070,42.34,24.09,22.56,38.53
1681141023.57,394.08,3.00,3.773,64.8,57.5,21.539,-0.073,42.34,24.04,22.56,38.53
1681141025.10,395.6,3.00,3.773,64.8,57.5,21.539,-0.051,42.34,24.04,22.60,38.53
1681141026.64,397.15,3.00,3.774,64.8,57.5,21.539,0.029,42.34,24.19,22.65,38.53
1681141028.17,398.68,3.00,3.772,65.4,57.5,21.539,0.000,42.34,24.23,22.80,38.58
1681141029.74,400.24,3.00,3.772,64.8,57.5,21.539,0.261,42.39,24.52,22.99,38.58
1681141031.28,401.78,3.00,3.770,64.8,57.375,21.543,0.070,42.27,24.34,22.81,38.46
1681141032.80,403.3,3.00,3.772,64.8,57.5,21.543,0.051,42.39,24.52,22.94,38.58
1681141034.32,404.83,3.00,3.772,64.8,57.375,21.543,0.062,42.27,24.39,22.86,38.50
1681141035.85,406.35,3.00,3.771,64.3,57.375,21.548,-0.011,42.27,24.39,22.81,38.50
1681141037.43,407.93,3.00,3.769,64.3,57.5,21.548,0.040,42.44,24.47,22.85,38.63
1681141038.95,409.45,3.00,3.771,64.8,57.5,21.543,0.077,42.39,24.38,22.75,38.63
1681141040.47,410.98,3.00,3.770,64.8,57.5,21.543,-0.029,42.44,24.28,22.75,38.63
1681141042.00,412.5,3.00,3.771,64.8,57.5,21.543,0.040,42.39,24.33,22.75,38.68
1681141043.55,414.05,3.00,3.771,64.8,57.375,21.543,-0.048,42.31,24.20,22.67,38.55
1681141045.12,415.62,3.00,3.771,64.3,57.5,21.543,0.015,42.44,24.33,22.80,38.68
1681141046.65,417.15,3.00,3.771,64.8,57.375,21.543,-0.066,42.31,24.10,22.72,38.55
1681141048.21,418.72,3.00,3.772,64.8,57.375,21.548,0.059,42.31,24.29,22.86,38.55
1681141049.74,420.24,3.00,3.771,64.8,57.375,21.543,-0.033,42.31,24.39,22.96,38.60
1681141051.26,421.77,3.00,3.768,64.8,57.375,21.543,-0.107,42.36,24.39,22.86,38.60
1681141052.79,423.29,3.00,3.769,64.8,57.25,21.548,0.121,42.19,24.30,22.83,38.47
1681141054.30,424.81,3.00,3.769,64.8,57.25,21.548,-0.022,42.19,24.30,22.78,38.52
1681141055.84,426.34,3.00,3.769,64.8,57.375,21.548,0.004,42.31,24.34,22.72,38.65
1681141057.38,427.88,3.00,3.769,64.8,57.25,21.552,-0.033,42.19,24.11,22.59,38.52
1681141058.90,429.41,3.00,3.767,64.8,57.375,21.548,0.040,42.36,24.34,22.77,38.65
1681141060.46,430.96,3.00,3.769,64.8,57.25,21.543,0.261,42.23,24.40,22.93,38.52
1681141062.00,432.51,3.00,3.769,64.8,57.375,21.548,0.136,42.36,24.63,23.10,38.69
1681141063.57,434.08,3.00,3.770,64.8,57.375,21.548,0.037,42.36,24.63,23.15,38.69
1681141065.15,435.66,3.00,3.770,64.3,57.25,21.548,-0.029,42.23,24.49,23.07,38.57
1681141066.71,437.21,3.00,3.771,64.3,57.375,21.548,-0.007,42.36,24.48,22.91,38.69
1681141068.24,438.74,3.00,3.771,64.3,57.25,21.548,-0.044,42.28,24.35,22.88,38.57
1681141069.76,440.27,3.00,3.769,64.3,57.25,21.548,0.037,42.28,24.35,22.78,38.62
1681141071.32,441.83,3.00,3.768,64.8,57.25,21.548,-0.033,42.28,24.30,22.78,38.62
1681141072.90,443.4,3.00,3.770,64.3,57.25,21.548,0.081,42.28,24.35,22.83,38.62
1681141074.41,444.92,3.00,3.768,64.8,57.25,21.548,-0.026,42.28,24.30,22.73,38.62
1681141075.96,446.46,3.00,3.767,64.3,57.125,21.548,-0.062,42.16,24.17,22.61,38.54
1681141077.50,448.0,3.00,3.768,64.3,57.25,21.548,0.004,42.28,24.30,22.88,38.66
1681141079.01,449.52,3.00,3.768,64.3,57.25,21.548,-0.033,42.28,24.40,22.83,38.66
1681141080.55,451.06,3.00,3.765,64.3,57.125,21.548,0.015,42.16,24.22,22.66,38.54
1681141082.09,452.59,3.00,3.768,64.8,57.25,21.548,-0.029,42.28,24.21,22.73,38.66
1681141083.61,454.11,3.00,3.767,64.8,57.25,21.548,0.048,42.28,24.21,22.73,38.71
1681141085.14,455.65,3.00,3.767,64.3,57.125,21.548,0.073,42.16,24.17,22.66,38.58
1681141086.68,457.19,3.00,3.766,64.8,57.125,21.552,-0.073,42.16,24.02,22.56,38.58
1681141088.22,458.72,3.00,3.763,64.8,57.125,21.548,0.000,42.16,24.07,22.56,38.58
1681141089.74,460.24,3.00,3.766,64.3,57.125,21.548,-0.055,42.16,23.98,22.41,38.63
1681141091.28,461.79,3.00,3.765,64.3,57.125,21.548,-0.033,42.16,23.93,22.32,38.63
1681141092.83,463.33,3.00,3.767,63.8,57.125,21.552,-0.073,42.20,23.88,22.32,38.63
1681141094.37,464.88,3.00,3.767,63.8,57.0,21.548,-0.000,42.08,23.79,22.24,38.51
1681141095.91,466.42,3.00,3.766,64.3,57.125,21.552,-0.059,42.16,23.83,22.27,38.68
1681141097.44,467.95,3.00,3.766,64.8,57.125,21.552,-0.066,42.16,23.78,22.22,38.68
1681141098.96,469.47,3.00,3.763,64.8,57.0,21.552,-0.096,42.08,23.65,22.09,38.55
1681141100.52,471.03,3.00,3.766,64.3,57.125,21.552,-0.085,42.20,23.74,22.17,38.68
1681141102.05,472.55,3.00,3.765,64.3,57.0,21.552,-0.066,42.08,23.65,22.14,38.60
1681141103.60,474.11,3.00,3.765,64.3,57.0,21.552,-0.070,42.08,23.70,22.19,38.60
1681141105.18,475.68,3.00,3.766,64.3,57.125,21.552,-0.062,42.20,23.88,22.37,38.73
1681141106.70,477.21,3.00,3.764,64.8,57.0,21.552,-0.015,42.13,23.79,22.24,38.60
1681141108.25,478.76,3.00,3.764,64.3,57.0,21.552,0.026,42.08,23.84,22.33,38.60
1681141109.79,480.29,3.00,3.764,64.8,57.0,21.552,-0.081,42.13,23.75,22.29,38.60
1681141111.33,481.84,3.00,3.764,63.8,56.875,21.552,-0.077,41.95,23.61,22.21,38.47
1681141112.85,483.35,3.00,3.764,64.8,56.875,21.552,-0.085,42.00,23.66,22.21,38.52
1681141114.39,484.89,3.00,3.764,64.8,57.0,21.552,-0.073,42.13,23.70,22.33,38.65
1681141115.93,486.44,3.00,3.762,64.3,57.0,21.552,-0.073,42.13,23.60,22.24,38.70
1681141117.49,487.99,3.00,3.761,63.8,57.0,21.552,0.015,42.13,23.65,22.33,38.65
1681141119.01,489.52,3.00,3.764,64.3,56.875,21.552,-0.018,42.05,23.52,22.16,38.57
1681141120.54,491.04,3.00,3.763,63.8,57.0,21.552,-0.066,42.13,23.65,22.29,38.70
1681141122.05,492.56,3.00,3.761,64.3,56.875,21.548,-0.018,42.00,23.66,22.21,38.57
1681141123.59,494.1,3.00,3.761,64.3,56.875,21.548,-0.007,42.00,23.71,22.30,38.57
1681141125.12,495.62,3.00,3.762,64.3,56.875,21.548,0.033,42.05,23.81,22.35,38.62
1681141126.66,497.16,3.00,3.760,64.3,56.875,21.548,-0.051,42.05,23.66,22.25,38.62
1681141128.18,498.68,3.00,3.763,64.3,56.875,21.552,-0.062,42.05,23.76,22.25,38.62
1681141129.72,500.22,3.00,3.760,63.8,56.875,21.552,-0.040,42.05,23.71,22.25,38.62
1681141131.24,501.74,3.00,3.762,64.3,56.875,21.552,0.077,42.05,23.81,22.40,38.67
1681141132.76,503.26,3.00,3.761,63.8,56.75,21.552,-0.059,41.92,23.72,22.27,38.54
1681141134.28,504.78,3.00,3.761,63.8,56.75,21.552,0.048,41.97,23.77,22.37,38.54
1681141135.79,506.3,3.00,3.761,64.3,56.875,21.552,-0.051,42.09,23.85,22.40,38.67
1681141137.33,507.83,3.00,3.761,64.3,56.875,21.552,-0.022,42.09,23.85,22.40,38.67
1681141138.88,509.38,3.00,3.762,64.3,56.875,21.552,0.000,42.09,23.85,22.50,38.67
1681141140.43,510.93,3.00,3.761,63.8,56.75,21.548,0.037,41.97,23.86,22.51,38.59
1681141141.96,512.47,3.00,3.762,63.8,56.875,21.552,0.015,42.09,24.09,22.59,38.71
1681141143.48,513.98,3.00,3.760,63.8,56.75,21.552,-0.051,41.97,23.91,22.42,38.59
1681141145.00,515.5,3.00,3.760,63.8,56.75,21.557,-0.085,41.97,23.86,22.37,38.59
1681141146.53,517.03,3.00,3.760,63.8,56.75,21.557,-0.073,41.97,23.82,22.22,38.63
1681141148.06,518.56,3.00,3.760,64.3,56.75,21.557,-0.059,41.97,23.62,22.08,38.63
1681141149.60,520.1,3.00,3.758,63.8,56.75,21.552,-0.051,41.97,23.48,21.98,38.63
1681141151.13,521.63,3.00,3.760,64.3,56.625,21.557,-0.096,41.84,23.30,21.85,38.51
1681141152.65,523.15,3.00,3.759,64.3,56.75,21.552,-0.070,41.97,23.33,21.93,38.63
1681141154.23,524.73,3.00,3.754,64.3,56.75,21.557,-0.081,42.02,23.29,21.88,38.68
1681141155.80,526.3,3.00,3.760,63.8,56.75,21.557,-0.073,42.02,23.24,21.88,38.68
1681141157.33,527.83,3.00,3.760,63.8,56.75,21.557,-0.077,42.02,23.24,21.84,38.68
1681141158.85,529.35,3.00,3.760,64.3,56.75,21.557,-0.048,42.02,23.19,21.84,38.68
1681141160.39,530.9,3.00,3.760,63.8,56.625,21.557,-0.081,41.89,23.01,21.71,38.60
1681141161.95,532.46,3.00,3.759,63.8,56.625,21.557,-0.125,41.89,22.91,21.66,38.60
1681141163.51,534.01,3.00,3.759,63.8,56.75,21.552,-0.121,42.02,23.00,21.74,38.73
1681141165.08,535.58,3.00,3.760,63.8,56.625,21.557,-0.077,41.89,22.86,21.61,38.60
1681141166.58,537.09,3.00,3.759,64.8,56.625,21.557,-0.088,41.94,22.86,21.56,38.65
1681141168.11,538.62,3.00,3.757,63.8,56.625,21.557,-0.107,41.94,22.82,21.51,38.65
1681141169.65,540.15,3.00,3.759,63.8,56.5,21.557,-0.092,41.76,22.63,21.39,38.53
1681141171.21,541.71,3.00,3.759,63.8,56.5,21.557,-0.103,41.81,22.58,21.34,38.53
1681141172.74,543.25,3.00,3.759,64.3,56.625,21.557,-0.103,41.94,22.67,21.47,38.65
1681141174.28,544.79,3.00,3.758,64.8,56.625,21.557,-0.077,41.89,22.62,21.37,38.65
1681141175.83,546.34,3.00,3.758,63.8,56.625,21.557,-0.103,41.94,22.57,21.37,38.70
1681141177.38,547.88,3.00,3.758,63.8,56.625,21.557,-0.107,41.94,22.57,21.37,38.70
1681141178.91,549.41,3.00,3.756,63.8,56.5,21.557,-0.103,41.81,22.39,21.19,38.57
1681141180.43,550.94,3.00,3.757,64.3,56.625,21.557,-0.062,41.94,22.48,21.27,38.70
1681141181.98,552.49,3.00,3.757,63.8,56.625,21.557,-0.037,41.94,22.57,21.42,38.70
1681141183.53,554.03,3.00,3.756,63.8,56.5,21.557,-0.018,41.81,22.68,21.39,38.62
1681141185.13,555.63,3.00,3.760,63.8,56.5,21.561,-0.070,41.81,22.68,21.44,38.62
1681141186.65,557.15,3.00,3.756,64.3,56.5,21.557,-0.015,41.86,22.73,21.44,38.62
1681141188.19,558.69,3.00,3.753,63.8,56.5,21.557,-0.040,41.86,22.73,21.44,38.67
1681141189.73,560.24,3.00,3.756,63.8,56.5,21.557,-0.081,41.86,22.68,21.39,38.67
1681141191.28,561.78,3.00,3.756,63.8,56.5,21.557,-0.088,41.86,22.73,21.48,38.67
1681141192.81,563.31,3.00,3.755,63.8,56.5,21.557,-0.092,41.86,22.87,21.63,38.67
1681141194.33,564.84,3.00,3.754,64.3,56.5,21.557,-0.048,41.86,22.97,21.68,38.67
1681141195.88,566.38,3.00,3.756,64.3,56.5,21.557,-0.070,41.91,23.07,21.73,38.67
1681141197.40,567.9,3.00,3.756,63.8,56.375,21.557,0.077,41.73,22.98,21.65,38.59
1681141198.92,569.43,3.00,3.753,64.3,56.5,21.557,-0.026,41.91,23.12,21.73,38.72
1681141200.48,570.98,3.00,3.757,63.2,56.375,21.557,-0.077,41.78,23.08,21.60,38.59
1681141202.00,572.51,3.00,3.756,63.8,56.5,21.557,-0.000,41.91,23.12,21.63,38.72
1681141203.58,574.08,3.00,3.756,62.7,56.375,21.557,0.162,41.78,23.13,21.69,38.59
1681141205.10,575.61,3.00,3.755,63.8,56.375,21.557,-0.040,41.78,23.08,21.60,38.64
1681141206.66,577.17,3.00,3.755,63.8,56.375,21.557,-0.037,41.78,23.03,21.50,38.64
1681141208.20,578.71,3.00,3.755,64.3,56.25,21.557,-0.011,41.65,22.85,21.37,38.51
1681141209.72,580.23,3.00,3.752,63.8,56.375,21.557,-0.044,41.78,22.98,21.50,38.64
1681141211.27,581.77,3.00,3.755,62.7,56.375,21.557,-0.037,41.78,22.98,21.50,38.69
1681141212.78,583.29,3.00,3.754,63.8,56.375,21.557,-0.081,41.78,23.08,21.55,38.69
1681141214.32,584.82,3.00,3.752,64.3,56.375,21.557,-0.037,41.73,23.13,21.50,38.69
1681141215.86,586.36,3.00,3.754,62.7,56.375,21.557,-0.062,41.78,23.08,21.50,38.69
1681141217.38,587.89,3.00,3.754,63.8,56.25,21.557,-0.055,41.65,22.94,21.37,38.56
1681141218.93,589.44,3.00,3.754,63.8,56.25,21.557,-0.073,41.65,22.94,21.37,38.61
1681141220.45,590.96,3.00,3.754,63.8,56.25,21.557,-0.085,41.65,22.94,21.37,38.61
1681141222.00,592.5,3.00,3.751,62.7,56.25,21.561,-0.099,41.65,22.99,21.47,38.61
1681141223.52,594.02,3.00,3.752,64.3,56.25,21.557,-0.070,41.65,22.94,21.42,38.61
1681141225.07,595.58,3.00,3.753,63.2,56.25,21.561,-0.092,41.70,22.90,21.47,38.61
1681141226.60,597.1,3.00,3.751,63.8,56.25,21.561,-0.077,41.70,22.94,21.52,38.61
1681141228.13,598.64,3.00,3.751,63.8,56.125,21.557,-0.096,41.58,22.81,21.39,38.53
1681141229.65,600.15,3.00,3.753,63.8,56.25,21.557,-0.096,41.70,22.90,21.52,38.65
1681141231.17,601.67,3.00,3.752,63.8,56.25,21.557,-0.073,41.70,22.90,21.57,38.65
1681141232.71,603.21,3.00,3.753,63.8,56.125,21.557,-0.085,41.58,22.81,21.49,38.53
1681141234.23,604.74,3.00,3.752,63.2,56.25,21.557,-0.059,41.70,23.04,21.71,38.65
1681141235.73,606.24,3.00,3.749,63.8,56.25,21.561,-0.085,41.70,23.04,21.66,38.70
1681141237.28,607.78,3.00,3.752,62.7,56.25,21.561,-0.081,41.70,23.04,21.61,38.70
1681141238.79,609.3,3.00,3.752,63.2,56.25,21.561,-0.085,41.70,23.04,21.66,38.70
1681141240.33,610.83,3.00,3.750,63.8,56.125,21.561,-0.088,41.58,22.91,21.53,38.58
1681141241.89,612.4,3.00,3.751,62.7,56.25,21.561,-0.085,41.70,23.04,21.57,38.75
1681141243.44,613.94,3.00,3.749,63.8,56.125,21.565,-0.092,41.58,22.86,21.49,38.62
1681141244.95,615.46,3.00,3.751,63.2,56.125,21.565,-0.070,41.58,22.91,21.49,38.62
1681141246.49,617.0,3.00,3.749,63.8,56.125,21.565,-0.073,41.62,22.96,21.49,38.62
1681141248.00,618.51,3.00,3.750,63.8,56.125,21.565,-0.081,41.62,23.00,21.63,38.62
1681141249.55,620.06,3.00,3.749,63.2,56.125,21.565,-0.092,41.62,23.10,21.58,38.67
1681141251.07,621.58,3.00,3.750,62.7,56.125,21.565,-0.092,41.62,23.05,21.58,38.67
1681141252.62,623.13,3.00,3.751,63.2,56.0,21.565,-0.081,41.50,22.87,21.46,38.54
1681141254.17,624.68,3.00,3.748,63.8,56.0,21.561,-0.070,41.50,22.92,21.55,38.54
1681141255.69,626.2,3.00,3.750,63.8,56.125,21.561,-0.081,41.67,23.10,21.73,38.72
1681141257.23,627.74,3.00,3.748,62.7,56.0,21.565,-0.088,41.55,22.97,21.60,38.59
1681141258.76,629.26,3.00,3.750,63.2,56.0,21.565,-0.077,41.50,22.97,21.55,38.59
1681141260.30,630.8,3.00,3.747,62.7,56.125,21.561,-0.081,41.67,23.05,21.63,38.72
1681141261.82,632.33,3.00,3.750,63.2,56.0,21.565,-0.077,41.50,22.92,21.50,38.59
1681141263.40,633.91,3.00,3.751,62.7,56.0,21.561,-0.059,41.55,22.92,21.50,38.59
1681141264.93,635.44,3.00,3.750,62.7,56.0,21.561,-0.081,41.55,22.92,21.50,38.59
1681141266.49,636.99,3.00,3.750,63.8,56.0,21.561,-0.092,41.55,23.01,21.60,38.64
1681141268.04,638.55,3.00,3.750,62.7,56.0,21.565,-0.088,41.55,23.06,21.65,38.64
1681141269.55,640.06,3.00,3.748,63.8,56.0,21.561,-0.085,41.55,23.16,21.75,38.64
1681141271.10,641.61,3.00,3.750,62.7,55.875,21.561,-0.081,41.42,23.07,21.67,38.51
1681141272.63,643.13,3.00,3.749,63.2,56.0,21.561,-0.096,41.55,23.16,21.79,38.69
1681141274.17,644.68,3.00,3.748,63.2,56.0,21.565,-0.099,41.55,23.21,21.84,38.69
1681141275.71,646.22,3.00,3.746,63.2,56.0,21.565,-0.085,41.59,23.26,21.84,38.69
1681141277.26,647.77,3.00,3.749,62.7,56.0,21.561,-0.096,41.59,23.26,21.89,38.69
1681141278.78,649.28,3.00,3.747,63.8,55.875,21.561,-0.070,41.47,23.27,21.86,38.61
1681141280.34,650.85,3.00,3.748,63.8,56.0,21.561,-0.077,41.59,23.40,21.94,38.74
1681141281.90,652.41,3.00,3.749,62.7,56.0,21.561,-0.055,41.59,23.30,21.84,38.74
1681141283.44,653.94,3.00,3.749,62.7,55.875,21.561,-0.048,41.47,23.12,21.71,38.61
1681141284.99,655.49,3.00,3.750,62.7,55.875,21.565,-0.073,41.47,23.03,21.62,38.66
1681141286.52,657.03,3.00,3.748,62.7,55.875,21.565,-0.059,41.47,22.93,21.62,38.66
1681141288.08,658.58,3.00,3.748,63.8,55.875,21.565,-0.077,41.47,23.03,21.62,38.61
1681141289.62,660.12,3.00,3.747,62.7,55.875,21.565,-0.081,41.52,22.98,21.62,38.66
1681141291.16,661.66,3.00,3.748,62.7,55.875,21.565,-0.085,41.52,22.98,21.62,38.66
1681141292.72,663.22,3.00,3.749,62.7,55.75,21.561,-0.088,41.39,22.84,21.54,38.53
1681141294.23,664.74,3.00,3.747,62.7,55.875,21.565,-0.062,41.52,23.03,21.67,38.70
1681141295.76,666.26,3.00,3.744,63.8,55.875,21.565,-0.103,41.52,22.98,21.62,38.70
1681141297.30,667.8,3.00,3.746,62.7,55.875,21.565,-0.088,41.52,22.98,21.62,38.70
1681141298.84,669.34,3.00,3.747,62.7,55.875,21.565,-0.055,41.52,22.93,21.57,38.70
1681141300.36,670.86,3.00,3.747,63.2,55.875,21.565,-0.059,41.52,22.88,21.57,38.70
1681141301.88,672.39,3.00,3.744,62.7,55.875,21.561,-0.073,41.52,22.93,21.62,38.70
1681141303.43,673.94,3.00,3.746,62.7,55.875,21.561,-0.059,41.52,22.93,21.62,38.75
1681141304.99,675.49,3.00,3.746,63.2,55.75,21.565,-0.000,41.39,22.75,21.39,38.63
1681141306.52,677.02,3.00,3.746,63.2,55.75,21.561,-0.000,41.39,22.70,21.30,38.63
1681141308.04,678.54,3.00,3.743,62.7,55.75,21.565,0.004,41.39,22.60,21.20,38.63
1681141309.60,680.1,3.00,3.745,62.7,55.75,21.565,-0.033,41.39,22.51,21.15,38.63
1681141311.13,681.63,3.00,3.746,62.7,55.75,21.565,-0.059,41.44,22.51,21.20,38.63
1681141312.65,683.16,3.00,3.743,62.7,55.625,21.565,-0.051,41.31,22.37,21.07,38.55
1681141314.19,684.7,3.00,3.746,62.7,55.625,21.565,-0.096,41.31,22.37,21.07,38.55
1681141315.74,686.25,3.00,3.746,63.2,55.75,21.565,-0.077,41.44,22.46,21.15,38.67
1681141317.27,687.78,3.00,3.744,62.7,55.75,21.565,-0.085,41.44,22.46,21.15,38.67
1681141318.86,689.37,3.00,3.746,62.7,55.75,21.565,-0.096,41.44,22.46,21.15,38.72
1681141320.39,690.9,3.00,3.744,62.7,55.75,21.565,-0.088,41.44,22.51,21.15,38.72
1681141321.94,692.45,3.00,3.744,63.8,55.75,21.565,-0.092,41.44,22.51,21.15,38.72
1681141323.48,693.98,3.00,3.743,62.1,55.75,21.561,-0.088,41.48,22.51,21.15,38.72
1681141325.02,695.53,3.00,3.745,62.7,55.75,21.561,-0.081,41.44,22.41,21.15,38.72
1681141326.56,697.06,3.00,3.745,62.7,55.625,21.565,-0.096,41.31,22.28,21.02,38.64
1681141328.09,698.59,3.00,3.742,62.7,55.625,21.561,-0.088,41.31,22.28,21.02,38.64
1681141329.64,700.14,3.00,3.741,62.7,55.625,21.565,-0.073,41.31,22.23,21.02,38.64
1681141331.15,701.65,3.00,3.743,62.7,55.625,21.561,-0.077,41.31,22.18,21.02,38.64
1681141332.66,703.17,3.00,3.743,63.2,55.625,21.561,-0.099,41.36,22.28,21.12,38.64
1681141334.18,704.68,3.00,3.743,62.7,55.625,21.565,-0.103,41.31,22.32,21.12,38.64
1681141335.70,706.2,3.00,3.742,63.2,55.625,21.565,-0.077,41.36,22.37,21.17,38.69
1681141337.24,707.75,3.00,3.743,62.7,55.625,21.565,-0.077,41.36,22.42,21.22,38.69
1681141338.77,709.28,3.00,3.743,62.7,55.625,21.565,-0.077,41.36,22.42,21.22,38.69
1681141340.33,710.83,3.00,3.742,63.2,55.625,21.565,-0.070,41.36,22.37,21.17,38.69
1681141341.86,712.37,3.00,3.740,62.7,55.5,21.565,-0.096,41.23,22.19,20.99,38.56
1681141343.38,713.89,3.00,3.742,62.7,55.5,21.565,-0.037,41.23,22.24,20.99,38.61
1681141344.91,715.42,3.00,3.742,62.7,55.5,21.565,-0.096,41.23,22.24,20.99,38.61
1681141346.41,716.92,3.00,3.740,62.7,55.5,21.565,-0.114,41.28,22.24,20.99,38.61
1681141347.95,718.45,3.00,3.742,62.7,55.5,21.565,-0.081,41.28,22.19,20.99,38.61
1681141349.47,719.98,3.00,3.742,62.7,55.5,21.565,-0.066,41.28,22.14,20.94,38.61
1681141351.01,721.52,3.00,3.742,62.7,55.5,21.561,-0.055,41.28,22.09,20.94,38.66
1681141352.55,723.06,3.00,3.742,62.1,55.5,21.565,-0.029,41.28,22.09,20.94,38.66
1681141354.09,724.59,3.00,3.740,62.7,55.375,21.565,-0.048,41.15,21.96,20.81,38.53
1681141355.62,726.13,3.00,3.740,62.7,55.5,21.565,-0.099,41.28,22.09,20.94,38.66
1681141357.15,727.66,3.00,3.741,63.2,55.5,21.565,-0.103,41.28,22.09,20.94,38.66
1681141358.72,729.22,3.00,3.741,63.2,55.5,21.565,-0.088,41.28,22.04,20.89,38.66
1681141360.26,730.76,3.00,3.739,62.7,55.375,21.565,-0.073,41.15,21.86,20.72,38.58
1681141361.78,732.29,3.00,3.741,63.2,55.375,21.561,-0.077,41.15,21.81,20.72,38.58
1681141363.34,733.84,3.00,3.741,62.1,55.375,21.561,-0.062,41.15,21.81,20.72,38.58
1681141364.86,735.37,3.00,3.741,62.7,55.375,21.565,-0.092,41.15,21.77,20.72,38.58
1681141366.40,736.91,3.00,3.741,62.1,55.375,21.561,-0.085,41.15,21.77,20.72,38.63
1681141367.94,738.44,3.00,3.741,62.1,55.375,21.565,-0.070,41.15,21.72,20.72,38.63
1681141369.46,739.96,3.00,3.741,62.7,55.375,21.561,-0.081,41.15,21.72,20.72,38.58
1681141371.01,741.52,3.00,3.741,62.7,55.375,21.561,-0.070,41.20,21.72,20.67,38.63
1681141372.57,743.08,3.00,3.740,62.7,55.375,21.565,-0.085,41.15,21.72,20.72,38.63
1681141374.13,744.63,3.00,3.740,62.7,55.375,21.565,-0.073,41.20,21.77,20.72,38.63
1681141375.68,746.19,3.00,3.739,62.7,55.375,21.561,-0.081,41.20,21.77,20.72,38.68
1681141377.27,747.77,3.00,3.741,62.7,55.25,21.561,-0.081,41.08,21.63,20.64,38.55
1681141378.81,749.32,3.00,3.741,62.1,55.375,21.561,-0.081,41.20,21.81,20.77,38.68
1681141380.34,750.85,3.00,3.739,62.1,55.375,21.561,-0.081,41.20,21.86,20.81,38.68
1681141381.87,752.38,3.00,3.738,62.1,55.375,21.561,-0.085,41.20,21.91,20.81,38.68
1681141383.40,753.9,3.00,3.739,62.7,55.375,21.557,-0.088,41.20,21.91,20.86,38.72
1681141384.96,755.46,3.00,3.741,61.6,55.375,21.561,-0.118,41.20,21.96,20.81,38.72
1681141386.47,756.98,3.00,3.739,62.7,55.25,21.561,-0.077,41.08,21.78,20.69,38.60
1681141388.04,758.55,3.00,3.741,61.6,55.375,21.565,-0.081,41.20,21.96,20.86,38.72
1681141389.58,760.08,3.00,3.739,62.7,55.375,21.561,0.000,41.25,22.06,20.91,38.72
1681141391.16,761.66,3.00,3.741,62.1,55.25,21.561,-0.073,41.12,21.92,20.74,38.60
1681141392.67,763.18,3.00,3.739,62.1,55.25,21.565,-0.051,41.12,21.92,20.78,38.65
1681141394.24,764.75,3.00,3.739,61.6,55.25,21.565,-0.004,41.12,21.92,20.74,38.65
1681141395.77,766.27,3.00,3.739,62.1,55.125,21.561,-0.070,41.00,21.84,20.66,38.52
1681141397.32,767.83,3.00,3.739,61.6,55.25,21.561,-0.044,41.12,22.07,20.83,38.65
1681141398.87,769.38,3.00,3.739,62.7,55.25,21.561,-0.077,41.17,22.12,20.88,38.65
1681141400.39,770.9,3.00,3.738,62.1,55.25,21.565,-0.059,41.17,22.16,20.93,38.69
1681141401.96,772.46,3.00,3.738,62.7,55.25,21.565,-0.081,41.17,22.16,20.93,38.69
1681141403.52,774.02,3.00,3.738,62.1,55.25,21.565,-0.129,41.17,22.16,20.93,38.69
1681141405.05,775.55,3.00,3.736,61.6,55.125,21.565,-0.103,41.04,22.03,20.75,38.57
1681141406.61,777.12,3.00,3.738,62.7,55.125,21.565,-0.125,41.04,22.03,20.80,38.57
1681141408.16,778.66,3.00,3.736,62.1,55.25,21.561,-0.081,41.17,22.16,20.93,38.69
1681141409.70,780.21,3.00,3.738,61.6,55.125,21.561,-0.055,41.04,22.03,20.75,38.62
1681141411.23,781.74,3.00,3.737,62.1,55.125,21.565,-0.022,41.04,21.98,20.70,38.62
1681141412.77,783.28,3.00,3.737,62.1,55.125,21.561,-0.066,41.04,21.93,20.70,38.62
1681141414.30,784.8,3.00,3.734,61.6,55.125,21.561,-0.015,41.04,21.93,20.70,38.62
1681141415.81,786.31,3.00,3.736,62.1,55.0,21.561,-0.070,40.97,21.75,20.58,38.49
1681141417.33,787.83,3.00,3.736,62.1,55.125,21.561,-0.081,41.09,21.89,20.70,38.66
1681141418.84,789.35,3.00,3.736,61.6,55.125,21.561,-0.121,41.09,21.93,20.70,38.62
1681141420.36,790.86,3.00,3.736,61.6,55.125,21.561,-0.081,41.09,21.93,20.75,38.66
1681141421.89,792.4,3.00,3.737,61.6,55.125,21.561,-0.103,41.09,21.93,20.75,38.66
1681141423.43,793.94,3.00,3.737,61.6,55.0,21.561,-0.070,40.97,21.75,20.62,38.54
1681141424.95,795.45,3.00,3.736,62.7,55.0,21.561,-0.088,40.97,21.85,20.77,38.54
1681141426.48,796.98,3.00,3.734,62.7,55.125,21.561,-0.011,41.09,22.17,21.04,38.71
1681141428.03,798.53,3.00,3.736,62.1,55.125,21.561,-0.073,41.14,22.32,21.14,38.71
1681141429.56,800.06,3.00,3.736,61.6,55.125,21.561,-0.022,41.09,22.32,21.19,38.71
1681141431.09,801.59,3.00,3.733,62.1,55.0,21.565,0.062,41.01,22.33,21.11,38.58
1681141432.64,803.15,3.00,3.736,62.7,55.0,21.561,0.077,41.01,22.43,21.20,38.58
1681141434.20,804.71,3.00,3.733,62.1,55.125,21.561,0.136,41.14,22.66,21.38,38.76
1681141435.76,806.26,3.00,3.735,62.1,55.0,21.561,0.107,41.01,22.57,21.35,38.63
1681141437.29,807.8,3.00,3.734,62.1,54.875,21.561,0.055,40.89,22.49,21.22,38.51
1681141438.86,809.36,3.00,3.735,62.1,55.0,21.561,0.007,41.01,22.52,21.25,38.63
1681141440.40,810.91,3.00,3.734,61.6,55.0,21.561,-0.048,41.06,22.43,21.16,38.63
1681141441.97,812.47,3.00,3.735,61.6,55.0,21.561,-0.066,41.01,22.38,21.16,38.68
1681141443.54,814.04,3.00,3.736,61.6,55.0,21.561,-0.070,41.01,22.43,21.25,38.68
1681141445.05,815.55,3.00,3.734,61.6,55.0,21.561,-0.037,41.06,22.48,21.25,38.68
