2.02304e+13,0,111.9,4.77863
2.02304e+13,1.01601,112.333,4.51379
2.02304e+13,2.03101,109.51,4.08542
2.02304e+13,3.04701,112.869,3.63907
2.02304e+13,4.058,117.042,3.61242
2.02304e+13,5.06601,127.701,4.39454
2.02304e+13,6.082,129.257,4.576
2.02304e+13,7.09401,131.045,4.84053
2.02304e+13,8.101,129.781,4.59183
2.02304e+13,9.11701,121.369,5.23789
2.02304e+13,10.117,125.304,4.53263
2.02304e+13,11.129,122.186,4.98327
2.02304e+13,12.141,120.195,3.84213
2.02304e+13,13.156,135.942,4.38661
2.02304e+13,14.168,144.122,4.42508
2.02304e+13,15.18,145.005,4.37455
2.02304e+13,16.191,141.705,4.22184
2.02304e+13,17.207,142.903,4.4331
2.02304e+13,18.223,145.606,5.08427
2.02304e+13,19.223,143.935,3.31777
2.02304e+13,20.234,156.331,4.12626
2.02304e+13,21.246,151.718,4.00728
2.02304e+13,22.262,151.935,4.08132
2.02304e+13,23.269,141.851,4.49316
2.02304e+13,24.281,135.789,5.36846
2.02304e+13,25.293,129.701,4.37516
2.02304e+13,26.297,134.459,4.79836
2.02304e+13,27.312,129.47,4.30969
2.02304e+13,28.312,129.466,4.00708
2.02304e+13,29.32,133.194,4.09636
2.02304e+13,30.336,146.584,4.5116
2.02304e+13,31.336,138.423,4.65604
2.02304e+13,32.351,143.588,4.22603
2.02304e+13,33.359,150.346,4.10982
2.02304e+13,34.363,143.256,5.33558
2.02304e+13,35.363,137.845,3.70903
2.02304e+13,36.367,135.181,4.44694
2.02304e+13,37.375,129.352,4.4943
2.02304e+13,38.383,126.225,4.4874
2.02304e+13,39.387,129.703,4.68479
2.02304e+13,40.391,127.619,5.46917
2.02304e+13,41.398,131.889,4.43963
2.02304e+13,42.41,134.462,4.2767
2.02304e+13,43.418,129.539,4.88359
2.02304e+13,44.441,128.132,4.55879
2.02304e+13,45.457,126.852,4.08439
2.02304e+13,46.465,134.848,4.054
2.02304e+13,47.48,134.755,4.52355
2.02304e+13,48.496,131.488,3.90802
2.02304e+13,49.508,139.438,4.18146
2.02304e+13,50.512,141.094,4.77271
2.02304e+13,51.516,147.613,4.25114
2.02304e+13,52.516,151.494,3.83149
2.02304e+13,53.531,160.696,4.19692
2.02304e+13,54.543,159.024,3.41059
2.02304e+13,55.547,177.852,4.46675
2.02304e+13,56.555,180.811,3.89574
2.02304e+13,57.558,188.607,3.8546
2.02304e+13,58.57,190.774,4.80767
2.02304e+13,59.582,189.7,4.06339
2.02304e+13,60.586,190.072,4.08133
2.02304e+13,61.598,189.314,3.45471
2.02304e+13,62.601,191.672,4.68525
2.02304e+13,63.613,186.125,2.94795
2.02304e+13,64.625,198.415,3.51477
2.02304e+13,65.637,191.829,3.84708
2.02304e+13,66.644,192.352,4.54085
2.02304e+13,67.66,180.949,4.47384
2.02304e+13,68.672,176.676,3.27767
2.02304e+13,69.68,189.253,3.8948
2.02304e+13,70.691,188.47,3.89159
2.02304e+13,71.703,187.3,3.59771
2.02304e+13,72.703,182.442,3.62745
2.02304e+13,73.715,174.198,3.4853
2.02304e+13,74.73,173.722,3.94249
2.02304e+13,75.73,177.192,4.2266
2.02304e+13,76.734,175.936,4.00317
2.02304e+13,77.75,176.803,4.84972
2.02304e+13,78.754,171.885,5.0846
2.02304e+13,79.758,160.046,4.24159
2.02304e+13,80.762,155.584,4.17985
2.02304e+13,81.766,153.247,4.71396
2.02304e+13,82.773,155.112,4.05023
2.02304e+13,83.785,158.903,3.85053
2.02304e+13,84.808,161.857,4.21419
2.02304e+13,85.812,159.588,4.74733
2.02304e+13,86.816,157.672,4.45149
2.02304e+13,87.832,149.919,4.44178
2.02304e+13,88.844,153.032,4.53223
2.02304e+13,89.848,155.728,3.94687
2.02304e+13,90.848,162.049,3.94142
2.02304e+13,91.851,159.6,5.17363
2.02304e+13,92.863,163.801,4.25524
2.02304e+13,93.875,157.817,3.66021
2.02304e+13,94.883,160.425,5.09342
2.02304e+13,95.887,158.195,5.46695
2.02304e+13,96.906,147.706,3.90958
2.02304e+13,97.918,147.365,4.8375
2.02304e+13,98.93,144.551,4.42357
2.02304e+13,99.93,136.896,4.46656
2.02304e+13,100.934,141.486,5.02103
2.02304e+13,101.937,133.503,4.95807
2.02304e+13,102.937,131.61,3.97435
2.02304e+13,103.941,129.04,5.12338
2.02304e+13,104.949,131.504,5.04569
2.02304e+13,105.949,131.403,4.43348
2.02304e+13,106.953,131.533,4.00048
2.02304e+13,107.957,130.503,4.23657
2.02304e+13,108.965,128.547,4.84037
2.02304e+13,109.969,132.302,4.09281
2.02304e+13,110.973,140.541,4.60293
2.02304e+13,111.976,142.097,4.26814
2.02304e+13,112.98,143.188,4.75354
2.02304e+13,113.984,142.202,4.89581
2.02304e+13,114.988,146.144,4.93733
2.02304e+13,115.988,148.411,4.83515
2.02304e+13,116.992,145.391,4.11461
2.02304e+13,118,157.953,3.73777
2.02304e+13,119.012,164.481,3.84198
2.02304e+13,120.016,163.099,3.70876
2.02304e+13,121.027,158.091,3.73345
2.02304e+13,122.043,164.156,5.42056
2.02304e+13,123.047,157.613,4.72413
2.02304e+13,124.047,145.348,4.19259
2.02304e+13,125.062,144.225,5.23895
2.02304e+13,126.066,136.475,5.07981
2.02304e+13,127.07,134.486,5.23721
2.02304e+13,128.078,133.944,5.01758
2.02304e+13,129.086,134.264,5.22757
2.02304e+13,130.09,137.979,4.48537
2.02304e+13,131.101,134.754,3.58421
2.02304e+13,132.105,148.622,4.54547
2.02304e+13,133.109,149.181,4.03432
2.02304e+13,134.121,152.074,4.51077
2.02304e+13,135.133,149.272,4.49692
2.02304e+13,136.144,152.889,4.33131
2.02304e+13,137.156,152.981,4.50407
2.02304e+13,138.168,152.099,3.29525
2.02304e+13,139.18,145.115,5.11989
2.02304e+13,140.184,137.867,3.90872
2.02304e+13,141.199,128.867,4.86767
2.02304e+13,142.203,127.805,4.54906
2.02304e+13,143.219,131.389,5.13045
2.02304e+13,144.223,122.199,5.0336
2.02304e+13,145.226,124.056,4.57135
2.02304e+13,146.23,136.092,4.39871
2.02304e+13,147.242,148.102,5.11357
2.02304e+13,148.246,141.946,3.81862
2.02304e+13,149.254,139.668,4.53418
2.02304e+13,150.266,144.25,4.91016
2.02304e+13,151.277,146.769,4.79707
2.02304e+13,152.277,156.39,3.60519
2.02304e+13,153.281,161.252,4.07145
2.02304e+13,154.293,161.112,4.94394
2.02304e+13,155.308,160.189,4.64255
2.02304e+13,156.32,151.053,4.41021
2.02304e+13,157.324,144.471,4.949
2.02304e+13,158.336,139.939,4.55093
2.02304e+13,159.336,137.944,4.71681
2.02304e+13,160.34,140.077,5.11094
2.02304e+13,161.344,136.741,4.3306
2.02304e+13,162.355,140.725,4.62936
2.02304e+13,163.359,141.156,4.46578
2.02304e+13,164.363,147.528,4.85319
2.02304e+13,165.367,147.536,4.00061
2.02304e+13,166.375,148.943,5.33094
2.02304e+13,167.379,145.176,4.2735
2.02304e+13,168.383,149.451,5.13222
2.02304e+13,169.383,155.393,5.29038
2.02304e+13,170.394,149.003,4.83194
2.02304e+13,171.394,156.152,4.37235
2.02304e+13,172.398,168.848,3.72048
2.02304e+13,173.398,163.303,4.8055
2.02304e+13,174.398,151.066,5.33646
2.02304e+13,175.402,146.544,5.24982
2.02304e+13,176.406,144.596,4.07681
2.02304e+13,177.41,153.711,4.12934
2.02304e+13,178.426,141.735,3.88102
2.02304e+13,179.437,141.277,5.00427
2.02304e+13,180.445,136.639,5.03201
2.02304e+13,181.449,136.985,4.95143
2.02304e+13,182.457,139.565,3.88604
2.02304e+13,183.457,146.075,5.15061
2.02304e+13,184.465,150.692,3.77534
2.02304e+13,185.476,144.066,4.22287
2.02304e+13,186.48,139.492,3.74737
2.02304e+13,187.484,143.331,5.034
2.02304e+13,188.492,130.947,4.04803
2.02304e+13,189.496,139.67,4.77863
2.02304e+13,190.5,143.314,4.18773
2.02304e+13,191.504,150.467,4.55687
2.02304e+13,192.508,147.292,3.69317
2.02304e+13,193.512,155.072,4.27586
2.02304e+13,194.527,158.772,3.52733
2.02304e+13,195.535,172.587,4.30299
2.02304e+13,196.543,178.47,4.51614
2.02304e+13,197.547,178.701,3.96086
2.02304e+13,198.558,184.196,4.59139
2.02304e+13,199.562,191.905,3.91207
2.02304e+13,200.574,191.121,3.87727
2.02304e+13,201.578,194.283,4.59316
2.02304e+13,202.586,193.775,3.16786
2.02304e+13,203.59,189.28,3.31465
2.02304e+13,204.598,188.56,5.03901
2.02304e+13,205.601,167.023,4.31018
2.02304e+13,206.609,161.212,5.54441
2.02304e+13,207.621,151.389,5.20312
2.02304e+13,208.633,148.368,5.77366
2.02304e+13,209.637,136.873,5.13237
2.02304e+13,210.637,132.546,5.27807
2.02304e+13,211.652,126.645,3.9759
2.02304e+13,212.668,143.18,5.12266
2.02304e+13,213.68,133.804,4.3865
2.02304e+13,214.684,140.01,3.82607
2.02304e+13,215.695,150.431,4.27533
2.02304e+13,216.707,159.947,3.34911
2.02304e+13,217.719,158.927,3.49497
2.02304e+13,218.723,159.723,4.72328
2.02304e+13,219.734,159.803,2.86265
2.02304e+13,220.734,163.752,3.26044
2.02304e+13,221.738,168.475,4.29123
2.02304e+13,222.742,159.934,4.02317
2.02304e+13,223.746,155.587,5.53336
2.02304e+13,224.75,152.367,4.15226
2.02304e+13,225.754,154.172,3.48955
2.02304e+13,226.758,166.121,4.81712
2.02304e+13,227.769,160.697,4.9146
2.02304e+13,228.777,157.011,4.44736
2.02304e+13,229.781,153.39,5.36735
2.02304e+13,230.785,161.585,3.91641
2.02304e+13,231.785,168.786,4.21694
2.02304e+13,232.793,161.16,3.44704
2.02304e+13,233.797,173.004,4.75848
2.02304e+13,234.808,172.135,3.58035
2.02304e+13,235.812,175.082,4.54007
2.02304e+13,236.82,171.268,3.82129
2.02304e+13,237.824,163.884,3.96778
2.02304e+13,238.836,166.259,4.6027
2.02304e+13,239.836,163.191,4.03563
2.02304e+13,240.844,160.081,4.21774
2.02304e+13,241.844,166.306,5.62039
2.02304e+13,242.859,156.665,4.35865
2.02304e+13,243.875,157.722,5.39469
2.02304e+13,244.879,151.41,3.87696
2.02304e+13,245.879,149.21,3.93893
2.02304e+13,246.894,168.444,3.70948
2.02304e+13,247.894,183.973,4.09967
2.02304e+13,248.906,176.166,4.736
2.02304e+13,249.906,169.568,4.5694
2.02304e+13,250.918,168.826,4.71513
2.02304e+13,251.93,170.555,5.33844
2.02304e+13,252.941,168.77,4.06127
2.02304e+13,253.953,169.592,5.01839
2.02304e+13,254.965,151.877,5.14798
2.02304e+13,255.965,153.141,4.47796
2.02304e+13,256.973,159.894,4.46882
2.02304e+13,257.976,151.756,4.21474
2.02304e+13,258.98,160.995,3.61646
2.02304e+13,259.988,151.201,4.63397
2.02304e+13,261,147.398,4.8884
2.02304e+13,262.004,145.917,3.85984
2.02304e+13,263.016,158.6,4.18676
2.02304e+13,264.027,153.695,3.98674
2.02304e+13,265.039,152.132,4.81061
2.02304e+13,266.062,154.8,4.72953
2.02304e+13,267.074,163.127,3.78023
2.02304e+13,268.09,156.468,4.32027
2.02304e+13,269.101,173.352,4.38939
2.02304e+13,270.117,173.197,3.88979
2.02304e+13,271.117,167.197,4.18646
2.02304e+13,272.117,157.882,4.06791
2.02304e+13,273.125,163.134,3.86619
2.02304e+13,274.125,172.651,3.53353
2.02304e+13,275.141,187.96,4.05025
2.02304e+13,276.148,182.093,4.94302
2.02304e+13,277.148,181.734,4.15995
2.02304e+13,278.16,184.575,4.32108
2.02304e+13,279.168,174.777,4.11717
2.02304e+13,280.184,172.7,4.69071
2.02304e+13,281.184,177.417,3.53914
2.02304e+13,282.191,181.314,4.40674
2.02304e+13,283.191,180.557,4.41701
2.02304e+13,284.207,186.037,3.99456
2.02304e+13,285.219,185.076,4.05077
2.02304e+13,286.219,194.756,4.2559
2.02304e+13,287.226,189.707,3.87853
2.02304e+13,288.238,178.028,4.49621
2.02304e+13,289.25,174.904,4.52411
2.02304e+13,290.266,166.891,4.20553
2.02304e+13,291.277,159.772,4.29224
2.02304e+13,292.293,158.764,4.77382
2.02304e+13,293.297,153.702,4.42451
2.02304e+13,294.297,159.739,4.37523
2.02304e+13,295.308,157.613,3.85157
2.02304e+13,296.316,149.054,3.72635
2.02304e+13,297.32,157.335,4.74113
2.02304e+13,298.32,160.502,4.40348
2.02304e+13,299.32,164.606,4.39608
2.02304e+13,300.332,168.903,4.82495
2.02304e+13,301.344,165.378,4.69661
2.02304e+13,302.355,156.817,4.53291
2.02304e+13,303.367,153.945,4.34387
2.02304e+13,304.379,153.512,4.09198
2.02304e+13,305.391,151.397,3.45904
2.02304e+13,306.398,159.223,4.52061
2.02304e+13,307.406,151.732,4.7563
2.02304e+13,308.418,153.884,4.03317
2.02304e+13,309.434,168.866,3.73256
2.02304e+13,310.441,174.932,4.56033
2.02304e+13,311.457,166.132,3.69953
2.02304e+13,312.465,168.797,3.4908
2.02304e+13,313.48,168.991,5.13466
2.02304e+13,314.476,157.758,4.37965
2.02304e+13,315.48,151.098,4.20772
2.02304e+13,316.492,145.129,4.18484
2.02304e+13,317.504,146.627,3.83405
2.02304e+13,318.504,151.522,4.77018
2.02304e+13,319.508,146.278,5.08459
2.02304e+13,320.508,146.963,3.77434
2.02304e+13,321.519,156.074,4.63659
2.02304e+13,322.531,150.359,4.5647
2.02304e+13,323.535,150.242,4.77914
2.02304e+13,324.547,158.794,3.84596
2.02304e+13,325.551,179.074,4.47529
2.02304e+13,326.555,177.372,4.0683
2.02304e+13,327.558,179.459,3.44574
2.02304e+13,328.562,185.827,3.22203
2.02304e+13,329.566,174.72,4.63481
2.02304e+13,330.578,167.207,3.79477
2.02304e+13,331.582,167.379,3.66997
2.02304e+13,332.586,157.059,4.66978
2.02304e+13,333.59,163.038,4.17198
2.02304e+13,334.594,161.658,5.06423
2.02304e+13,335.605,158.792,3.69409
2.02304e+13,336.613,169.291,5.40277
2.02304e+13,337.621,154.179,4.6338
2.02304e+13,338.625,148.353,4.65883
2.02304e+13,339.629,147.833,3.46771
2.02304e+13,340.637,142.756,4.68763
2.02304e+13,341.637,149.771,4.52488
2.02304e+13,342.637,145.159,4.99916
2.02304e+13,343.641,136.762,5.33119
2.02304e+13,344.641,130.929,4.03148
2.02304e+13,345.644,129.487,3.81192
2.02304e+13,346.66,133.086,4.87831
2.02304e+13,347.672,137.829,4.75425
2.02304e+13,348.684,137.546,4.33953
2.02304e+13,349.687,137.005,3.7893
2.02304e+13,350.691,142.613,3.88191
2.02304e+13,351.703,147.071,4.54741
2.02304e+13,352.715,139.681,4.56116
2.02304e+13,353.723,133.468,4.5207
2.02304e+13,354.726,132.047,4.48546
2.02304e+13,355.738,127.962,4.24019
2.02304e+13,356.754,125.986,4.66885
2.02304e+13,357.758,132.99,4.46009
2.02304e+13,358.766,136.313,4.3086
2.02304e+13,359.777,138.303,4.04925
2.02304e+13,360.781,147.46,3.88998
2.02304e+13,361.793,152.556,4.7955
2.02304e+13,362.805,148.56,4.40976
2.02304e+13,363.808,154.027,4.43034
2.02304e+13,364.808,159.387,3.93445
2.02304e+13,365.82,158.517,4.3204
2.02304e+13,366.836,153.697,4.63372
2.02304e+13,367.848,150.404,5.13287
2.02304e+13,368.855,142.93,5.18417
2.02304e+13,369.863,140.363,4.91579
2.02304e+13,370.875,141.979,4.82317
2.02304e+13,371.879,144.266,4.66356
2.02304e+13,372.883,138.224,4.77353
2.02304e+13,373.898,140.142,4.01394
2.02304e+13,374.902,140.724,4.76721
2.02304e+13,375.914,147.592,4.11784
2.02304e+13,376.926,148.696,5.05412
2.02304e+13,377.941,141.981,5.13026
2.02304e+13,378.941,142.335,3.71919
2.02304e+13,379.957,149.897,4.77611
2.02304e+13,380.965,155.908,4.14402
2.02304e+13,381.965,159.083,4.81083
2.02304e+13,382.969,155.676,4.28674
2.02304e+13,383.973,147.491,4.85757
2.02304e+13,384.973,139.608,5.41054
2.02304e+13,385.984,131.367,5.19013
2.02304e+13,386.992,125.522,3.4928
2.02304e+13,388.008,130.455,4.1725
2.02304e+13,389.008,129.156,3.63809
2.02304e+13,390.008,131.83,3.56349
2.02304e+13,391.012,136.017,4.61979
2.02304e+13,392.027,140.728,3.76536
2.02304e+13,393.027,140.796,4.65812
2.02304e+13,394.031,141.023,4.74323
2.02304e+13,395.043,137.192,4.19145
2.02304e+13,396.043,145.428,4.50058
2.02304e+13,397.058,143.492,4.61312
2.02304e+13,398.07,139.043,3.45533
2.02304e+13,399.07,138.143,3.41054
2.02304e+13,400.074,149.45,3.89935
2.02304e+13,401.078,150.129,4.65536
2.02304e+13,402.09,142.696,5.06924
2.02304e+13,403.094,141.091,4.12314
2.02304e+13,404.101,139.779,5.0707
2.02304e+13,405.109,143.016,4.85852
2.02304e+13,406.109,147.422,3.98638
2.02304e+13,407.125,145.848,4.04516
2.02304e+13,408.137,148.388,4.53793
2.02304e+13,409.141,152.874,3.26648
2.02304e+13,410.148,153.762,3.57624
2.02304e+13,411.164,143.269,5.0974
2.02304e+13,412.18,135.634,5.28061
2.02304e+13,413.187,129.089,4.68216
2.02304e+13,414.199,127.913,5.28099
2.02304e+13,415.203,123.323,5.43045
2.02304e+13,416.219,120.223,4.94005
2.02304e+13,417.223,117.441,4.85651
2.02304e+13,418.23,117.25,5.36191
2.02304e+13,419.234,115.816,4.77016
2.02304e+13,420.242,109.592,4.19418
2.02304e+13,421.254,111.415,5.02586
2.02304e+13,422.269,106.582,4.99114
2.02304e+13,423.277,104.506,4.85278
2.02304e+13,424.289,105.34,5.13694
2.02304e+13,425.305,111.076,4.76633
2.02304e+13,426.316,116.882,5.48659
2.02304e+13,427.328,114.815,5.04812
2.02304e+13,428.344,134.178,3.04719
2.02304e+13,429.355,140.163,4.61545
2.02304e+13,430.355,144.101,4.05908
2.02304e+13,431.371,151.688,3.50578
2.02304e+13,432.383,161.579,4.72307
2.02304e+13,433.391,166.301,3.40298
2.02304e+13,434.394,166.19,4.65268
2.02304e+13,435.394,161.383,4.69731
2.02304e+13,436.398,151.067,2.9247
2.02304e+13,437.41,154.636,4.5013
2.02304e+13,438.41,159.543,3.69307
2.02304e+13,439.426,151.992,4.36191
2.02304e+13,440.434,161.929,4.58057
2.02304e+13,441.434,162.796,4.40815
2.02304e+13,442.445,166.831,4.66548
2.02304e+13,443.461,159.826,4.57703
2.02304e+13,444.473,152.224,3.629
2.02304e+13,445.473,154.72,3.481
2.02304e+13,446.488,167.693,3.66203
2.02304e+13,447.504,173.182,4.27535
2.02304e+13,448.512,170.828,3.89218
2.02304e+13,449.527,171.709,3.2647
2.02304e+13,450.531,167.208,3.92803
2.02304e+13,451.535,177.039,3.70045
2.02304e+13,452.551,173.707,3.67974
2.02304e+13,453.562,170.151,3.98089
2.02304e+13,454.57,167.378,4.41503
2.02304e+13,455.57,162.502,3.73514
2.02304e+13,456.586,171.212,4.28581
2.02304e+13,457.598,173.64,3.72618
2.02304e+13,458.605,176.492,3.90562
2.02304e+13,459.617,176.061,3.41929
2.02304e+13,460.629,179.956,5.06112
2.02304e+13,461.629,179.422,3.22273
2.02304e+13,462.629,176.271,4.04428
2.02304e+13,463.637,182.941,3.96059
2.02304e+13,464.648,180.962,3.82111
2.02304e+13,465.656,180.627,4.79647
2.02304e+13,466.672,172.791,4.16028
2.02304e+13,467.684,162.543,4.42386
2.02304e+13,468.684,165.975,4.71484
2.02304e+13,469.695,162.254,4.42132
2.02304e+13,470.711,158.182,4.13075
2.02304e+13,471.719,150.926,5.34193
2.02304e+13,472.73,150.631,5.04117
2.02304e+13,473.73,144.115,5.33381
2.02304e+13,474.734,138.8,5.53858
2.02304e+13,475.738,134.578,4.21316
2.02304e+13,476.754,139.256,3.32494
2.02304e+13,477.766,143.706,4.092
2.02304e+13,478.773,156.032,4.52937
2.02304e+13,479.773,151.568,4.78901
2.02304e+13,480.789,153.628,3.96309
2.02304e+13,481.793,158.346,4.39831
2.02304e+13,482.797,154.606,4.81763
2.02304e+13,483.812,150.157,4.64925
2.02304e+13,484.816,155.603,3.29523
2.02304e+13,485.828,166.425,5.26791
2.02304e+13,486.84,165.397,4.08335
2.02304e+13,487.855,160.186,4.45445
2.02304e+13,488.863,161.265,4.41546
2.02304e+13,489.863,170.447,3.19024
2.02304e+13,490.875,168.043,4.59094
2.02304e+13,491.887,168.601,4.35553
2.02304e+13,492.887,165.844,4.27963
2.02304e+13,493.898,160.304,4.10778
2.02304e+13,494.898,153.002,4.31077
2.02304e+13,495.914,159.209,4.45721
2.02304e+13,496.914,168.043,3.37709
2.02304e+13,497.922,174.328,4.95682
2.02304e+13,498.934,174.759,4.17455
2.02304e+13,499.934,170.216,5.37827
2.02304e+13,500.937,159.484,4.69986
2.02304e+13,501.941,149.33,4.87943
2.02304e+13,502.945,157.361,3.33634
2.02304e+13,503.953,149.631,3.4351
2.02304e+13,504.961,148.655,4.95316
2.02304e+13,505.965,146.111,4.58959
2.02304e+13,506.976,137.787,4.05665
2.02304e+13,507.988,134.908,3.57195
2.02304e+13,508.992,142.237,4.48794
2.02304e+13,509.992,138.36,3.84402
2.02304e+13,511.008,136.733,4.7464
2.02304e+13,512.019,144.725,3.56157
2.02304e+13,513.031,161.523,4.95155
2.02304e+13,514.043,161.492,5.33529
2.02304e+13,515.055,168.65,3.8813
2.02304e+13,516.062,172.635,4.33824
2.02304e+13,517.078,175.431,3.81224
2.02304e+13,518.09,173.442,3.9389
2.02304e+13,519.098,173.146,4.60759
2.02304e+13,520.105,171.689,3.83121
2.02304e+13,521.117,172.226,3.98069
2.02304e+13,522.117,183.044,4.01877
2.02304e+13,523.121,188.625,3.50441
2.02304e+13,524.133,198.427,4.20087
2.02304e+13,525.137,206.75,4.09475
2.02304e+13,526.137,230.182,4.49967
2.02304e+13,527.137,237.542,3.5766
2.02304e+13,528.144,225.556,3.60434
2.02304e+13,529.16,207.598,3.24121
2.02304e+13,530.168,195.088,3.84313
2.02304e+13,531.172,207.573,3.66244
2.02304e+13,532.172,219.436,4.10408
2.02304e+13,533.184,208.308,3.90275
2.02304e+13,534.187,215.679,3.28424
2.02304e+13,535.199,215.71,3.97794
2.02304e+13,536.215,225.189,3.33045
2.02304e+13,537.226,221.623,4.08294
2.02304e+13,538.238,209.502,3.85226
2.02304e+13,539.242,204.134,4.45733
2.02304e+13,540.25,187.666,4.47185
2.02304e+13,541.254,184.808,4.88811
2.02304e+13,542.266,177.016,3.52949
2.02304e+13,543.281,183.959,3.47271
2.02304e+13,544.289,176.612,4.34503
2.02304e+13,545.301,169.208,3.5338
2.02304e+13,546.312,171.855,4.41941
2.02304e+13,547.32,175.783,4.21649
2.02304e+13,548.336,177.664,3.90532
2.02304e+13,549.348,174.988,3.86666
2.02304e+13,550.348,171.804,4.05068
2.02304e+13,551.363,167.663,3.70689
2.02304e+13,552.375,185.815,3.9832
2.02304e+13,553.375,191.427,3.64486
2.02304e+13,554.379,182.835,4.65564
2.02304e+13,555.383,178.346,4.34704
2.02304e+13,556.391,162.309,3.66215
2.02304e+13,557.406,165.035,4.22948
2.02304e+13,558.418,164.722,4.75526
2.02304e+13,559.43,163.833,4.30624
2.02304e+13,560.434,168.556,4.39555
2.02304e+13,561.445,160.145,4.83154
2.02304e+13,562.457,157.964,4.33169
2.02304e+13,563.469,165.648,3.8632
2.02304e+13,564.473,174.375,3.50113
2.02304e+13,565.488,173.606,3.48582
2.02304e+13,566.488,176.162,4.54899
2.02304e+13,567.5,176.475,4.16003
2.02304e+13,568.504,167.774,3.42297
2.02304e+13,569.508,160.003,4.10312
2.02304e+13,570.519,152.83,3.8055
2.02304e+13,571.531,147.58,4.32205
2.02304e+13,572.543,143.935,5.37089
2.02304e+13,573.555,146.976,4.63893
2.02304e+13,574.566,145.897,4.60135
2.02304e+13,575.57,144.717,5.91766
2.02304e+13,576.582,135.233,5.16415
2.02304e+13,577.594,126.192,4.48425
2.02304e+13,578.605,131.258,4.43382
2.02304e+13,579.617,124.91,4.7841
2.02304e+13,580.633,122.47,4.90724
2.02304e+13,581.644,128.195,4.80769
2.02304e+13,582.656,137.115,4.8293
2.02304e+13,583.664,140.302,4.34699
2.02304e+13,584.676,143.778,4.40911
2.02304e+13,585.68,138.171,3.9989
2.02304e+13,586.687,152.296,3.73248
2.02304e+13,587.691,142.483,4.20471
2.02304e+13,588.707,135.202,4.6552
2.02304e+13,589.707,132.631,4.05714
2.02304e+13,590.719,127.241,5.23312
2.02304e+13,591.726,129.338,4.59356
2.02304e+13,592.726,132.687,4.73457
2.02304e+13,593.738,127.935,4.96943
2.02304e+13,594.742,125.728,4.58398
2.02304e+13,595.758,137.598,5.45149
2.02304e+13,596.766,128.38,5.75502
2.02304e+13,597.769,122.262,4.78279
2.02304e+13,598.781,119.589,4.54623
2.02304e+13,599.785,118.58,4.47848
2.02304e+13,600.785,128.093,4.46366
2.02304e+13,601.785,126.748,3.88384
2.02304e+13,602.793,128.234,3.73065
2.02304e+13,603.808,135.951,4.13348
2.02304e+13,604.82,148.29,4.18594
2.02304e+13,605.832,145.909,4.82549
2.02304e+13,606.844,145.606,4.86914
2.02304e+13,607.859,140.067,4.14043
2.02304e+13,608.859,136.004,5.62515
2.02304e+13,609.875,130.734,4.92418
2.02304e+13,610.891,131.239,4.51813
2.02304e+13,611.898,128.743,4.50297
2.02304e+13,612.914,142.334,4.57369
2.02304e+13,613.93,134.7,5.21176
2.02304e+13,614.934,130.572,4.76561
2.02304e+13,615.949,126.306,4.92517
2.02304e+13,616.961,126.21,5.22399
2.02304e+13,617.961,128.02,5.31375
2.02304e+13,618.973,122.958,4.49677
2.02304e+13,619.988,125.645,5.47955
2.02304e+13,620.996,118.482,5.43458
2.02304e+13,622,112.464,5.09205
2.02304e+13,623.012,111.266,5.68783
2.02304e+13,624.023,113.809,5.32097
2.02304e+13,625.027,107.198,5.32452
2.02304e+13,626.039,105.608,5.45049
2.02304e+13,627.051,101.811,4.985
2.02304e+13,628.051,105.69,4.67832
2.02304e+13,629.062,103.886,5.01648
2.02304e+13,630.074,107.063,5.01027
2.02304e+13,631.09,100.766,5.4262
2.02304e+13,632.101,98.475,5.01765
2.02304e+13,633.101,94.915,5.80598
2.02304e+13,634.117,94.972,5.67046
2.02304e+13,635.117,98.065,5.19487
2.02304e+13,636.129,97.6,5.83917
2.02304e+13,637.141,96.502,4.88788
2.02304e+13,638.152,93.931,5.17371
2.02304e+13,639.16,98.924,5.34283
2.02304e+13,640.16,96.801,5.27927
2.02304e+13,641.176,94.991,5.11721
2.02304e+13,642.18,95.556,4.72553
2.02304e+13,643.195,101.204,5.16198
2.02304e+13,644.211,102.576,4.77858
2.02304e+13,645.223,103.951,4.53349
2.02304e+13,646.23,106.767,4.67384
2.02304e+13,647.242,112.013,4.6267
2.02304e+13,648.246,118.487,3.44814
2.02304e+13,649.262,123.523,4.54569
2.02304e+13,650.277,122.507,3.94049
2.02304e+13,651.281,134.684,3.95358
2.02304e+13,652.285,136.436,4.10198
2.02304e+13,653.289,143.968,5.21051
2.02304e+13,654.301,147.767,4.89529
2.02304e+13,655.312,144.723,3.98632
2.02304e+13,656.32,141.953,4.26477
2.02304e+13,657.332,148.629,5.11711
2.02304e+13,658.344,146.114,4.91952
2.02304e+13,659.355,139.519,3.46569
2.02304e+13,660.371,152.245,3.50124
2.02304e+13,661.379,163.314,3.47496
2.02304e+13,662.391,183.814,4.37251
2.02304e+13,663.406,179.023,3.53533
2.02304e+13,664.406,176.84,4.94747
2.02304e+13,665.422,172.63,5.44476
2.02304e+13,666.434,169.439,4.36061
2.02304e+13,667.441,163.093,3.67847
2.02304e+13,668.457,163.858,4.25794
2.02304e+13,669.469,162.795,4.59715
2.02304e+13,670.476,162.054,4.21849
2.02304e+13,671.492,154.157,4.34782
2.02304e+13,672.508,149.699,4.30259
2.02304e+13,673.512,144.733,4.82758
2.02304e+13,674.527,138.478,4.83353
2.02304e+13,675.543,132.773,4.72412
2.02304e+13,676.555,138.441,3.7999
2.02304e+13,677.555,153.187,4.36685
2.02304e+13,678.57,156.553,5.25327
2.02304e+13,679.582,155.603,3.62364
2.02304e+13,680.582,162.403,5.34687
2.02304e+13,681.582,157.88,4.17913
2.02304e+13,682.594,154.887,4.83369
2.02304e+13,683.609,151.463,4.92998
2.02304e+13,684.621,156.934,3.77876
2.02304e+13,685.633,148.187,3.82692
2.02304e+13,686.648,153.888,3.66278
2.02304e+13,687.66,163.692,4.24747
2.02304e+13,688.668,153.906,4.74393
2.02304e+13,689.672,147.823,4.07547
2.02304e+13,690.687,141.901,5.69677
2.02304e+13,691.695,134.663,4.78615
2.02304e+13,692.699,130.594,5.76434
2.02304e+13,693.711,126.524,5.24011
2.02304e+13,694.726,120.77,4.26065
2.02304e+13,695.734,134.249,5.05263
2.02304e+13,696.746,133.701,5.00086
2.02304e+13,697.754,129.383,4.6777
2.02304e+13,698.762,128.728,5.07813
2.02304e+13,699.773,131.589,5.47378
2.02304e+13,700.781,121.792,4.5384
2.02304e+13,701.797,124.059,5.32538
2.02304e+13,702.801,116.935,5.37992
2.02304e+13,703.808,125.987,3.8747
2.02304e+13,704.82,126.033,5.08733
2.02304e+13,705.828,122.423,5.3259
2.02304e+13,706.832,124.836,5.14692
2.02304e+13,707.844,119.742,4.27088
2.02304e+13,708.844,117.266,4.43277
2.02304e+13,709.855,121.983,3.78096
2.02304e+13,710.871,128.359,5.24194
2.02304e+13,711.883,117.139,5.17968
2.02304e+13,712.898,113.505,4.9076
2.02304e+13,713.906,112.399,5.41534
2.02304e+13,714.922,111.157,5.21852
2.02304e+13,715.922,108.892,5.38184
2.02304e+13,716.93,101.717,4.55284
2.02304e+13,717.941,109.33,4.35307
2.02304e+13,718.945,115.084,4.34391
2.02304e+13,719.957,116.628,4.22022
2.02304e+13,720.969,126.254,4.30653
2.02304e+13,721.976,132.376,4.74891
2.02304e+13,722.988,130.123,4.82181
2.02304e+13,724,137.363,5.06511
2.02304e+13,725.016,138.458,5.14772
2.02304e+13,726.023,132.567,5.52579
2.02304e+13,727.027,126.304,5.33421
2.02304e+13,728.047,116.22,5.38538
2.02304e+13,729.055,117.326,5.39669
2.02304e+13,730.058,115.748,5.28852
2.02304e+13,731.058,111.589,5.26431
2.02304e+13,732.062,112.58,3.74883
2.02304e+13,733.074,125.568,4.6705
2.02304e+13,734.09,131.079,5.17405
2.02304e+13,735.098,126.3,4.87024
2.02304e+13,736.109,126.736,4.97058
2.02304e+13,737.113,126.204,5.69672
2.02304e+13,738.129,120.084,4.99112
2.02304e+13,739.141,117.097,4.91696
2.02304e+13,740.144,115.284,4.92992
2.02304e+13,741.152,123.008,4.99265
2.02304e+13,742.164,115.012,4.87587
2.02304e+13,743.176,110.917,4.87602
2.02304e+13,744.184,116.067,5.42707
2.02304e+13,745.184,123.96,4.40082
2.02304e+13,746.191,129.494,4.44058
2.02304e+13,747.191,129.934,5.44769
2.02304e+13,748.195,126.401,4.10534
2.02304e+13,749.203,131.266,4.2075
2.02304e+13,750.207,131.455,5.31472
2.02304e+13,751.219,126.993,5.44615
2.02304e+13,752.223,120.2,5.7939
2.02304e+13,753.234,115.626,5.37998
2.02304e+13,754.246,113.314,4.57878
2.02304e+13,755.254,110.237,5.72158
2.02304e+13,756.258,106.152,5.08967
2.02304e+13,757.262,103.731,5.14868
2.02304e+13,758.273,108.73,4.70086
2.02304e+13,759.289,106.194,4.92604
2.02304e+13,760.293,108.7,5.07509
2.02304e+13,761.297,112.411,4.62149
2.02304e+13,762.301,110.494,4.77471
2.02304e+13,763.308,121.502,5.60144
2.02304e+13,764.32,121.458,5.48177
2.02304e+13,765.324,122.794,5.07876
2.02304e+13,766.328,119.139,5.13185
2.02304e+13,767.336,111.664,5.59039
2.02304e+13,768.34,105.764,5.34844
2.02304e+13,769.34,103.328,5.30853
2.02304e+13,770.351,98.322,4.84258
2.02304e+13,771.363,99.716,5.69096
2.02304e+13,772.371,95.726,5.36586
2.02304e+13,773.383,99.975,5.38385
2.02304e+13,774.387,101.85,4.87613
2.02304e+13,775.387,104.525,4.71417
2.02304e+13,776.398,105.016,5.19055
2.02304e+13,777.406,108.244,5.16726
2.02304e+13,778.406,110.14,4.63904
2.02304e+13,779.41,117.857,4.00884
2.02304e+13,780.414,127.225,4.31082
2.02304e+13,781.43,131.448,3.98761
2.02304e+13,782.434,137.346,3.83535
2.02304e+13,783.437,139.708,4.20851
2.02304e+13,784.449,150.912,3.88712
2.02304e+13,785.453,149.157,3.61963
2.02304e+13,786.453,155.755,4.98911
2.02304e+13,787.469,153.072,4.9329
2.02304e+13,788.473,152.947,5.05691
2.02304e+13,789.484,148.715,4.15968
2.02304e+13,790.484,151.958,4.61577
2.02304e+13,791.488,150.208,4.46692
2.02304e+13,792.5,147.525,4.4048
2.02304e+13,793.508,148.738,4.20591
2.02304e+13,794.519,147.589,4.45203
2.02304e+13,795.523,143.017,4.73097
2.02304e+13,796.527,146.373,5.02258
2.02304e+13,797.539,142.101,4.9247
2.02304e+13,798.551,135.785,5.72533
2.02304e+13,799.562,131.313,3.98634
2.02304e+13,800.574,134.815,5.75456
2.02304e+13,801.586,131.228,5.70572
2.02304e+13,802.586,125.1,5.2634
2.02304e+13,803.586,120.381,5.61153
2.02304e+13,804.598,114.975,4.6891
2.02304e+13,805.613,111.49,5.78343
2.02304e+13,806.617,105.99,5.52234
2.02304e+13,807.621,100.784,5.32684
2.02304e+13,808.629,96.741,5.65827
2.02304e+13,809.637,99.399,5.17194
2.02304e+13,810.641,104.839,4.73149
2.02304e+13,811.648,112.305,4.79221
2.02304e+13,812.652,120.576,4.84118
2.02304e+13,813.668,125.568,4.1743
2.02304e+13,814.684,126.491,4.45492
2.02304e+13,815.684,132.753,5.75718
2.02304e+13,816.687,128.998,4.45362
2.02304e+13,817.699,129.965,4.77849
2.02304e+13,818.711,124.396,5.39062
2.02304e+13,819.723,120.535,5.19274
2.02304e+13,820.726,119.759,5.52049
2.02304e+13,821.738,124.551,4.36465
2.02304e+13,822.75,129.264,4.37685
2.02304e+13,823.762,121.329,5.02706
2.02304e+13,824.773,120.093,5.79857
2.02304e+13,825.777,109.611,5.65639
2.02304e+13,826.781,106.415,5.59344
2.02304e+13,827.785,106.637,4.99832
2.02304e+13,828.797,107.475,5.58646
2.02304e+13,829.808,104.437,5.51866
2.02304e+13,830.808,105.431,4.33794
2.02304e+13,831.812,106.774,5.53185
2.02304e+13,832.828,100.576,5.29345
2.02304e+13,833.844,98.168,5.65033
2.02304e+13,834.844,97.276,5.12521
2.02304e+13,835.855,96.694,4.43483
2.02304e+13,836.871,103.882,5.356
2.02304e+13,837.875,104.38,5.55379
2.02304e+13,838.879,103.392,4.94513
2.02304e+13,839.883,98.047,5.57934
2.02304e+13,840.887,94.712,5.48883
2.02304e+13,841.898,97.926,5.7532
2.02304e+13,842.914,99.877,5.49428
2.02304e+13,843.926,95.147,4.7818
2.02304e+13,844.93,102.522,5.67826
2.02304e+13,845.93,98.554,5.34733
2.02304e+13,846.934,105.039,3.1909
2.02304e+13,847.937,125.732,4.65066
2.02304e+13,848.937,119.402,3.7918
2.02304e+13,849.941,134.686,4.6475
2.02304e+13,850.953,130.619,3.85241
2.02304e+13,851.961,131.199,5.05859
2.02304e+13,852.973,128.564,4.55939
2.02304e+13,853.976,126.654,5.26493
2.02304e+13,854.984,123.984,5.16113
2.02304e+13,855.988,121.189,6.00782
2.02304e+13,856.992,115.433,5.49135
2.02304e+13,857.996,109.09,5.79274
2.02304e+13,859.008,104.015,5.0618
2.02304e+13,860.012,105.921,5.77614
2.02304e+13,861.016,112.526,4.39282
2.02304e+13,862.023,119.605,5.14031
2.02304e+13,863.031,112.834,5.08043
2.02304e+13,864.047,112.846,5.08945
2.02304e+13,865.051,112.875,4.84626
2.02304e+13,866.062,120.043,4.82868
2.02304e+13,867.066,131.622,5.27457
2.02304e+13,868.078,138.11,4.24745
2.02304e+13,869.082,142.599,4.22915
2.02304e+13,870.094,144.222,5.54546
2.02304e+13,871.094,135.188,5.09636
2.02304e+13,872.101,130.356,5.46758
2.02304e+13,873.105,127.578,4.87156
2.02304e+13,874.113,134.618,4.41726
2.02304e+13,875.117,139.329,4.51811
2.02304e+13,876.125,135.649,4.98084
2.02304e+13,877.141,125.679,4.95446
2.02304e+13,878.141,122.26,5.33721
2.02304e+13,879.152,119.803,4.95041
2.02304e+13,880.156,119.829,4.45621
2.02304e+13,881.16,116.279,5.19716
2.02304e+13,882.172,113.313,4.73738
2.02304e+13,883.18,113.476,5.43518
2.02304e+13,884.184,107.932,5.74793
2.02304e+13,885.207,100.371,5.96529
2.02304e+13,886.215,95,5.03159
2.02304e+13,887.223,95.403,4.78146
2.02304e+13,888.234,106.552,4.82788
2.02304e+13,889.242,109.676,4.84479
2.02304e+13,890.25,116.259,5.10363
2.02304e+13,891.25,117.397,5.43777
2.02304e+13,892.266,110.288,5.50664
2.02304e+13,893.273,104.417,5.77076
2.02304e+13,894.289,102.9,4.93865
2.02304e+13,895.293,104.761,5.07142
2.02304e+13,896.297,103.267,5.02352
2.02304e+13,897.308,103.9,5.57861
2.02304e+13,898.316,105.975,4.90832
2.02304e+13,899.332,110.044,5.09919
2.02304e+13,900.34,106.368,5.70735
2.02304e+13,901.34,114.837,5.35993
2.02304e+13,902.348,114.446,5.02012
2.02304e+13,903.359,113.7,5.76001
2.02304e+13,904.367,117.282,5.02827
2.02304e+13,905.379,117.309,4.90033
2.02304e+13,906.391,118.456,4.14201
2.02304e+13,907.398,121.081,4.51634
2.02304e+13,908.414,127.064,4.28431
2.02304e+13,909.426,136.097,3.77333
2.02304e+13,910.426,147.88,4.18956
2.02304e+13,911.434,145.912,4.64369
2.02304e+13,912.445,155.449,4.1407
2.02304e+13,913.457,155.162,5.44314
2.02304e+13,914.457,153.408,4.8078
2.02304e+13,915.461,152.645,4.66813
2.02304e+13,916.469,145.965,3.29088
2.02304e+13,917.476,143.576,4.32731
2.02304e+13,918.488,136.838,3.70122
2.02304e+13,919.5,137.975,4.00728
2.02304e+13,920.512,138.806,4.45056
2.02304e+13,921.523,138.765,4.43109
2.02304e+13,922.523,137.265,4.2658
2.02304e+13,923.539,152.763,4.66597
2.02304e+13,924.551,147.663,3.64069
2.02304e+13,925.555,144.873,5.47546
2.02304e+13,926.566,141.499,4.84564
2.02304e+13,927.578,145.716,4.08786
2.02304e+13,928.586,145.553,4.35065
2.02304e+13,929.594,149.858,3.67654
2.02304e+13,930.605,157.226,5.54985
2.02304e+13,931.605,143.275,4.53724
2.02304e+13,932.609,129.793,4.33276
2.02304e+13,933.625,132.91,5.52119
2.02304e+13,934.641,129.808,4.54461
2.02304e+13,935.644,132.714,5.31763
2.02304e+13,936.656,131.752,5.39468
2.02304e+13,937.668,127.505,3.76685
2.02304e+13,938.68,131.033,4.41867
2.02304e+13,939.691,134.622,3.90915
2.02304e+13,940.707,139.207,3.76105
2.02304e+13,941.707,134.892,4.37383
2.02304e+13,942.719,143.735,4.3673
2.02304e+13,943.73,138.227,5.27543
2.02304e+13,944.746,134.765,5.07415
2.02304e+13,945.75,125.18,4.54043
2.02304e+13,946.754,123.022,5.0301
2.02304e+13,947.758,120.969,5.10618
2.02304e+13,948.773,114.896,5.11688
2.02304e+13,949.785,120.257,4.73747
2.02304e+13,950.801,117.141,3.65391
2.02304e+13,951.805,122.601,4.86731
2.02304e+13,952.812,131.417,5.02699
2.02304e+13,953.828,132.317,3.18404
2.02304e+13,954.84,142.699,4.36946
2.02304e+13,955.851,142.187,4.30213
2.02304e+13,956.855,140.747,4.89665
2.02304e+13,957.871,134.844,5.10257
2.02304e+13,958.883,132.113,4.79715
2.02304e+13,959.887,127.754,4.63602
2.02304e+13,960.898,124.976,5.41529
2.02304e+13,961.902,123.315,5.34689
2.02304e+13,962.906,120.833,4.62443
2.02304e+13,963.918,120.881,4.31259
2.02304e+13,964.93,131.049,5.03714
2.02304e+13,965.93,126.488,5.47639
2.02304e+13,966.937,122.285,4.24554
2.02304e+13,967.949,136.9,5.25156
2.02304e+13,968.957,129.347,4.95648
2.02304e+13,969.973,124.244,5.59323
2.02304e+13,970.984,119.029,5.55165
2.02304e+13,971.992,113.858,4.83528
2.02304e+13,973.008,112.637,4.1487
2.02304e+13,974.019,107.939,4.73988
2.02304e+13,975.027,103.644,4.56442
2.02304e+13,976.043,109.706,5.49266
2.02304e+13,977.047,108.566,3.98139
2.02304e+13,978.051,115.94,5.45423
2.02304e+13,979.062,112.989,4.71259
2.02304e+13,980.074,120.268,4.96356
2.02304e+13,981.074,117.658,4.86367
2.02304e+13,982.082,116.544,3.79474
2.02304e+13,983.082,119.621,3.70289
2.02304e+13,984.094,121.168,3.85234
2.02304e+13,985.101,130.213,4.05728
2.02304e+13,986.113,130.972,3.96653
2.02304e+13,987.113,135.998,4.24829
2.02304e+13,988.129,143.093,4.48425
2.02304e+13,989.141,136.694,4.80331
2.02304e+13,990.152,126.269,4.89862
2.02304e+13,991.16,122.694,3.92866
2.02304e+13,992.176,129.706,4.83251
2.02304e+13,993.187,137.563,5.33318
2.02304e+13,994.199,133.449,4.13272
2.02304e+13,995.215,144.07,4.92572
2.02304e+13,996.226,141.395,4.62713
2.02304e+13,997.238,137.003,3.76026
2.02304e+13,998.246,142.878,5.72551
2.02304e+13,999.258,130.176,4.88937
2.02304e+13,1000.27,123.581,5.3478
2.02304e+13,1001.28,116.453,5.80008
2.02304e+13,1002.3,115.182,4.41567
2.02304e+13,1003.31,117.542,5.48813
2.02304e+13,1004.32,112.138,4.58993
2.02304e+13,1005.34,118.639,4.0262
2.02304e+13,1006.34,125.933,4.69393
2.02304e+13,1007.35,127.61,5.25948
2.02304e+13,1008.37,118.092,5.78726
2.02304e+13,1009.38,117.903,4.27371
2.02304e+13,1010.38,120.51,4.22569
2.02304e+13,1011.39,131.469,4.48425
2.02304e+13,1012.4,141.397,4.80887
2.02304e+13,1013.41,132.691,4.41711
2.02304e+13,1014.43,139.588,4.42167
2.02304e+13,1015.43,146.495,3.41723
2.02304e+13,1016.45,147.431,4.00346
2.02304e+13,1017.46,151.615,4.18174
2.02304e+13,1018.47,155.038,4.87473
2.02304e+13,1019.48,154.091,4.78171
2.02304e+13,1020.49,149.587,3.75595
2.02304e+13,1021.5,148.494,4.51914
2.02304e+13,1022.51,156.388,3.52849
2.02304e+13,1023.53,153.086,3.7629
2.02304e+13,1024.54,151.079,3.43967
2.02304e+13,1025.54,151.494,4.10553
2.02304e+13,1026.56,149.698,3.99441
2.02304e+13,1027.56,158.269,3.62175
2.02304e+13,1028.56,171.858,3.6754
2.02304e+13,1029.57,164.758,3.22926
2.02304e+13,1030.58,171.454,3.89062
2.02304e+13,1031.6,169.199,3.54654
2.02304e+13,1032.61,175.582,3.90832
2.02304e+13,1033.62,176.529,4.38191
2.02304e+13,1034.62,173.967,4.76545
2.02304e+13,1035.64,184.698,4.29848
2.02304e+13,1036.64,180.014,2.59182
2.02304e+13,1037.65,175.843,5.45841
2.02304e+13,1038.67,168.128,4.74601
2.02304e+13,1039.68,163.981,4.63491
2.02304e+13,1040.69,160.841,4.42018
2.02304e+13,1041.7,161.68,4.91846
2.02304e+13,1042.72,160.357,3.72293
2.02304e+13,1043.72,158.744,3.85259
2.02304e+13,1044.73,152.252,4.0807
2.02304e+13,1045.75,146.979,4.66881
2.02304e+13,1046.75,152.178,4.97305
2.02304e+13,1047.77,148.866,3.90755
2.02304e+13,1048.77,142.824,4.55902
2.02304e+13,1049.78,142.467,4.1952
2.02304e+13,1050.79,141.998,3.95257
2.02304e+13,1051.81,147.791,3.79586
2.02304e+13,1052.82,163.884,4.58531
2.02304e+13,1053.82,161.81,4.84255
2.02304e+13,1054.84,164.007,3.97354
2.02304e+13,1055.84,168.411,3.6443
2.02304e+13,1056.86,169.541,3.81911
2.02304e+13,1057.87,167.023,3.44709
2.02304e+13,1058.88,176.728,4.26791
2.02304e+13,1059.89,175.217,4.6644
2.02304e+13,1060.9,165.17,4.33146
2.02304e+13,1061.91,164.923,4.74838
2.02304e+13,1062.93,169.298,4.7935
2.02304e+13,1063.94,166.484,4.46959
2.02304e+13,1064.95,166.978,4.77561
2.02304e+13,1065.96,158.627,4.09718
2.02304e+13,1066.98,154.063,4.1383
2.02304e+13,1067.99,156.958,4.37099
2.02304e+13,1069,150.894,3.7478
2.02304e+13,1070,155.485,4.38719
2.02304e+13,1071,158.465,3.43279
2.02304e+13,1072.02,179.099,4.62285
2.02304e+13,1073.03,172.152,4.16371
2.02304e+13,1074.04,170.846,4.69229
2.02304e+13,1075.06,160.835,4.46673
2.02304e+13,1076.07,154.285,4.61988
2.02304e+13,1077.08,154.303,3.0862
2.02304e+13,1078.09,154.645,4.72417
2.02304e+13,1079.11,142.333,5.7045
2.02304e+13,1080.11,127.788,5.61037
2.02304e+13,1081.13,115.386,5.63136
2.02304e+13,1082.13,105.583,5.80089
2.02304e+13,1083.14,96.84,5.8557
2.02304e+13,1084.15,89.362,5.76403
2.02304e+13,1085.16,82.664,5.82668
2.02304e+13,1086.18,77.005,5.69018
2.02304e+13,1087.19,72.01,5.79225
2.02304e+13,1088.2,67.968,5.9088
2.02304e+13,1089.22,64.027,5.85805
2.02304e+13,1090.23,60.753,5.79657
2.02304e+13,1091.23,58.908,5.95089
2.02304e+13,1092.24,56.808,5.879
2.02304e+13,1093.25,53.881,5.86632
2.02304e+13,1094.27,51.74,5.60456
2.02304e+13,1095.28,49.197,5.78253
2.02304e+13,1096.29,46.853,5.84604
2.02304e+13,1097.29,45.725,5.8946
2.02304e+13,1098.3,44.205,5.82791
2.02304e+13,1099.31,42.872,5.90225
2.02304e+13,1100.32,40.648,5.85961
2.02304e+13,1101.34,39.935,5.72456
2.02304e+13,1102.35,38.481,5.80444
2.02304e+13,1103.36,38.045,5.66181
2.02304e+13,1104.38,36.877,5.83593
2.02304e+13,1105.39,36.301,5.81271
2.02304e+13,1106.4,36.106,5.77438
2.02304e+13,1107.41,35.131,5.83302
2.02304e+13,1108.43,34.751,5.72938
2.02304e+13,1109.44,33.984,5.79855
2.02304e+13,1110.46,33.009,5.89246
2.02304e+13,1111.46,32.454,5.78348
2.02304e+13,1112.48,31.756,5.76103
2.02304e+13,1113.49,31.516,5.80768
2.02304e+13,1114.49,30.676,5.66902
2.02304e+13,1115.5,31.075,5.77818
2.02304e+13,1116.52,30.881,5.77375
2.02304e+13,1117.53,30.359,5.86941
2.02304e+13,1118.54,29.506,5.83023
2.02304e+13,1119.56,29.852,5.81256
2.02304e+13,1120.56,29.703,5.90267
2.02304e+13,1121.57,30.286,5.78049
2.02304e+13,1122.58,29.85,5.69217
2.02304e+13,1123.59,29.371,5.74912
2.02304e+13,1124.61,29.458,5.78678
2.02304e+13,1125.62,29.193,5.6557
2.02304e+13,1126.63,28.436,5.88246
2.02304e+13,1127.65,28.291,5.89725
2.02304e+13,1128.66,27.676,5.9214
2.02304e+13,1129.67,27.256,5.92813
2.02304e+13,1130.68,27.039,5.88319
2.02304e+13,1131.7,26.683,5.91247
2.02304e+13,1132.7,27.332,5.81535
2.02304e+13,1133.72,26.954,5.68474
2.02304e+13,1134.73,27.179,5.81715
2.02304e+13,1135.73,26.61,5.82742
2.02304e+13,1136.75,27.14,5.76271
2.02304e+13,1137.75,26.517,5.90806
2.02304e+13,1138.76,26.244,5.92165
2.02304e+13,1139.77,26.087,5.911
2.02304e+13,1140.79,26.089,5.792
2.02304e+13,1141.8,25.78,5.90687
2.02304e+13,1142.8,25.292,5.93103
2.02304e+13,1143.8,26.023,5.87208
2.02304e+13,1144.81,26.323,5.88523
2.02304e+13,1145.83,25.979,5.76918
2.02304e+13,1146.84,26.64,5.8481
2.02304e+13,1147.84,26.389,5.92018
2.02304e+13,1148.86,26.181,5.8873
2.02304e+13,1149.86,25.785,5.90883
2.02304e+13,1150.87,25.448,5.89672
2.02304e+13,1151.88,25.334,5.77566
2.02304e+13,1152.89,25.187,5.78638
2.02304e+13,1153.9,25.609,5.74391
2.02304e+13,1154.91,25.669,5.80059
2.02304e+13,1155.93,25.764,5.79669
2.02304e+13,1156.94,26.251,5.67384
2.02304e+13,1157.95,26.251,5.80369
2.02304e+13,1158.97,27.056,5.89219
2.02304e+13,1159.97,26.739,5.83076
2.02304e+13,1160.97,26.516,5.8547
2.02304e+13,1161.99,26.238,5.84214
2.02304e+13,1163,26.153,5.84497
2.02304e+13,1164.01,26.105,5.77636
2.02304e+13,1165.02,25.907,5.86216
2.02304e+13,1166.03,25.983,5.86733
2.02304e+13,1167.04,25.551,5.89948
2.02304e+13,1168.04,26.213,5.91482
2.02304e+13,1169.04,26.051,5.79785
2.02304e+13,1170.06,26.174,5.86317
2.02304e+13,1171.07,25.631,5.89093
2.02304e+13,1172.07,25.518,5.92751
2.02304e+13,1173.08,25.207,5.94322
2.02304e+13,1174.09,25.42,5.94019
2.02304e+13,1175.11,24.564,5.93687
2.02304e+13,1176.11,24.599,5.95342
2.02304e+13,1177.13,24.963,5.93906
2.02304e+13,1178.13,25.553,5.89956
2.02304e+13,1179.14,25.348,5.81846
2.02304e+13,1180.15,25.172,5.93011
2.02304e+13,1181.15,25.659,5.92772
2.02304e+13,1182.16,25.269,5.91987
2.02304e+13,1183.18,25.025,5.88321
2.02304e+13,1184.19,25.145,5.91318
2.02304e+13,1185.2,25.272,5.92129
2.02304e+13,1186.21,24.624,5.93077
2.02304e+13,1187.21,24.766,5.93095
2.02304e+13,1188.22,24.652,5.84762
2.02304e+13,1189.22,24.652,5.8547
2.02304e+13,1190.23,24.317,5.91394
2.02304e+13,1191.24,24.234,5.85088
2.02304e+13,1192.25,24.122,5.88932
2.02304e+13,1193.26,23.959,5.91606
2.02304e+13,1194.27,24.429,5.90242
2.02304e+13,1195.29,24.367,5.91121
2.02304e+13,1196.3,24.468,5.82752
2.02304e+13,1197.31,24.677,5.8905
2.02304e+13,1198.32,24.421,5.84674
2.02304e+13,1199.34,24.454,5.86333
2.02304e+13,1200.34,24.537,5.89078
2.02304e+13,1201.36,23.785,5.91269
2.02304e+13,1202.36,23.827,5.88495
2.02304e+13,1203.36,23.659,5.88875
2.02304e+13,1204.36,23.077,5.92814
2.02304e+13,1205.38,22.779,5.93465
2.02304e+13,1206.39,23.013,5.81477
2.02304e+13,1207.4,22.937,5.84561
2.02304e+13,1208.4,23.278,5.91761
2.02304e+13,1209.41,23.009,5.91035
2.02304e+13,1210.42,22.902,5.85633
2.02304e+13,1211.43,22.875,5.8984
2.02304e+13,1212.44,22.463,5.85474
2.02304e+13,1213.45,23.084,5.90116
2.02304e+13,1214.45,23.063,5.93555
2.02304e+13,1215.46,22.906,5.94236
2.02304e+13,1216.47,22.734,5.93061
2.02304e+13,1217.49,22.618,5.93677
2.02304e+13,1218.5,22.699,5.94698
2.02304e+13,1219.51,22.949,5.92259
2.02304e+13,1220.52,22.757,5.91132
2.02304e+13,1221.54,22.622,5.81582
2.02304e+13,1222.55,23.086,5.80384
2.02304e+13,1223.56,22.769,5.90286
2.02304e+13,1224.57,23.067,5.85864
2.02304e+13,1225.58,22.597,5.90815
2.02304e+13,1226.59,22.554,5.89851
2.02304e+13,1227.6,22.484,5.8834
2.02304e+13,1228.61,22.202,5.8893
2.02304e+13,1229.63,21.851,5.89408
2.02304e+13,1230.64,22.025,5.82756
2.02304e+13,1231.65,21.866,5.87652
2.02304e+13,1232.66,22.124,5.90237
2.02304e+13,1233.68,21.925,5.93181
2.02304e+13,1234.68,21.344,5.94267
2.02304e+13,1235.7,22.06,5.93842
2.02304e+13,1236.71,21.596,5.94013
2.02304e+13,1237.72,21.75,5.93996
2.02304e+13,1238.72,21.501,5.93398
2.02304e+13,1239.74,21.476,5.93875
2.02304e+13,1240.74,21.783,5.9104
2.02304e+13,1241.74,21.397,5.91682
2.02304e+13,1242.76,21.407,5.91101
2.02304e+13,1243.77,21.836,5.84869
2.02304e+13,1244.78,22.084,5.88157
2.02304e+13,1245.78,21.98,5.91883
2.02304e+13,1246.8,21.656,5.8758
2.02304e+13,1247.81,21.851,5.90191
2.02304e+13,1248.82,21.984,5.91615
2.02304e+13,1249.83,22.456,5.91012
2.02304e+13,1250.84,22.158,5.89199
2.02304e+13,1251.85,21.781,5.86065
2.02304e+13,1252.86,21.505,5.90592
2.02304e+13,1253.87,21.599,5.88966
2.02304e+13,1254.88,21.601,5.9282
2.02304e+13,1255.88,21.29,5.93644
2.02304e+13,1256.89,21.433,5.92743
2.02304e+13,1257.91,21.149,5.9406
2.02304e+13,1258.92,21.358,5.93572
2.02304e+13,1259.94,21.155,5.9491
2.02304e+13,1260.95,20.846,5.93601
2.02304e+13,1261.96,21.511,5.93129
2.02304e+13,1262.96,21.552,5.92399
2.02304e+13,1263.97,21.38,5.91691
2.02304e+13,1264.98,21.99,5.94111
2.02304e+13,1265.99,21.654,5.93313
2.02304e+13,1266.99,21.808,5.90459
2.02304e+13,1268,21.937,5.89241
2.02304e+13,1269,21.66,5.92016
2.02304e+13,1270.02,21.828,5.85631
2.02304e+13,1271.02,21.845,5.84489
2.02304e+13,1272.04,21.538,5.92382
2.02304e+13,1273.04,21.667,5.92323
2.02304e+13,1274.05,21.339,5.90858
2.02304e+13,1275.06,20.994,5.87912
2.02304e+13,1276.07,21.03,5.93375
2.02304e+13,1277.08,20.634,5.86331
2.02304e+13,1278.09,20.752,5.90195
2.02304e+13,1279.11,20.721,5.78597
2.02304e+13,1280.11,20.584,5.88236
2.02304e+13,1281.11,20.402,5.9125
2.02304e+13,1282.13,20.724,5.89514
2.02304e+13,1283.14,20.155,5.81664
2.02304e+13,1284.15,20.494,5.84071
2.02304e+13,1285.16,20.048,5.81793
2.02304e+13,1286.18,20.554,5.86266
2.02304e+13,1287.18,20.73,5.878
2.02304e+13,1288.19,20.556,5.91336
2.02304e+13,1289.2,20.355,5.91708
2.02304e+13,1290.21,20.924,5.91943
2.02304e+13,1291.22,21.002,5.94438
2.02304e+13,1292.23,20.746,5.93195
2.02304e+13,1293.24,20.29,5.94159
2.02304e+13,1294.25,20.48,5.93664
2.02304e+13,1295.27,19.968,5.93412
2.02304e+13,1296.28,19.916,5.92202
2.02304e+13,1297.29,19.889,5.9292
2.02304e+13,1298.31,20.016,5.92141
2.02304e+13,1299.32,20.243,5.93619
2.02304e+13,1300.32,20.401,5.92119
2.02304e+13,1301.33,20.523,5.81095
2.02304e+13,1302.34,20.759,5.81109
2.02304e+13,1303.35,20.994,5.88621
2.02304e+13,1304.36,20.945,5.79191
2.02304e+13,1305.38,21.078,5.87035
2.02304e+13,1306.39,20.796,5.888
2.02304e+13,1307.4,21.006,5.88899
2.02304e+13,1308.41,20.855,5.90547
2.02304e+13,1309.42,20.36,5.93766
2.02304e+13,1310.43,20.468,5.94264
2.02304e+13,1311.45,20.102,5.94796
2.02304e+13,1312.45,19.988,5.93717
2.02304e+13,1313.46,19.724,5.9494
2.02304e+13,1314.47,20.282,5.93746
2.02304e+13,1315.48,19.753,5.94213
2.02304e+13,1316.49,19.614,5.94531
2.02304e+13,1317.5,19.536,5.93103
2.02304e+13,1318.51,19.284,5.93712
2.02304e+13,1319.52,19.102,5.95151
2.02304e+13,1320.53,19.192,5.9411
2.02304e+13,1321.54,18.805,5.93985
2.02304e+13,1322.56,18.816,5.94856
2.02304e+13,1323.57,19.073,5.94965
2.02304e+13,1324.58,18.676,5.95175
2.02304e+13,1325.59,18.81,5.9452
2.02304e+13,1326.6,18.853,5.91111
2.02304e+13,1327.6,18.983,5.82974
2.02304e+13,1328.61,19.194,5.84484
2.02304e+13,1329.62,19.059,5.88597
2.02304e+13,1330.64,19.282,5.84192
2.02304e+13,1331.65,19.339,5.90811
2.02304e+13,1332.66,18.965,5.94147
2.02304e+13,1333.67,19.09,5.90528
2.02304e+13,1334.68,19.084,5.86869
2.02304e+13,1335.7,19.119,5.93342
2.02304e+13,1336.7,19.309,5.91222
2.02304e+13,1337.72,19.28,5.87039
2.02304e+13,1338.73,19.178,5.90181
2.02304e+13,1339.74,18.804,5.92197
2.02304e+13,1340.75,18.957,5.9353
2.02304e+13,1341.77,18.808,5.85136
2.02304e+13,1342.77,18.652,5.91117
2.02304e+13,1343.79,18.732,5.91537
2.02304e+13,1344.8,18.802,5.87567
2.02304e+13,1345.81,18.636,5.88753
2.02304e+13,1346.81,18.734,5.81617
2.02304e+13,1347.83,18.677,5.91057
2.02304e+13,1348.84,18.665,5.9127
2.02304e+13,1349.86,18.823,5.78496
2.02304e+13,1350.87,18.791,5.84063
2.02304e+13,1351.88,19.239,5.85567
2.02304e+13,1352.88,18.936,5.91079
2.02304e+13,1353.88,18.959,5.92955
2.02304e+13,1354.89,18.844,5.8879
2.02304e+13,1355.91,18.767,5.92492
2.02304e+13,1356.92,18.742,5.92366
2.02304e+13,1357.93,18.679,5.94684
2.02304e+13,1358.93,18.959,5.9024
2.02304e+13,1359.95,19.076,5.94299
2.02304e+13,1360.95,18.891,5.83511
2.02304e+13,1361.97,19.084,5.87303
2.02304e+13,1362.98,18.628,5.87535
2.02304e+13,1363.98,18.583,5.84495
2.02304e+13,1365,18.693,5.83432
2.02304e+13,1366,19.166,5.86862
2.02304e+13,1367.01,18.935,5.87761
2.02304e+13,1368.02,19.418,5.88645
2.02304e+13,1369.04,19.156,5.93809
2.02304e+13,1370.04,18.958,5.91405
2.02304e+13,1371.06,19.392,5.9059
2.02304e+13,1372.07,19.222,5.94688
2.02304e+13,1373.09,19.071,5.93292
2.02304e+13,1374.1,18.974,5.95124
2.02304e+13,1375.11,18.831,5.93828
2.02304e+13,1376.12,19.154,5.91886
2.02304e+13,1377.12,18.813,5.93634
2.02304e+13,1378.13,18.623,5.90797
2.02304e+13,1379.14,18.526,5.91495
2.02304e+13,1380.16,18.935,5.93732
2.02304e+13,1381.17,18.823,5.93101
2.02304e+13,1382.18,18.917,5.85419
2.02304e+13,1383.18,19.04,5.85878
2.02304e+13,1384.19,19.22,5.8757
2.02304e+13,1385.2,18.903,5.94278
2.02304e+13,1386.22,18.831,5.94086
2.02304e+13,1387.23,18.373,5.94667
2.02304e+13,1388.24,18.481,5.94763
2.02304e+13,1389.25,17.935,5.93944
2.02304e+13,1390.27,17.636,5.92931
2.02304e+13,1391.27,17.653,5.94834
2.02304e+13,1392.29,17.242,5.94883
2.02304e+13,1393.3,17.162,5.94065
2.02304e+13,1394.31,16.835,5.95399
2.02304e+13,1395.32,16.984,5.9492
2.02304e+13,1396.34,16.869,5.94929
2.02304e+13,1397.34,16.624,5.94897
2.02304e+13,1398.34,16.638,5.95052
2.02304e+13,1399.36,16.628,5.94976
2.02304e+13,1400.36,16.556,5.94846
2.02304e+13,1401.38,16.3,5.95164
2.02304e+13,1402.38,16.57,5.95959
2.02304e+13,1403.38,16.474,5.95588
2.02304e+13,1404.39,16.681,5.9555
2.02304e+13,1405.41,16.793,5.95041
2.02304e+13,1406.42,16.583,5.95083
2.02304e+13,1407.43,16.836,5.95663
2.02304e+13,1408.43,16.623,5.96205
2.02304e+13,1409.44,16.81,5.95287
2.02304e+13,1410.45,16.945,5.95172
2.02304e+13,1411.46,16.671,5.95171
2.02304e+13,1412.48,17.153,5.95265
2.02304e+13,1413.48,17.213,5.94744
2.02304e+13,1414.5,17.458,5.95102
2.02304e+13,1415.51,17.266,5.95224
2.02304e+13,1416.52,17.393,5.95877
2.02304e+13,1417.53,17.049,5.96386
2.02304e+13,1418.53,18.107,5.96368
2.02304e+13,1419.55,18.422,5.96889
2.02304e+13,1420.56,18.935,5.95796
2.02304e+13,1421.57,18.596,5.95304
2.02304e+13,1422.59,18.645,5.95923
2.02304e+13,1423.6,18.379,5.96709
2.02304e+13,1424.61,19.359,5.96394
2.02304e+13,1425.63,19.905,5.96079
2.02304e+13,1426.64,19.907,5.96192
2.02304e+13,1427.65,20.801,5.95281
2.02304e+13,1428.66,20.318,5.94419
2.02304e+13,1429.67,19.866,5.94648
2.02304e+13,1430.69,19.312,5.94728
2.02304e+13,1431.7,18.915,5.93734
2.02304e+13,1432.71,18.622,5.91697
2.02304e+13,1433.71,18.242,5.92521
2.02304e+13,1434.72,18.095,5.93841
2.02304e+13,1435.73,18.682,5.87004
2.02304e+13,1436.74,18.872,5.92405
2.02304e+13,1437.75,19.106,5.93224
2.02304e+13,1438.75,19.768,5.9335
2.02304e+13,1439.77,20.096,5.91748
2.02304e+13,1440.77,19.969,5.92724
2.02304e+13,1441.79,19.482,5.93659
2.02304e+13,1442.79,19.316,5.95679
2.02304e+13,1443.8,19.476,5.9541
2.02304e+13,1444.82,18.862,5.95529
2.02304e+13,1445.83,18.769,5.95887
2.02304e+13,1446.84,18.676,5.95563
2.02304e+13,1447.85,18.509,5.96181
2.02304e+13,1448.86,18.282,5.95248
2.02304e+13,1449.87,17.977,5.9369
2.02304e+13,1450.88,18.349,5.95699
2.02304e+13,1451.9,18.216,5.9535
2.02304e+13,1452.91,18.169,5.94053
2.02304e+13,1453.93,17.952,5.92686
2.02304e+13,1454.94,17.811,5.93187
2.02304e+13,1455.95,17.979,5.93875
2.02304e+13,1456.96,17.832,5.93652
2.02304e+13,1457.98,17.807,5.94296
2.02304e+13,1458.99,17.302,5.94582
2.02304e+13,1460,17.007,5.9379
2.02304e+13,1461.02,17.046,5.94503
2.02304e+13,1462.49,16.426,5.93909
