1680882823.42,3.8,0.00,3.513,43.3,34.25,20.9153,0.136,28.35,21.46,21.17,22.67
1680882824.96,5.35,0.00,3.506,43.3,34.25,20.9153,0.026,28.35,21.46,21.12,22.67
1680882826.52,6.9,0.00,3.503,43.3,34.25,20.9153,-0.000,28.35,21.36,20.97,22.67
1680882828.08,8.46,0.00,3.506,43.3,34.25,20.8810,0.000,28.35,21.31,20.97,22.67
1680882829.61,10.0,0.00,3.505,43.3,34.25,20.9153,0.103,28.30,21.27,20.88,22.67
1680882831.20,11.58,0.00,3.507,43.3,34.25,20.9153,0.110,28.35,21.22,20.97,22.67
1680882832.74,13.12,0.00,3.506,43.3,34.25,20.9153,-0.007,28.35,21.17,20.83,22.67
1680882834.33,14.71,0.00,3.507,42.8,34.25,20.8810,-0.015,28.30,20.98,20.68,22.67
1680882835.87,16.25,0.00,3.506,43.3,34.25,20.8810,-0.026,28.30,20.83,20.59,22.67
1680882837.42,17.8,0.00,3.504,43.3,34.375,20.8810,-0.022,28.43,20.86,20.62,22.79
1680882838.93,19.32,0.00,3.506,43.3,34.25,20.8810,-0.033,28.30,20.54,20.39,22.62
1680882840.45,20.84,0.00,3.504,43.3,34.375,20.8810,-0.033,28.43,20.47,20.38,22.79
1680882841.99,22.37,0.00,3.506,43.3,34.375,20.8810,-0.040,28.43,20.38,20.33,22.74
1680882843.54,23.92,0.00,3.508,42.8,34.375,20.8810,-0.033,28.43,20.33,20.23,22.74
1680882845.08,25.46,0.00,3.507,43.3,34.375,20.8810,-0.033,28.43,20.33,20.13,22.74
1680882846.63,27.01,0.00,3.505,43.3,34.375,20.8810,-0.055,28.43,20.23,20.04,22.74
1680882848.16,28.54,0.00,3.507,43.3,34.375,20.8810,-0.033,28.43,20.33,20.04,22.74
1680882849.71,30.09,0.00,3.504,43.3,34.375,20.8810,0.022,28.43,20.14,19.89,22.74
1680882851.22,31.61,0.00,3.506,43.3,34.25,20.8810,-0.022,28.30,19.86,19.62,22.62
1680882852.77,33.15,0.00,3.505,43.3,34.375,20.8810,-0.007,28.43,19.89,19.65,22.74
1680882854.28,34.67,0.00,3.507,43.3,34.375,20.8810,0.048,28.43,19.80,19.65,22.74
1680882855.80,36.19,0.00,3.505,43.3,34.375,20.8810,0.754,28.43,20.81,20.91,22.74
1680882857.35,37.73,0.00,3.507,43.3,34.375,20.8810,0.140,28.38,21.10,21.39,22.74
1680882858.90,39.28,0.00,3.507,43.3,34.375,20.8810,0.588,28.38,22.26,22.94,22.74
1680882860.44,40.83,0.00,3.505,43.3,34.375,20.8810,0.695,28.38,23.71,24.05,22.74
1680882862.00,42.38,0.00,3.507,43.9,34.375,20.8810,0.772,28.38,23.90,24.19,22.74
1680882863.52,43.91,0.00,3.506,43.3,34.375,20.8810,0.614,28.38,24.14,24.43,22.74
1680882865.09,45.48,0.00,3.508,43.9,34.375,20.8810,0.110,28.38,24.14,24.39,22.74
1680882866.65,47.03,0.00,3.508,43.3,34.375,20.8810,0.044,28.38,23.76,23.71,22.70
1680882868.20,48.58,0.00,3.507,43.3,34.375,20.8810,-0.026,28.38,22.99,23.03,22.74
1680882869.75,50.13,0.00,3.509,44.4,34.375,20.8810,0.246,28.38,23.52,23.71,22.74
1680882871.29,51.67,0.00,3.508,43.9,34.375,20.8810,-0.015,28.38,22.75,23.08,22.74
1680882872.87,53.25,0.00,3.509,44.4,34.375,20.8810,0.022,28.38,22.31,22.55,22.74
1680882874.40,54.79,0.00,3.509,43.9,34.375,20.8810,0.051,28.38,22.12,22.36,22.74
1680882875.94,56.32,0.00,3.508,43.3,34.375,20.8810,0.018,28.38,21.97,22.31,22.74
1680882877.47,57.86,0.00,3.509,43.3,34.375,20.8810,1.004,28.38,23.23,23.76,22.74
1680882879.04,59.43,0.00,3.510,43.3,34.375,20.8810,0.684,28.38,25.15,26.12,22.74
1680882880.56,60.94,0.00,3.506,43.9,34.375,20.8810,0.415,28.38,26.64,27.52,22.70
1680882882.12,62.5,0.00,3.510,43.3,34.375,20.8810,0.809,28.38,27.88,28.43,22.74
1680882883.67,64.05,0.00,3.510,43.9,34.375,20.8810,1.015,28.33,28.31,29.10,22.70
1680882885.20,65.58,0.00,3.509,43.9,34.375,20.8810,0.489,28.38,29.26,30.93,22.74
1680882886.72,67.11,0.00,3.507,43.3,34.5,20.8810,0.555,28.51,31.43,33.59,22.82
1680882888.28,68.66,0.00,3.510,43.3,34.5,20.8810,0.511,28.46,35.53,36.79,22.82
1680882889.81,70.2,3.00,3.507,43.3,34.5,20.8810,3.213,28.46,37.64,41.37,22.82
1680882891.38,71.76,3.00,3.378,44.4,34.5,20.8467,1.967,28.41,42.81,46.07,22.82
1680882892.92,73.31,3.00,3.375,44.4,34.5,20.5032,2.662,27.88,46.50,52.75,22.82
1680882894.47,74.85,3.00,3.370,43.3,34.5,20.3658,2.062,27.59,49.84,52.42,22.82
1680882896.04,76.42,3.00,3.373,43.3,34.5,20.5719,2.566,27.35,51.34,55.49,22.82
1680882897.55,77.94,3.00,3.370,43.9,34.5,20.3658,4.353,27.35,57.94,65.21,22.82
1680882899.10,79.49,3.00,3.369,44.4,34.5,20.0224,3.592,27.50,66.05,75.56,22.82
1680882900.65,81.03,3.00,3.367,44.4,34.5,20.0568,2.224,27.55,68.61,78.94,22.82
1680882902.19,82.57,3.00,3.366,43.3,34.5,20.1254,2.349,27.64,72.03,81.72,22.82
1680882903.74,84.13,3.00,3.365,43.9,34.5,20.0911,2.746,27.74,75.26,88.16,22.82
1680882905.29,85.67,3.00,3.365,43.9,34.5,19.9194,3.022,27.93,81.10,94.33,22.82
1680882906.85,87.23,3.00,3.361,43.9,34.5,19.8850,1.879,28.08,86.42,98.85,22.82
1680882908.38,88.77,3.00,3.363,43.9,34.5,20.0568,4.993,28.17,84.79,98.38,22.82
1680882909.95,90.33,3.00,3.362,43.3,34.5,20.0568,5.202,28.27,87.10,99.94,22.82
1680882911.49,91.87,3.00,3.361,44.4,34.5,20.0224,3.654,28.36,85.69,96.73,22.82
1680882913.06,93.45,3.00,3.361,43.3,34.5,20.1941,3.051,28.41,83.25,92.73,22.77
1680882914.60,94.98,3.00,3.359,43.3,34.5,20.2628,1.331,28.41,81.45,94.80,22.82
1680882916.15,96.53,3.00,3.357,44.4,34.5,20.1941,4.919,28.51,80.41,92.07,22.82
1680882917.67,98.06,3.00,3.357,44.4,34.5,20.1598,3.430,28.60,80.54,92.68,22.77
1680882919.24,99.62,3.00,3.357,43.3,34.625,20.0568,3.191,28.87,82.21,93.70,22.95
1680882920.79,101.18,3.00,3.357,43.3,34.5,20.0224,4.408,28.84,85.52,101.26,22.77
1680882922.33,102.72,3.00,3.356,43.3,34.625,19.7477,4.526,29.21,95.09,111.66,22.90
1680882923.88,104.27,3.00,3.358,43.3,34.5,19.6446,0.529,29.28,100.13,117.48,22.77
1680882925.42,105.81,3.00,3.354,44.4,34.625,19.6446,8.408,29.55,108.66,131.32,22.85
1680882926.98,107.36,3.00,3.353,44.4,34.625,19.0608,5.772,29.98,123.17,155.48,22.85
1680882928.53,108.91,3.00,3.353,43.9,34.625,19.1295,3.853,30.22,123.78,153.19,22.85
1680882930.07,110.45,3.00,3.351,44.4,34.625,19.1295,3.816,30.41,127.07,151.06,22.85
1680882931.62,112.0,3.00,3.348,44.4,34.625,19.8507,3.750,30.36,125.83,160.98,22.80
1680882933.18,113.57,3.00,3.351,43.9,34.625,18.8204,5.562,30.79,134.82,170.20,22.80
1680882934.74,115.12,3.00,3.350,44.4,34.625,19.1638,5.915,31.03,145.78,182.57,22.80
1680882936.27,116.66,3.00,3.349,43.9,34.75,19.2325,3.533,31.35,145.88,192.09,22.93
1680882937.82,118.2,3.00,3.346,44.4,34.75,18.7517,8.188,31.73,150.92,195.18,22.88
1680882939.37,119.76,3.00,3.349,43.3,34.75,19.4386,6.846,31.73,143.53,178.73,22.88
1680882940.91,121.3,3.00,3.347,44.4,34.75,19.7133,7.162,31.83,142.12,180.64,22.88
1680882942.46,122.84,3.00,3.348,43.9,34.75,19.1982,3.621,32.02,143.02,181.47,22.83
1680882943.99,124.37,3.00,3.347,44.4,34.75,19.0264,4.691,32.26,145.45,185.19,22.83
1680882945.52,125.9,3.00,3.342,44.4,34.875,19.0608,6.798,32.58,146.97,184.39,22.91
1680882947.07,127.46,3.00,3.344,44.4,34.875,19.2325,7.309,32.72,145.32,180.38,22.91
1680882948.61,129.0,3.00,3.344,44.4,34.875,19.4729,5.743,32.77,140.57,181.85,22.91
1680882950.14,130.52,3.00,3.340,43.9,34.875,18.9578,7.096,33.01,147.98,186.45,22.86
1680882951.68,132.07,3.00,3.343,44.4,34.875,19.3355,4.982,33.10,140.41,177.30,22.86
1680882953.24,133.62,3.00,3.338,44.4,34.875,19.3355,5.033,33.20,137.88,169.62,22.82
1680882954.75,135.13,3.00,3.339,44.4,35.0,19.5072,6.338,33.33,136.09,185.79,22.89
1680882956.31,136.69,3.00,3.338,43.9,34.875,18.6830,5.261,33.54,144.30,179.21,22.77
1680882957.84,138.23,3.00,3.340,44.4,35.0,19.5759,5.199,33.61,143.39,178.40,22.84
1680882959.41,139.79,3.00,3.339,43.9,35.0,19.5072,3.493,33.66,135.89,165.36,22.84
1680882960.93,141.31,3.00,3.337,44.4,35.0,19.7477,6.092,33.66,132.91,163.75,22.84
1680882962.50,142.88,3.00,3.341,44.4,35.125,19.1295,4.680,34.03,141.64,178.73,22.92
1680882964.04,144.42,3.00,3.337,44.4,35.125,19.1638,5.746,34.22,144.47,178.29,22.87
1680882965.60,145.99,3.00,3.336,44.4,35.125,19.3355,9.195,34.31,146.20,182.64,22.83
1680882967.15,147.54,3.00,3.336,44.4,35.125,19.0951,7.643,34.46,145.76,182.35,22.83
1680882968.67,149.05,3.00,3.333,44.4,35.25,19.3355,3.890,34.63,141.12,176.21,22.90
1680882970.23,150.61,3.00,3.334,44.4,35.25,19.4042,6.107,34.68,137.84,174.55,22.86
1680882971.78,152.16,3.00,3.336,44.4,35.25,19.0608,5.320,34.82,140.01,182.67,22.86
1680882973.30,153.69,3.00,3.333,44.4,35.25,19.2325,7.224,34.82,142.85,181.69,22.81
1680882974.82,155.21,3.00,3.329,44.4,35.375,19.4386,2.408,34.94,137.31,169.84,22.89
1680882976.38,156.77,3.00,3.329,43.9,35.375,19.3699,5.254,34.99,140.75,176.39,22.84
1680882977.92,158.31,3.00,3.331,44.9,35.375,19.4386,4.452,35.09,137.31,170.82,22.79
1680882979.47,159.85,3.00,3.328,44.9,35.375,19.3355,6.309,35.14,136.60,163.74,22.74
1680882981.00,161.39,3.00,3.330,44.4,35.375,19.5072,3.838,35.18,137.04,176.24,22.69
1680882982.53,162.91,3.00,3.326,44.4,35.5,19.3699,2.037,35.31,135.16,166.11,22.77
1680882984.09,164.47,3.00,3.329,44.9,35.5,19.6790,2.206,35.26,132.26,177.94,22.77
1680882985.62,166.01,3.00,3.328,44.9,35.625,19.2668,7.434,35.53,140.17,174.54,22.85
1680882987.18,167.56,3.00,3.327,44.4,35.625,19.2325,3.460,35.67,144.34,181.49,22.80
1680882988.74,169.13,3.00,3.329,44.4,35.75,19.1638,2.871,35.89,144.68,186.02,22.88
1680882990.28,170.66,3.00,3.329,44.4,35.625,19.1638,9.070,35.91,146.61,182.03,22.70
1680882991.80,172.19,3.00,3.325,44.4,35.75,19.3355,4.309,36.04,143.66,184.99,22.78
1680882993.36,173.74,3.00,3.322,44.9,35.75,19.1982,5.364,36.08,145.93,183.33,22.73
1680882994.90,175.29,3.00,3.325,44.4,35.75,19.2668,6.993,36.08,141.85,172.28,22.73
1680882996.44,176.83,3.00,3.324,44.4,35.875,19.7477,1.040,36.07,138.57,168.01,22.81
1680882997.99,178.37,3.00,3.320,44.4,35.875,19.3355,9.048,36.21,140.14,181.75,22.76
1680882999.55,179.94,3.00,3.323,44.4,35.875,18.8204,6.099,36.45,151.15,193.10,22.71
1680883001.09,181.48,3.00,3.322,44.4,36.0,19.4042,3.246,36.53,147.86,181.14,22.79
1680883002.62,183.0,3.00,3.319,44.4,36.0,19.4386,2.438,36.57,144.85,185.79,22.74
1680883004.18,184.56,3.00,3.321,44.4,36.0,19.5416,4.923,36.48,141.83,173.56,22.70
1680883005.71,186.09,3.00,3.319,44.4,36.125,19.5759,2.353,36.60,139.05,167.92,22.73
1680883007.27,187.65,3.00,3.319,44.9,36.125,19.5416,3.658,36.60,137.55,165.14,22.68
1680883008.81,189.19,3.00,3.318,45.5,36.125,19.4042,4.643,36.65,141.77,174.37,22.63
1680883010.36,190.74,3.00,3.315,44.9,36.25,19.2325,7.066,36.87,144.98,181.30,22.71
1680883011.87,192.25,3.00,3.317,45.5,36.25,18.9578,7.544,36.97,148.58,186.53,22.66
1680883013.40,193.78,3.00,3.315,45.5,36.375,19.3012,7.191,37.04,148.80,177.61,22.79
1680883014.93,195.32,3.00,3.315,45.5,36.375,19.6790,4.151,37.00,142.81,175.65,22.69
1680883016.47,196.86,3.00,3.312,45.5,36.375,19.3355,6.960,37.00,149.89,186.86,22.64
1680883018.00,198.39,3.00,3.314,45.5,36.5,19.3699,4.338,37.17,144.76,176.76,22.77
1680883019.54,199.92,3.00,3.311,45.5,36.5,19.5072,5.783,37.12,140.55,169.38,22.72
1680883021.08,201.46,3.00,3.312,45.5,36.5,19.4729,6.893,37.17,141.38,177.59,22.67
1680883022.65,203.03,3.00,3.313,45.5,36.625,19.2325,6.801,37.34,145.41,173.27,22.75
1680883024.19,204.57,3.00,3.312,46.0,36.625,19.5416,7.621,37.29,146.66,183.84,22.65
1680883025.75,206.13,3.00,3.313,45.5,36.75,19.0264,1.412,37.56,148.91,189.35,22.78
1680883027.30,207.69,3.00,3.311,45.5,36.75,19.1982,6.636,37.66,155.63,196.88,22.68
1680883028.84,209.23,3.00,3.309,45.5,36.75,19.2325,3.463,37.70,151.72,192.53,22.63
1680883030.39,210.77,3.00,3.307,44.9,36.75,19.2668,5.886,37.70,153.15,191.01,22.59
1680883031.90,212.29,3.00,3.306,45.5,36.875,19.1638,5.055,37.92,161.36,215.50,22.66
1680883033.43,213.81,3.00,3.306,45.5,36.875,19.0608,8.235,38.02,160.86,205.12,22.62
1680883034.99,215.37,3.00,3.307,45.5,37.0,19.6103,4.691,38.00,148.89,183.19,22.69
1680883036.50,216.88,3.00,3.304,45.5,37.0,19.9194,3.007,37.81,141.29,168.13,22.65
1680883038.04,218.42,3.00,3.305,45.5,37.125,19.9194,6.169,37.84,133.64,158.17,22.68
1680883039.57,219.96,3.00,3.305,46.5,37.125,19.7133,4.794,37.79,131.96,169.48,22.63
1680883041.13,221.52,3.00,3.305,45.5,37.125,19.0264,1.915,37.94,142.85,178.52,22.58
1680883042.69,223.07,3.00,3.304,46.5,37.25,19.2325,7.463,38.16,145.97,180.12,22.66
1680883044.23,224.62,3.00,3.303,46.0,37.25,19.5416,7.412,38.11,150.19,183.84,22.61
1680883045.78,226.16,3.00,3.299,46.0,37.375,19.2668,3.960,38.33,147.45,180.93,22.69
1680883047.30,227.68,3.00,3.302,46.5,37.375,19.5759,5.279,38.23,144.98,181.57,22.64
1680883048.83,229.21,3.00,3.299,46.5,37.375,19.3012,4.224,38.19,146.00,181.33,22.59
1680883050.36,230.75,3.00,3.300,46.5,37.5,19.5072,3.750,38.26,143.52,181.26,22.67
1680883051.90,232.28,3.00,3.296,45.5,37.5,19.4042,4.062,38.31,147.74,184.44,22.62
1680883053.44,233.82,3.00,3.298,46.5,37.625,19.4042,4.849,38.44,145.03,179.09,22.65
1680883055.00,235.38,3.00,3.294,46.5,37.625,19.1295,6.765,38.48,151.12,193.86,22.60
1680883056.54,236.92,3.00,3.296,46.5,37.625,18.9578,4.000,38.63,153.37,189.22,22.55
1680883058.07,238.45,3.00,3.293,46.5,37.75,19.3699,5.537,38.70,153.48,191.69,22.63
1680883059.62,240.01,3.00,3.295,46.5,37.75,19.1638,4.864,38.70,152.55,192.67,22.53
1680883061.16,241.54,3.00,3.292,46.5,37.875,19.4042,3.143,38.83,154.51,192.90,22.61
1680883062.73,243.11,3.00,3.294,46.5,37.875,19.4386,5.562,38.73,151.33,183.36,22.56
1680883064.25,244.64,3.00,3.293,47.1,38.0,19.8163,3.107,38.72,141.11,171.26,22.64
1680883065.77,246.15,3.00,3.289,47.1,38.0,19.4042,6.864,38.72,145.07,175.70,22.59
1680883067.31,247.69,3.00,3.289,47.1,38.125,19.7133,4.526,38.84,144.79,174.85,22.62
1680883068.89,249.27,3.00,3.292,46.5,38.125,19.5759,2.827,38.79,142.47,176.52,22.58
1680883070.43,250.81,3.00,3.290,47.1,38.125,19.8507,6.507,38.65,141.45,175.73,22.53
1680883072.01,252.39,3.00,3.292,46.5,38.25,19.6103,9.971,38.82,148.25,187.95,22.56
1680883073.55,253.94,3.00,3.290,47.1,38.25,18.9578,4.096,39.01,156.14,193.53,22.51
1680883075.09,255.47,3.00,3.287,47.1,38.375,19.4042,3.143,39.04,147.42,178.68,22.59
1680883076.62,257.01,3.00,3.286,47.1,38.375,19.7477,4.974,38.95,144.09,179.66,22.54
1680883078.15,258.53,3.00,3.287,47.1,38.5,19.3355,5.257,39.12,150.26,191.73,22.57
1680883079.70,260.09,3.00,3.282,47.1,38.5,19.0951,5.051,39.26,152.86,189.04,22.52
1680883081.23,261.62,3.00,3.285,47.6,38.625,19.0264,2.710,39.39,152.30,185.05,22.60
1680883082.78,263.16,3.00,3.281,47.6,38.625,19.4042,1.948,39.29,150.13,183.68,22.50
1680883084.31,264.7,3.00,3.283,47.6,38.75,19.7477,5.967,39.32,141.34,169.09,22.58
1680883085.88,266.26,3.00,3.282,47.1,38.75,19.6790,6.684,39.27,136.96,163.82,22.53
1680883087.45,267.83,3.00,3.280,47.6,38.875,19.6790,3.125,39.26,135.24,163.85,22.61
1680883089.00,269.39,3.00,3.280,47.6,38.875,19.4042,5.562,39.30,136.87,158.35,22.51
1680883090.55,270.93,3.00,3.277,47.6,39.0,19.6103,6.154,39.29,136.22,160.62,22.59
1680883092.10,272.48,3.00,3.280,47.1,39.0,19.6103,3.375,39.29,140.61,176.49,22.55
1680883093.63,274.01,3.00,3.277,48.2,39.0,18.5113,8.662,39.62,157.88,200.16,22.45
1680883095.19,275.58,3.00,3.277,47.6,39.125,19.0608,3.735,39.70,152.56,187.09,22.53
1680883096.74,277.13,3.00,3.277,47.6,39.125,19.2325,3.331,39.70,155.28,188.06,22.48
1680883098.29,278.67,3.00,3.275,47.6,39.25,19.5416,5.004,39.73,150.69,181.73,22.51
1680883099.84,280.22,3.00,3.274,47.6,39.25,19.4042,6.790,39.68,148.78,180.12,22.46
1680883101.39,281.77,3.00,3.273,47.6,39.375,19.6103,5.452,39.76,143.48,171.49,22.54
1680883102.93,283.31,3.00,3.272,47.6,39.375,19.7477,8.298,39.66,144.78,180.98,22.44
1680883104.47,284.86,3.00,3.271,47.6,39.5,19.0608,2.349,39.98,151.25,184.49,22.52
1680883106.03,286.41,3.00,3.271,48.7,39.5,19.1982,8.445,39.98,150.97,182.63,22.47
1680883107.58,287.96,3.00,3.270,48.2,39.625,19.3355,3.544,40.10,149.33,179.28,22.50
1680883109.11,289.49,3.00,3.269,48.7,39.625,19.6790,2.371,39.96,143.38,173.31,22.45
1680883110.64,291.03,3.00,3.265,48.7,39.75,19.4042,6.684,40.08,146.85,184.74,22.53
1680883112.24,292.62,3.00,3.269,48.7,39.75,18.6830,6.301,40.27,158.30,198.24,22.44
1680883113.78,294.16,3.00,3.266,48.7,39.875,19.0264,6.221,40.45,159.56,206.97,22.51
1680883115.36,295.74,3.00,3.266,48.7,39.875,18.9578,3.934,40.49,162.71,207.21,22.47
1680883116.90,297.28,3.00,3.266,48.7,40.0,19.3355,5.349,40.48,158.09,196.64,22.50
1680883118.44,298.82,3.00,3.263,48.7,40.0,19.3012,4.099,40.52,160.55,209.54,22.45
1680883119.99,300.37,3.00,3.263,48.7,40.125,18.9234,3.471,40.74,164.34,211.76,22.48
1680883121.52,301.9,3.00,3.262,48.7,40.125,19.1982,6.919,40.74,162.27,211.91,22.43
1680883123.06,303.44,3.00,3.262,48.7,40.25,18.9921,3.857,40.82,159.76,205.74,22.51
1680883124.62,305.0,3.00,3.257,48.7,40.375,19.1982,5.114,40.99,159.52,207.38,22.54
1680883126.16,306.54,3.00,3.261,48.7,40.375,19.0951,2.978,40.99,165.88,210.02,22.49
1680883127.70,308.09,3.00,3.262,49.2,40.5,19.0264,7.901,41.21,164.95,205.61,22.52
1680883129.26,309.65,3.00,3.257,48.7,40.5,19.1638,4.011,41.17,165.45,212.09,22.52
1680883130.82,311.2,3.00,3.256,48.7,40.625,18.9921,5.040,41.39,165.63,217.33,22.55
1680883132.38,312.76,3.00,3.257,48.7,40.5,18.7173,9.243,41.26,169.56,211.85,22.38
1680883133.91,314.29,3.00,3.254,48.7,40.75,19.3699,4.529,41.42,167.56,214.44,22.58
1680883135.48,315.86,3.00,3.255,48.7,40.75,19.0951,7.702,41.46,163.70,206.65,22.48
1680883137.06,317.44,3.00,3.254,49.2,40.875,19.2668,4.820,41.59,163.27,212.23,22.56
1680883138.61,319.0,3.00,3.252,49.2,40.875,19.0608,5.548,41.64,159.47,205.11,22.47
1680883140.15,320.53,3.00,3.250,49.2,40.875,18.9921,6.169,41.59,164.57,212.04,22.42
1680883141.72,322.1,3.00,3.250,48.7,41.0,19.4386,4.713,41.62,155.95,195.96,22.50
1680883143.28,323.66,3.00,3.251,49.2,41.125,19.1638,3.632,41.74,156.24,203.61,22.57
1680883144.83,325.21,3.00,3.249,49.2,41.125,19.0608,3.662,41.74,157.83,204.74,22.48
1680883146.36,326.74,3.00,3.244,49.2,41.125,19.3012,2.787,41.65,157.94,206.79,22.48
1680883147.91,328.3,3.00,3.247,49.8,41.25,18.5800,5.368,41.96,168.35,212.18,22.51
1680883149.46,329.84,3.00,3.245,49.8,41.375,19.0951,6.908,42.09,170.32,217.52,22.59
1680883151.04,331.42,3.00,3.246,49.8,41.375,19.4042,3.026,41.95,158.19,194.14,22.49
1680883152.58,332.96,3.00,3.243,48.7,41.5,19.3355,4.581,41.93,151.28,186.10,22.57
1680883154.11,334.5,3.00,3.242,49.8,41.5,19.7477,8.320,41.79,150.93,184.04,22.47
1680883155.65,336.04,3.00,3.241,50.8,41.5,19.5416,5.419,41.79,146.88,174.65,22.38
1680883157.19,337.57,3.00,3.237,49.8,41.625,19.8850,4.739,41.77,140.90,169.55,22.45
1680883158.72,339.11,3.00,3.239,50.3,41.75,19.5416,6.702,41.85,147.60,176.18,22.53
1680883160.25,340.63,3.00,3.235,50.8,41.75,19.2325,4.103,41.94,146.54,178.63,22.48
1680883161.80,342.19,3.00,3.237,49.8,41.75,19.6446,5.853,41.75,143.09,178.77,22.44
1680883163.34,343.72,3.00,3.234,50.3,41.875,19.3699,3.393,41.92,147.70,178.70,22.47
1680883164.88,345.26,3.00,3.237,50.8,41.875,19.7477,0.706,41.73,136.89,157.57,22.42
1680883166.42,346.81,3.00,3.235,50.8,42.0,19.5416,1.375,41.71,138.54,161.49,22.50
1680883167.96,348.34,3.00,3.232,50.8,42.125,19.7477,4.393,41.74,140.38,171.72,22.53
1680883169.50,349.88,3.00,3.236,50.8,42.25,19.3012,7.011,41.96,148.06,185.94,22.61
1680883171.03,351.41,3.00,3.232,50.8,42.25,19.2325,1.794,41.96,148.18,182.03,22.56
1680883172.57,352.95,3.00,3.229,50.8,42.375,19.4729,3.430,41.99,146.80,178.83,22.64
1680883174.12,354.5,3.00,3.229,50.8,42.375,19.0608,6.676,42.04,146.60,172.57,22.54
1680883175.68,356.06,3.00,3.229,50.8,42.5,19.6446,5.562,42.02,144.16,177.54,22.62
1680883177.22,357.61,3.00,3.226,50.8,42.375,19.4729,3.592,41.85,152.72,189.99,22.39
1680883178.77,359.15,3.00,3.227,50.8,42.625,19.0951,5.794,42.20,153.24,197.29,22.60
1680883180.31,360.69,3.00,3.225,50.8,42.625,18.6487,4.055,42.39,161.80,199.10,22.55
1680883181.85,362.24,3.00,3.222,50.8,42.625,19.1638,5.912,42.24,159.69,195.97,22.50
1680883183.37,363.76,3.00,3.222,51.4,42.75,19.3699,3.842,42.32,159.10,201.72,22.53
1680883184.96,365.34,3.00,3.222,50.8,42.875,18.8547,7.202,42.59,164.35,209.90,22.61
1680883186.50,366.89,3.00,3.220,51.4,42.875,19.4386,2.066,42.45,155.07,193.19,22.56
1680883188.06,368.45,3.00,3.219,51.4,43.0,19.4729,3.629,42.48,153.86,189.99,22.59
1680883189.61,370.0,3.00,3.215,51.4,43.0,19.4042,4.827,42.43,150.13,179.32,22.55
1680883191.14,371.53,3.00,3.218,51.4,43.125,19.7477,4.022,42.41,138.91,176.52,22.62
1680883192.69,373.08,3.00,3.216,50.8,43.25,19.1982,4.485,42.54,153.41,200.03,22.66
1680883194.25,374.63,3.00,3.218,51.9,43.125,18.2709,8.103,42.74,166.27,206.54,22.48
1680883195.80,376.19,3.00,3.215,51.4,43.375,19.4729,6.978,42.85,160.00,202.99,22.69
1680883197.34,377.72,3.00,3.212,51.9,43.375,19.3355,4.379,42.76,156.19,205.19,22.64
1680883198.89,379.27,3.00,3.215,51.9,43.375,19.0951,3.320,42.80,160.08,211.24,22.54
1680883200.43,380.82,3.00,3.213,51.9,43.375,18.7517,5.978,42.95,165.29,215.38,22.49
1680883201.95,382.33,3.00,3.207,51.9,43.625,18.8891,4.827,43.24,176.47,232.37,22.70
1680883203.52,383.9,3.00,3.206,51.9,43.625,18.4769,9.772,43.43,174.09,216.17,22.60
1680883205.07,385.45,3.00,3.209,51.4,43.625,19.4729,7.015,43.20,163.40,202.52,22.55
1680883206.61,386.99,3.00,3.207,51.9,43.75,19.4386,4.930,43.27,159.16,197.71,22.63
1680883208.18,388.56,3.00,3.203,52.5,43.75,19.6446,1.776,43.13,154.49,184.99,22.54
1680883209.73,390.11,3.00,3.204,51.9,43.875,19.8850,3.489,43.07,143.52,168.59,22.61
1680883211.29,391.67,3.00,3.205,51.9,44.0,19.9537,4.452,43.05,137.68,164.18,22.69
1680883212.81,393.2,3.00,3.203,52.5,44.0,19.8163,2.368,42.91,138.07,165.25,22.60
1680883214.37,394.75,3.00,3.198,52.5,44.125,19.1982,6.360,43.17,151.51,185.52,22.68
1680883215.90,396.28,3.00,3.200,51.9,44.25,19.4042,5.121,43.30,150.25,181.00,22.75
1680883217.43,397.82,3.00,3.198,52.5,44.25,19.3699,4.960,43.25,148.19,189.08,22.71
1680883218.99,399.37,3.00,3.198,51.9,44.25,18.7860,5.893,43.35,155.18,187.17,22.61
1680883220.56,400.94,3.00,3.197,52.5,44.375,19.3699,9.320,43.38,152.15,190.67,22.69
1680883222.13,402.52,3.00,3.199,53.0,44.5,19.2325,3.007,43.50,151.40,187.52,22.77
1680883223.68,404.06,3.00,3.194,53.0,44.375,19.1295,1.408,43.33,153.00,190.48,22.54
1680883225.21,405.59,3.00,3.194,53.0,44.625,18.7517,4.500,43.67,157.70,196.56,22.75
1680883226.73,407.11,3.00,3.192,53.0,44.625,19.2668,4.779,43.58,156.73,191.76,22.70
1680883228.30,408.69,3.00,3.190,53.0,44.75,19.4042,4.879,43.61,156.33,192.04,22.78
1680883229.86,410.25,3.00,3.190,53.0,44.75,19.4729,4.974,43.56,153.47,191.06,22.68
1680883231.41,411.79,3.00,3.187,53.0,44.75,18.9921,4.507,43.61,158.76,198.15,22.63
1680883232.97,413.35,3.00,3.191,53.0,44.875,18.8547,4.463,43.78,165.24,205.36,22.71
1680883234.50,414.88,3.00,3.187,53.0,44.875,19.3355,5.827,43.73,159.75,200.82,22.67
1680883236.07,416.46,3.00,3.185,53.5,45.0,19.4729,2.500,43.72,151.90,182.46,22.70
1680883237.62,418.01,3.00,3.182,53.0,45.125,19.6446,0.757,43.60,146.78,177.75,22.77
1680883239.14,419.52,3.00,3.182,53.0,45.25,19.6446,3.206,43.68,142.06,162.78,22.85
1680883240.68,421.06,3.00,3.181,53.0,45.25,19.6103,4.125,43.54,138.51,158.64,22.76
1680883242.21,422.59,3.00,3.182,53.0,45.375,19.8163,3.118,43.52,132.95,153.66,22.84
1680883243.74,424.13,3.00,3.177,53.5,45.375,19.8850,0.279,43.28,127.51,148.81,22.79
1680883245.30,425.68,3.00,3.176,53.0,45.5,19.5759,9.570,43.41,131.74,163.09,22.87
1680883246.81,427.2,3.00,3.177,54.1,45.5,18.9234,6.960,43.51,137.26,172.80,22.82
1680883248.38,428.76,3.00,3.178,53.5,45.5,19.2668,5.952,43.46,139.36,169.23,22.77
1680883249.93,430.31,3.00,3.174,54.1,45.625,19.3699,5.952,43.54,148.34,192.84,23.38
1680883251.49,431.87,3.00,3.174,54.1,45.75,18.2022,1.504,43.90,160.72,193.85,22.88
1680883253.02,433.4,3.00,3.170,54.1,45.75,19.3699,3.853,43.76,154.62,189.45,22.83
1680883254.59,434.97,3.00,3.171,54.1,45.875,19.2325,3.673,43.88,154.84,195.25,22.91
1680883256.13,436.51,3.00,3.173,54.1,46.0,18.9578,4.875,44.05,159.62,199.83,22.99
1680883257.65,438.04,3.00,3.169,53.5,46.0,19.3355,3.754,43.96,156.42,194.01,22.89
1680883259.18,439.57,3.00,3.164,55.1,46.0,19.1295,8.250,43.91,151.46,183.30,22.84
1680883260.76,441.14,3.00,3.163,54.1,46.0,19.1982,3.607,43.86,153.86,187.41,22.80
1680883262.29,442.67,3.00,3.164,54.6,46.25,19.2668,4.107,44.07,153.49,189.82,23.00
1680883263.83,444.21,3.00,3.161,54.1,46.125,19.2668,3.147,43.89,150.05,179.71,22.83
1680883265.34,445.72,3.00,3.162,54.1,46.375,19.4729,5.037,44.10,155.65,202.81,23.03
1680883266.88,447.26,3.00,3.159,54.1,46.375,18.4769,1.831,44.29,160.16,198.16,22.94
1680883268.40,448.78,3.00,3.162,55.1,46.5,19.3012,6.761,44.32,156.18,193.65,23.01
1680883269.91,450.3,3.00,3.157,54.6,46.5,19.3355,6.029,44.22,149.51,182.69,22.97
1680883271.48,451.86,3.00,3.159,55.1,46.625,19.4729,2.669,44.25,147.43,174.35,23.05
1680883273.04,453.42,3.00,3.158,54.1,46.625,19.1295,3.261,44.20,146.80,177.97,23.00
1680883274.58,454.96,3.00,3.156,55.1,46.625,19.5759,7.158,44.11,140.84,164.78,22.90
1680883276.11,456.49,3.00,3.153,55.1,46.75,19.7477,5.272,44.09,136.24,162.57,22.98
1680883277.67,458.05,3.00,3.153,54.1,46.875,19.2668,6.360,44.26,142.19,171.09,23.06
1680883279.21,459.59,3.00,3.152,55.1,46.875,19.4729,3.768,44.22,143.33,175.44,23.01
1680883280.76,461.15,3.00,3.150,55.1,47.0,18.9234,5.180,44.48,151.25,184.77,23.09
1680883282.30,462.68,3.00,3.148,55.7,46.875,18.9921,4.390,44.31,155.72,200.78,22.91
1680883283.83,464.21,3.00,3.149,55.1,47.0,18.7860,6.739,44.53,162.41,212.47,22.94
1680883285.37,465.75,3.00,3.147,55.1,47.0,18.8204,3.846,44.53,158.14,193.53,22.94
1680883286.91,467.29,3.00,3.145,55.1,47.25,19.8507,2.029,44.50,147.65,177.64,23.10
1680883288.44,468.82,3.00,3.144,55.7,47.25,19.7820,4.228,44.35,139.13,165.13,23.05
1680883290.00,470.38,3.00,3.144,55.1,47.375,19.5416,2.103,44.34,135.67,159.75,23.13
1680883291.53,471.92,3.00,3.141,56.2,47.375,19.7133,2.757,44.19,133.61,155.95,23.08
1680883293.08,473.46,3.00,3.140,56.2,47.5,19.9537,3.129,44.13,135.15,163.43,23.16
1680883294.65,475.03,3.00,3.142,56.2,47.5,19.1295,2.188,44.27,142.57,175.35,23.07
1680883296.19,476.57,3.00,3.139,55.7,47.625,18.5800,4.471,44.59,152.87,184.53,23.15
1680883297.76,478.14,3.00,3.140,55.7,47.625,19.0608,4.974,44.59,156.08,193.24,23.10
1680883299.31,479.69,3.00,3.133,55.7,47.75,18.7517,7.500,44.76,159.01,191.41,23.18
1680883300.87,481.25,3.00,3.136,55.7,47.75,19.3699,1.177,44.62,153.87,188.43,23.13
1680883302.43,482.81,3.00,3.134,55.7,47.875,19.2325,4.018,44.65,149.82,176.23,23.21
1680883303.98,484.37,3.00,3.132,55.7,47.875,19.5072,2.368,44.46,144.70,175.98,23.11
1680883305.52,485.9,3.00,3.130,56.2,48.0,19.1638,3.412,44.63,147.19,179.14,23.19
1680883307.06,487.45,3.00,3.126,56.2,48.0,18.9578,6.783,44.73,150.00,183.35,23.14
1680883308.60,488.99,3.00,3.127,56.8,48.0,19.1982,4.574,44.68,145.16,168.78,23.09
1680883310.18,490.56,3.00,3.126,56.2,48.125,19.8163,4.397,44.57,135.45,156.97,23.17
1680883311.71,492.1,3.00,3.124,56.2,48.125,19.8507,5.268,44.38,129.51,150.21,23.12
1680883313.26,493.64,3.00,3.122,55.7,48.375,19.0264,4.596,44.63,134.51,162.29,23.33
1680883314.77,495.16,3.00,3.119,56.2,48.375,18.9578,3.838,44.72,141.36,175.13,23.28
1680883316.33,496.71,3.00,3.120,56.2,48.375,18.9234,5.386,44.72,143.99,172.10,23.19
1680883317.85,498.24,3.00,3.119,56.8,48.5,19.0264,2.926,44.80,145.47,177.70,23.26
1680883319.38,499.76,3.00,3.115,56.2,48.5,18.9234,5.963,44.85,149.76,181.32,23.22
1680883320.91,501.3,3.00,3.116,56.8,48.5,18.5456,4.926,44.94,157.09,198.64,23.17
1680883322.45,502.84,3.00,3.115,57.3,48.625,18.8204,5.055,45.07,160.01,206.39,23.25
1680883323.97,504.35,3.00,3.110,56.8,48.625,19.0951,2.103,44.97,151.27,189.77,23.20
1680883325.53,505.91,3.00,3.112,56.8,48.75,19.3699,4.257,45.00,149.28,187.70,23.28
1680883327.08,507.46,3.00,3.108,56.2,48.75,18.9234,9.309,45.05,153.98,193.77,23.23
1680883328.63,509.01,3.00,3.106,56.2,48.875,18.9921,2.408,45.22,149.93,183.03,23.26
1680883330.17,510.56,3.00,3.106,57.3,48.875,19.1638,1.254,45.18,153.04,186.51,23.21
1680883331.71,512.1,3.00,3.102,57.3,49.0,19.3355,4.040,45.21,152.13,192.56,23.29
1680883333.26,513.64,3.00,3.103,57.3,49.0,18.8547,4.077,45.30,152.99,191.29,23.24
1680883334.82,515.2,3.00,3.101,57.3,49.125,18.6830,7.283,45.47,158.78,202.56,23.32
1680883336.38,516.77,3.00,3.099,57.3,49.125,18.6143,3.085,45.52,159.01,206.91,23.27
1680883337.93,518.31,3.00,3.096,57.3,49.25,18.7173,6.621,45.65,163.99,213.03,23.35
1680883339.49,519.88,3.00,3.098,57.8,49.375,18.7860,7.669,45.87,165.85,208.92,23.43
1680883341.07,521.45,3.00,3.098,56.8,49.375,19.0608,3.765,45.72,157.33,196.37,23.34
1680883342.62,523.01,3.00,3.093,57.3,49.375,19.2668,3.489,45.63,158.06,198.42,23.29
1680883344.18,524.56,3.00,3.093,57.3,49.5,18.6487,6.651,45.80,164.27,208.81,23.37
1680883345.73,526.12,3.00,3.089,57.3,49.625,18.9234,4.456,45.93,162.23,200.05,23.45
1680883347.29,527.67,3.00,3.087,57.3,49.625,18.9578,4.676,45.97,159.97,195.70,23.40
1680883348.82,529.21,3.00,3.083,57.8,49.75,19.2325,3.085,45.96,155.52,192.01,23.48
1680883350.39,530.78,3.00,3.086,57.8,49.75,19.0951,5.364,45.96,152.66,188.44,23.43
1680883351.94,532.32,3.00,3.084,57.3,49.75,19.2325,2.210,45.86,147.95,179.87,23.38
1680883353.48,533.86,3.00,3.081,57.8,49.875,19.0951,3.496,45.85,145.04,181.57,23.41
1680883355.05,535.44,3.00,3.080,57.3,49.875,19.3012,2.919,45.75,143.90,173.25,23.36
1680883356.59,536.97,3.00,3.078,57.8,50.0,19.1638,4.868,45.83,147.22,183.12,23.44
1680883358.12,538.5,3.00,3.075,57.8,50.125,18.8891,2.603,45.95,144.32,169.95,23.52
1680883359.65,540.03,3.00,3.074,57.8,50.125,20.1941,0.415,45.53,132.26,149.55,23.47
1680883361.21,541.6,3.00,3.073,58.4,50.25,20.4345,0.066,45.22,126.29,138.70,23.55
1680883362.75,543.14,3.00,3.068,57.8,50.25,20.5719,-0.040,44.89,121.29,130.53,23.50
1680883364.25,544.64,3.00,3.069,58.4,50.25,20.6062,-0.077,44.61,116.38,122.68,23.46
1680883365.76,546.14,3.00,3.065,58.4,50.375,20.5719,-0.077,44.49,111.66,119.04,23.53
1680883367.32,547.71,3.00,3.065,58.4,50.375,20.5376,0.721,44.26,105.32,110.05,23.49
1680883368.85,549.23,3.00,3.063,58.4,50.5,20.5376,0.320,44.15,97.77,102.22,23.57
1680883370.38,550.77,3.00,3.062,58.4,50.5,20.5719,0.092,43.91,95.71,100.24,23.52
1680883371.93,552.32,3.00,3.060,59.5,50.625,20.6062,-0.015,43.75,94.23,97.53,23.55
1680883373.49,553.87,3.00,3.056,58.4,50.625,20.6062,-0.070,43.56,90.34,93.01,23.55
1680883375.02,555.41,3.00,3.057,58.4,50.75,20.5719,0.202,43.45,84.41,86.35,23.58
1680883376.59,556.97,3.00,3.055,58.4,50.75,20.5719,0.085,43.21,82.52,83.39,23.53
1680883378.15,558.54,3.00,3.053,58.4,50.875,20.6062,-0.066,43.14,78.50,80.08,23.61
1680883379.72,560.1,3.00,3.053,58.4,50.875,20.6062,-0.081,42.91,76.16,78.30,23.56
1680883381.25,561.63,3.00,3.050,58.9,51.0,20.6062,0.000,42.79,73.93,75.74,23.64
1680883382.82,563.2,3.00,3.048,58.4,51.0,20.5719,0.548,42.65,72.49,72.45,23.59
1680883384.37,564.75,3.00,3.049,58.9,51.125,20.5719,0.364,42.59,72.04,70.65,23.67
1680883385.92,566.3,3.00,3.045,58.4,51.125,20.5719,0.107,42.40,71.39,68.72,23.62
1680883387.43,567.82,3.00,3.042,59.5,51.25,20.5719,0.382,42.38,69.49,66.21,23.70
1680883388.98,569.36,3.00,3.041,59.5,51.25,20.5719,0.346,42.14,67.86,64.04,23.65
1680883390.51,570.89,3.00,3.039,58.9,51.375,20.5719,0.581,42.17,66.57,62.80,23.73
1680883392.03,572.41,3.00,3.037,59.5,51.375,20.5719,0.077,41.93,65.38,61.76,23.69
1680883393.56,573.94,3.00,3.034,59.5,51.5,20.5719,0.000,41.92,63.10,59.20,23.76
1680883395.10,575.49,3.00,3.041,59.5,51.5,20.5719,0.331,41.73,62.03,57.97,23.76
1680883396.64,577.02,3.00,3.028,59.5,51.5,20.5719,-0.044,41.54,60.43,56.04,23.67
1680883398.19,578.57,3.00,3.032,59.5,51.625,20.5719,0.033,41.52,58.98,54.89,23.75
1680883399.73,580.12,3.00,3.026,59.5,51.625,20.5719,-0.059,41.33,60.06,55.97,23.70
1680883401.28,581.67,3.00,3.024,59.5,51.75,20.5376,-0.081,41.31,62.32,57.04,23.83
1680883402.84,583.22,3.00,3.022,59.5,51.75,20.5376,-0.070,41.17,60.58,54.92,23.78
1680883404.42,584.8,3.00,3.021,59.5,51.875,20.5376,-0.073,41.15,59.63,53.86,23.86
1680883405.95,586.33,3.00,3.018,60.0,51.875,20.5376,0.062,40.96,59.63,54.00,23.81
1680883407.46,587.85,3.00,3.013,59.5,51.875,20.5376,0.272,40.82,59.86,53.58,23.76
1680883409.01,589.39,3.00,3.014,59.5,52.0,20.5376,-0.092,40.80,57.29,52.33,23.84
1680883410.56,590.95,3.00,3.013,60.0,52.0,20.5376,-0.055,40.66,55.80,51.24,23.84
1680883412.13,592.51,3.00,3.011,59.5,52.0,20.5376,-0.059,40.52,54.45,49.87,23.79
1680883413.66,594.05,3.00,3.008,60.0,52.125,20.5032,-0.121,40.55,53.30,49.57,23.87
1680883415.24,595.62,3.00,3.006,59.5,52.125,20.5032,-0.092,40.40,51.99,48.38,23.82
1680883416.77,597.16,3.00,3.004,60.0,52.25,20.5032,-0.077,40.39,51.80,48.60,23.95
1680883418.33,598.71,3.00,2.998,60.0,52.25,20.5032,-0.077,40.29,52.66,48.41,23.90
1680883419.84,600.23,3.00,2.999,60.0,52.25,20.5032,0.073,40.20,53.70,48.84,23.85
1680883421.36,601.74,3.00,2.994,60.5,52.375,20.5032,-0.015,40.18,54.14,48.02,23.93
1680883422.93,603.31,3.00,2.995,60.5,52.375,20.5032,-0.062,40.04,51.56,46.93,23.93
1680883424.45,604.84,3.00,2.992,60.5,52.5,20.4689,0.162,40.02,52.77,48.33,24.01
1680883425.99,606.37,3.00,2.987,60.0,52.5,20.4689,0.073,39.92,54.04,48.81,24.01
1680883427.52,607.9,3.00,2.988,60.5,52.5,20.4689,0.044,39.83,53.50,47.91,23.96
1680883429.05,609.43,3.00,2.982,60.5,52.625,20.4689,0.710,39.86,54.80,48.27,24.09
1680883430.58,610.96,3.00,2.983,60.5,52.5,20.4689,0.309,39.64,55.71,48.48,23.92
1680883432.12,612.5,3.00,2.977,60.5,52.625,20.4689,0.070,39.67,56.47,48.17,24.00
1680883433.63,614.01,3.00,2.977,60.0,52.75,20.4689,-0.077,39.70,55.15,47.26,24.12
1680883435.17,615.55,3.00,2.975,60.5,52.75,20.4689,-0.037,39.60,54.61,46.45,24.07
1680883436.71,617.09,3.00,2.970,60.5,52.75,20.4689,0.110,39.51,54.06,46.74,24.07
1680883438.23,618.62,3.00,2.970,60.5,52.75,20.4689,0.327,39.41,55.37,47.35,24.03
1680883439.84,620.22,3.00,2.966,60.5,52.875,20.4345,0.301,39.44,54.73,46.86,24.11
1680883441.36,621.74,3.00,2.963,60.5,53.0,20.4345,0.044,39.47,53.05,46.27,24.23
1680883442.91,623.29,3.00,2.963,61.6,52.875,20.4345,0.118,39.25,52.06,45.63,24.06
1680883444.44,624.82,3.00,2.960,61.1,52.875,20.4345,0.202,39.16,52.15,44.77,24.06
1680883445.99,626.38,3.00,2.958,60.5,53.0,20.4345,0.294,39.24,51.50,44.71,24.14
1680883447.55,627.93,3.00,2.951,60.5,53.0,20.4345,0.353,39.14,52.36,45.18,24.14
1680883449.08,629.47,3.00,2.951,60.5,53.125,20.4345,0.357,39.17,52.31,45.40,24.22
1680883450.63,631.02,3.00,2.948,60.5,53.0,20.4002,0.169,39.00,51.09,44.33,24.09
1680883452.16,632.55,3.00,2.947,61.1,53.125,20.4002,0.507,39.03,51.90,44.98,24.17
1680883453.74,634.12,3.00,2.944,61.6,53.25,20.4002,0.051,39.11,52.66,45.20,24.30
1680883455.28,635.67,3.00,2.942,60.5,53.125,20.4002,-0.000,38.89,51.63,44.31,24.17
1680883456.81,637.2,3.00,2.938,61.1,53.25,20.4002,0.309,38.92,51.93,44.29,24.25
1680883458.35,638.74,3.00,2.932,61.6,53.25,20.4002,-0.055,38.82,50.30,43.49,24.25
1680883459.89,640.28,3.00,2.932,60.5,53.25,20.4002,0.217,38.77,49.98,43.44,24.20
1680883461.45,641.83,3.00,2.930,61.6,53.25,20.4002,-0.055,38.68,48.38,42.20,24.20
1680883463.00,643.38,3.00,2.923,61.6,53.375,20.3658,-0.088,38.71,46.76,41.33,24.33
1680883464.53,644.92,3.00,2.923,60.5,53.375,20.3658,-0.140,38.66,46.72,40.85,24.28
1680883466.07,646.45,0.00,2.917,61.6,53.5,20.3658,-0.055,38.69,45.51,39.88,24.41
1680883467.62,648.01,0.00,3.049,61.1,53.5,20.3658,-0.121,38.64,44.54,39.36,24.41
1680883469.15,649.53,0.00,3.053,61.6,53.5,20.3658,-0.092,39.36,44.45,38.74,24.41
1680883470.73,651.12,0.00,3.056,60.5,53.5,20.3658,-0.092,39.79,43.90,38.17,24.36
1680883472.26,652.65,0.00,3.054,61.6,53.625,20.3658,0.118,40.30,44.35,38.39,24.48
1680883473.82,654.21,0.00,3.060,61.6,53.5,20.3315,-0.011,40.46,44.17,38.12,24.36
1680883475.37,655.75,0.00,3.060,61.6,53.625,20.3315,-0.081,40.82,44.62,38.34,24.48
1680883476.91,657.29,0.00,3.060,61.1,53.625,20.3315,-0.081,40.96,44.39,38.20,24.44
1680883478.47,658.85,0.00,3.062,61.1,53.625,20.3315,-0.037,41.15,44.21,37.77,24.44
1680883480.00,660.39,0.00,3.063,61.6,53.75,20.2972,-0.103,41.42,43.32,37.66,24.56
1680883481.54,661.93,0.00,3.063,61.6,53.75,20.2972,-0.143,41.52,43.18,37.61,24.56
1680883483.07,663.45,0.00,3.064,61.6,53.75,20.2972,-0.085,41.61,43.04,37.85,24.52
1680883484.61,664.99,0.00,3.065,61.6,53.75,20.2972,-0.092,41.71,43.46,37.51,24.52
1680883486.17,666.56,0.00,3.065,61.6,53.625,20.2972,0.033,41.63,43.56,37.24,24.39
