1675986727.3,0.08,14,22.54,0.029,66.218
1675986727.67,0.44,14,19.71,0.011,64.757
1675986728.04,0.81,14,19.71,0.007,66.705
1675986728.41,1.18,14,19.71,0.011,66.218
1675986728.78,1.55,15,19.71,0.022,65.731
1675986729.14,1.92,14,19.71,0.015,65.731
1675986729.51,2.28,14,19.71,0.015,66.218
1675986729.88,2.65,15,19.71,0.011,65.731
1675986730.25,3.02,14,19.71,0.011,65.731
1675986730.61,3.39,15,19.71,0.004,64.757
1675986730.98,3.75,14,19.71,0.015,65.244
1675986731.35,4.12,14,19.71,0.015,66.705
1675986731.72,4.49,15,19.71,0.018,66.218
1675986732.09,4.86,15,19.71,0.011,65.244
1675986732.45,5.23,14,19.71,0.018,65.244
1675986732.82,5.59,15,19.71,0.015,66.218
1675986733.19,5.96,15,19.71,0.011,66.218
1675986733.56,6.33,14,19.71,0.022,65.731
1675986733.92,6.7,15,19.71,0.007,65.244
1675986734.29,7.06,15,19.71,0.007,65.731
1675986734.66,7.43,14,19.71,0.007,66.218
1675986735.03,7.8,15,19.71,0.007,66.218
1675986735.39,8.17,15,19.71,0.004,66.705
1675986735.76,8.53,15,19.71,0.015,66.218
1675986736.13,8.9,15,19.71,0.011,65.731
1675986736.5,9.27,15,19.71,0.015,65.244
1675986736.87,9.64,14,19.71,0.018,65.731
1675986737.24,10.01,15,19.71,0.015,66.218
1675986737.61,10.38,14,19.71,0.018,66.218
1675986737.97,10.75,15,19.71,0.011,65.731
1675986738.34,11.11,15,19.71,0.004,65.731
1675986738.71,11.48,15,19.71,0.018,66.218
1675986739.08,11.85,14,19.71,0.007,66.218
1675986739.45,12.22,15,19.71,0.007,65.731
1675986739.81,12.59,15,19.71,0.015,65.244
1675986740.18,12.95,15,19.71,0.015,65.244
1675986740.55,13.32,15,19.71,0.004,66.218
1675986740.92,13.69,14,19.71,0.007,65.731
1675986741.28,14.06,15,19.71,0.015,65.244
1675986741.65,14.42,15,19.71,0.022,65.731
1675986742.02,14.79,14,19.71,0.022,65.731
1675986742.39,15.16,15,19.71,0.022,66.705
1675986742.76,15.53,15,19.71,0.018,66.218
1675986743.12,15.9,14,19.71,0.015,65.244
1675986743.49,16.26,15,19.71,0.011,66.218
1675986743.86,16.63,15,19.71,0.018,66.218
1675986744.23,17.0,15,19.71,0.011,65.731
1675986744.59,17.37,15,19.71,0.018,64.757
1675986744.96,17.73,14,19.71,0.015,65.731
1675986745.33,18.1,15,19.71,0.018,65.731
1675986745.7,18.47,15,19.71,0.018,65.731
1675986746.07,18.84,15,19.71,0.004,65.731
1675986746.44,19.21,14,19.71,0.015,66.705
1675986746.8,19.57,15,19.71,0.007,65.731
1675986747.17,19.94,15,19.71,0.011,65.244
1675986747.54,20.31,15,19.71,0.018,65.731
1675986747.91,20.68,15,19.71,0.011,66.218
1675986748.28,21.05,14,19.71,0.015,65.244
1675986748.64,21.41,15,19.71,0.011,65.244
1675986749.01,21.78,15,19.71,0.018,65.244
1675986749.38,22.15,14,19.71,0.015,65.731
1675986749.75,22.52,15,19.71,0.007,66.218
1675986750.11,22.88,15,19.71,0.018,66.218
1675986750.48,23.25,15,19.71,0.018,65.244
1675986750.85,23.62,15,19.71,0.011,66.705
1675986751.22,23.99,15,19.71,0.011,65.731
1675986751.58,24.36,15,19.71,0.015,67.192
1675986751.95,24.72,15,19.71,0.018,65.244
1675986752.32,25.09,15,19.71,0.011,65.731
1675986752.69,25.46,14,19.71,0.018,65.731
1675986753.05,25.83,15,19.71,0.011,65.244
1675986753.42,26.19,15,19.71,0.022,64.757
1675986753.79,26.56,14,19.71,0.015,66.218
1675986754.16,26.93,15,19.71,0.011,65.731
1675986754.53,27.3,14,19.71,0.007,66.218
1675986754.89,27.67,15,19.71,0.015,66.218
1675986755.26,28.03,15,19.71,0.022,65.731
1675986755.63,28.4,14,19.71,0.018,65.244
1675986756.0,28.77,15,19.71,0.022,66.218
1675986756.37,29.14,15,19.71,0.011,65.244
1675986756.73,29.5,14,19.71,0.004,65.731
1675986757.1,29.87,15,19.71,0.011,64.757
1675986757.47,30.24,15,19.71,0.011,65.244
1675986757.84,30.61,14,19.71,0.022,65.244
1675986758.2,30.98,14,19.71,0.007,66.218
1675986758.57,31.34,15,19.71,0.004,65.731
1675986758.94,31.71,14,19.71,0.015,66.705
1675986759.31,32.08,15,19.71,0.015,66.218
1675986759.68,32.45,15,19.71,0.007,65.244
1675986760.04,32.82,14,19.71,0.004,64.757
1675986760.41,33.18,15,19.71,0.018,65.244
1675986760.78,33.55,15,19.71,0.011,66.218
1675986761.15,33.92,14,19.71,0.011,66.218
1675986761.52,34.29,15,19.71,0.029,65.244
1675986761.88,34.66,15,19.71,0.015,65.731
1675986762.25,35.02,15,19.71,0.011,66.218
1675986762.62,35.39,15,19.71,0.011,65.244
1675986762.99,35.76,15,19.71,0.018,65.731
1675986763.35,36.13,15,19.71,0.011,65.731
1675986763.72,36.49,15,19.71,0.015,65.731
1675986764.09,36.86,14,19.71,0.011,65.244
1675986764.46,37.23,15,19.71,0.022,66.705
1675986764.82,37.6,15,19.71,0.007,65.244
1675986765.19,37.96,15,19.71,0.004,65.731
1675986765.56,38.33,15,19.71,0.015,66.705
1675986765.93,38.7,15,19.71,0.011,65.244
1675986766.29,39.07,15,19.71,0.0,66.218
1675986766.66,39.43,15,19.71,0.015,65.731
1675986767.03,39.8,15,19.71,0.015,65.731
1675986767.4,40.17,14,19.71,0.007,64.757
1675986767.77,40.54,15,19.71,0.004,66.218
1675986768.13,40.91,15,19.71,0.004,66.218
1675986768.5,41.27,14,19.71,0.022,65.731
1675986768.87,41.64,15,19.71,0.018,66.705
1675986769.24,42.01,15,19.71,0.018,66.218
1675986769.61,42.38,15,19.71,0.018,65.731
1675986769.98,42.75,15,19.71,0.007,66.218
1675986770.34,43.12,14,19.71,0.011,65.731
1675986770.71,43.48,15,19.71,0.018,66.705
1675986771.08,43.85,15,19.71,0.007,66.218
1675986771.45,44.22,15,19.71,0.011,65.731
1675986771.82,44.59,15,19.71,0.011,66.705
1675986772.18,44.95,15,19.71,0.015,65.731
1675986772.55,45.32,15,19.71,0.018,66.218
1675986772.92,45.69,15,19.71,0.007,65.731
1675986773.29,46.06,15,19.71,0.007,66.218
1675986773.65,46.43,15,19.71,0.011,66.218
1675986774.02,46.79,15,19.71,0.011,65.731
1675986774.39,47.16,0,19.71,0.007,66.705
1675986774.76,47.53,14,19.71,0.015,65.731
1675986775.13,47.9,15,19.71,0.018,65.731
1675986775.49,48.26,15,19.71,0.007,66.705
1675986775.86,48.63,15,19.71,0.011,65.731
1675986776.23,49.0,15,19.71,0.007,64.757
1675986776.6,49.37,15,19.71,0.015,66.218
1675986776.96,49.73,15,19.71,0.011,66.218
1675986777.33,50.1,15,19.71,0.015,65.731
1675986777.7,50.47,15,19.71,0.018,65.244
1675986778.07,50.84,15,19.71,0.0,65.731
1675986778.43,51.21,15,19.71,0.015,66.705
1675986778.8,51.57,15,19.71,0.018,65.731
1675986779.17,51.94,15,19.71,0.0,65.731
1675986779.54,52.31,15,19.71,0.007,65.244
1675986779.9,52.68,15,19.71,0.022,65.731
1675986780.27,53.04,15,19.71,0.007,65.731
1675986780.64,53.41,15,19.71,0.007,65.244
1675986781.01,53.78,14,19.71,0.011,65.731
1675986781.38,54.15,15,19.71,0.004,66.705
1675986781.74,54.52,15,19.71,0.015,66.218
1675986782.11,54.88,15,19.71,0.015,66.218
1675986782.48,55.25,15,19.71,0.004,65.731
1675986782.85,55.62,15,19.71,0.011,64.27
1675986783.22,55.99,15,19.71,0.007,66.218
1675986783.59,56.36,15,19.71,0.007,65.244
1675986783.95,56.73,15,19.71,0.011,65.731
1675986784.32,57.09,15,19.71,0.007,65.731
1675986784.69,57.46,15,19.71,0.004,66.218
1675986785.06,57.83,15,19.71,0.011,66.705
1675986785.43,58.2,15,19.71,0.011,66.705
1675986785.79,58.56,15,19.71,0.007,65.244
1675986786.16,58.93,14,19.71,0.018,66.705
1675986786.53,59.3,15,19.71,0.011,66.218
1675986786.9,59.67,15,19.71,0.011,66.218
1675986787.26,60.04,14,19.71,0.015,65.731
1675986787.63,60.4,15,19.71,0.007,66.218
1675986788.0,60.77,15,19.71,0.011,65.731
1675986788.37,61.14,15,19.71,0.007,66.705
1675986788.73,61.51,15,19.71,0.007,66.705
1675986789.1,61.87,15,19.71,0.011,65.731
1675986789.47,62.24,15,19.71,0.018,67.192
1675986789.84,62.61,15,19.71,0.018,66.218
1675986790.2,62.98,15,19.71,0.022,65.731
1675986790.57,63.34,15,19.71,0.018,65.244
1675986790.94,63.71,15,19.71,0.015,66.705
1675986791.31,64.08,15,19.71,0.007,65.731
1675986791.68,64.45,15,19.71,0.011,66.218
1675986792.04,64.81,15,19.71,0.011,66.218
1675986792.41,65.18,15,19.71,0.015,65.731
1675986792.78,65.55,15,19.71,0.007,66.218
1675986793.15,65.92,15,19.71,0.018,66.218
1675986793.51,66.28,14,19.71,0.015,66.705
1675986793.88,66.65,15,19.71,0.011,65.731
1675986794.25,67.02,15,19.71,0.007,65.731
1675986794.62,67.39,15,19.71,0.004,66.705
1675986794.98,67.76,15,19.71,0.007,65.244
1675986795.35,68.12,15,19.71,0.004,65.731
1675986795.72,68.49,15,19.71,0.011,65.244
1675986796.09,68.86,15,19.71,0.015,64.757
1675986796.45,69.23,14,19.71,0.007,65.731
1675986796.82,69.59,14,19.71,0.007,66.218
1675986797.19,69.96,15,19.71,0.015,65.731
1675986797.56,70.33,15,19.71,0.015,65.244
1675986797.93,70.7,15,19.71,0.015,66.218
1675986798.29,71.07,15,19.71,0.015,66.218
1675986798.66,71.43,15,19.71,0.015,65.731
1675986799.03,71.8,15,19.71,0.007,66.218
1675986799.4,72.17,15,19.71,0.011,66.218
1675986799.76,72.54,15,19.71,0.004,66.218
1675986800.13,72.9,15,19.71,0.015,66.218
1675986800.5,73.27,15,19.71,0.007,67.192
1675986800.87,73.64,15,19.71,0.004,66.218
1675986801.24,74.01,0,19.71,0.026,65.244
1675986801.6,74.38,15,19.71,0.0,65.244
1675986801.97,74.74,15,19.71,0.015,66.218
1675986802.34,75.11,15,19.71,0.007,66.705
1675986802.71,75.48,15,19.71,0.011,67.192
1675986803.08,75.85,15,19.71,0.007,66.705
1675986803.44,76.21,15,19.71,0.004,66.705
1675986803.81,76.58,15,19.71,0.015,65.731
1675986804.18,76.95,15,19.71,0.0,66.218
1675986804.55,77.32,15,19.71,0.011,66.705
1675986804.91,77.69,15,19.71,0.007,66.218
1675986805.28,78.05,15,19.71,0.015,66.218
1675986805.65,78.42,15,19.71,0.011,65.731
1675986806.02,78.79,15,19.71,0.018,66.218
1675986806.39,79.16,15,19.71,0.0,66.218
1675986806.75,79.53,15,19.71,0.007,65.244
1675986807.12,79.89,15,19.71,0.007,66.218
1675986807.49,80.26,15,19.71,0.004,65.244
1675986807.86,80.63,15,19.71,0.007,66.218
1675986808.23,81.0,15,19.71,0.007,65.731
1675986808.59,81.36,15,19.71,0.015,66.218
1675986808.96,81.73,15,19.71,0.007,66.218
1675986809.33,82.1,15,19.71,0.007,65.244
1675986809.7,82.47,15,19.71,0.007,66.218
1675986810.06,82.83,15,19.71,0.011,66.218
1675986810.43,83.2,15,19.71,0.007,66.218
1675986810.8,83.57,15,19.71,0.018,65.244
1675986811.17,83.94,15,19.71,0.007,66.218
1675986811.53,84.3,15,19.71,0.011,65.244
1675986811.9,84.67,15,19.71,0.022,65.731
1675986812.27,85.04,15,19.71,0.015,66.705
1675986812.64,85.41,15,19.71,0.018,65.731
1675986813.0,85.77,15,19.71,0.007,66.705
1675986813.37,86.14,15,19.71,0.011,67.192
1675986813.74,86.51,15,19.71,0.015,65.244
1675986814.11,86.88,15,19.71,0.0,67.192
1675986814.47,87.24,14,19.71,-0.0,66.705
1675986814.84,87.61,15,19.71,0.015,65.731
1675986815.21,87.98,15,19.71,0.011,66.705
1675986815.58,88.35,15,19.71,0.015,65.731
1675986815.94,88.71,15,19.71,0.015,66.218
1675986816.31,89.08,15,19.71,0.004,66.218
1675986816.68,89.45,15,19.71,0.011,65.244
1675986817.05,89.82,15,19.71,0.007,66.218
1675986817.41,90.19,15,19.71,0.007,66.218
1675986817.78,90.55,14,19.71,0.011,65.244
1675986818.15,90.92,15,19.71,0.018,66.218
1675986818.52,91.29,15,19.71,0.015,66.218
1675986818.88,91.66,15,19.71,0.022,66.705
1675986819.25,92.02,15,19.71,0.011,65.731
1675986819.62,92.39,15,19.71,0.011,66.218
1675986819.99,92.76,14,19.71,0.011,66.218
1675986820.36,93.13,15,19.71,0.004,65.731
1675986820.72,93.5,15,19.71,0.011,66.705
1675986821.09,93.86,14,19.71,0.011,65.731
1675986821.46,94.23,15,19.71,0.015,66.218
1675986821.83,94.6,14,19.71,0.007,65.731
1675986822.19,94.97,15,19.71,0.015,66.705
1675986822.56,95.33,15,19.71,0.007,66.705
1675986822.93,95.7,14,19.71,0.015,66.218
1675986823.3,96.07,14,19.71,0.011,64.27
1675986823.67,96.44,15,19.71,0.011,66.705
1675986824.03,96.8,14,19.71,-0.0,66.705
1675986824.4,97.17,14,19.71,0.007,65.731
1675986824.77,97.54,15,19.71,0.007,67.192
1675986825.14,97.91,15,19.71,0.007,65.731
1675986825.5,98.27,15,19.71,0.018,66.705
1675986825.87,98.64,15,19.71,0.018,65.244
1675986826.24,99.01,15,19.71,0.015,65.731
1675986826.61,99.38,15,19.71,0.011,66.218
1675986826.97,99.74,15,19.71,0.011,66.218
1675986827.34,100.11,14,19.71,0.018,65.731
1675986827.71,100.48,15,19.71,0.018,66.705
1675986828.08,100.85,15,19.71,0.011,66.705
1675986828.44,101.22,15,19.71,0.018,65.731
1675986828.81,101.58,15,19.71,0.011,66.218
1675986829.18,101.95,15,19.71,0.004,66.705
1675986829.55,102.32,15,19.71,0.007,66.218
1675986829.91,102.69,15,19.71,0.004,65.731
1675986830.28,103.05,15,19.71,0.007,65.731
1675986830.65,103.42,14,19.71,0.004,67.192
1675986831.02,103.79,15,19.71,0.026,66.218
1675986831.39,104.16,15,19.71,0.011,66.218
1675986831.75,104.53,14,19.71,0.011,66.705
1675986832.12,104.89,15,19.71,0.015,66.218
1675986832.49,105.26,15,19.71,0.004,66.218
1675986832.86,105.63,15,19.71,0.011,66.218
1675986833.23,106.0,15,19.71,0.007,66.218
1675986833.59,106.36,15,19.71,0.015,65.731
1675986833.96,106.73,14,19.71,0.007,66.218
1675986834.33,107.1,15,19.71,0.015,66.218
1675986834.7,107.47,14,19.71,0.011,65.731
1675986835.06,107.83,14,19.71,0.022,66.705
1675986835.43,108.2,15,19.71,0.015,67.192
1675986835.8,108.57,15,19.71,0.022,66.705
1675986836.17,108.94,14,19.71,0.018,66.218
1675986836.53,109.31,15,19.71,0.018,67.192
1675986836.9,109.67,14,19.71,0.015,66.218
1675986837.27,110.04,15,19.71,0.015,66.218
1675986837.64,110.41,15,19.71,-0.0,66.218
1675986838.0,110.78,15,19.71,0.015,66.218
1675986838.37,111.14,15,19.71,0.022,66.705
1675986838.74,111.51,15,19.71,0.015,65.731
1675986839.11,111.88,15,19.71,0.011,66.218
1675986839.47,112.25,15,19.71,0.004,65.731
1675986839.84,112.61,15,19.71,0.011,66.218
1675986840.21,112.98,14,19.71,0.015,65.244
1675986840.58,113.35,15,19.71,0.022,67.192
1675986840.94,113.72,15,19.71,0.015,67.192
1675986841.31,114.08,14,19.71,0.007,65.731
1675986841.68,114.45,14,19.71,0.007,65.731
1675986842.05,114.82,15,19.71,0.015,66.218
1675986842.41,115.19,14,19.71,0.004,66.218
1675986842.78,115.55,15,19.71,0.007,66.218
1675986843.15,115.92,15,19.71,0.011,66.705
1675986843.52,116.29,14,19.71,0.007,66.218
1675986843.89,116.66,15,19.71,0.015,65.731
1675986844.25,117.03,15,19.71,0.0,66.218
1675986844.62,117.39,14,19.71,0.007,65.731
1675986844.99,117.76,15,19.71,0.0,66.705
1675986845.36,118.13,15,19.71,0.007,65.244
1675986845.73,118.5,14,19.71,0.015,66.218
1675986846.09,118.87,15,19.71,0.018,66.218
1675986846.46,119.23,14,19.71,0.004,65.731
1675986846.83,119.6,14,19.71,0.007,65.244
1675986847.2,119.97,15,19.71,0.018,66.218
1675986847.57,120.34,14,19.71,0.011,66.705
1675986847.93,120.7,14,19.71,-0.0,65.731
1675986848.3,121.07,15,19.71,0.004,66.705
1675986848.67,121.44,15,19.71,0.0,67.192
1675986849.04,121.81,14,19.71,0.007,65.731
1675986849.4,122.18,15,19.71,0.007,66.218
1675986849.77,122.54,14,19.71,0.007,66.218
1675986850.14,122.91,14,19.71,0.007,66.218
1675986850.51,123.28,15,19.71,0.018,66.218
1675986850.88,123.65,14,19.71,0.007,66.218
1675986851.24,124.02,14,19.71,0.0,66.218
1675986851.61,124.38,15,19.71,0.015,66.218
1675986851.98,124.75,14,19.71,-0.0,66.218
1675986852.35,125.12,14,19.71,0.011,65.731
1675986852.71,125.49,15,19.71,0.007,65.731
1675986853.08,125.85,14,19.71,0.011,65.731
1675986853.45,126.22,15,19.71,0.004,65.244
1675986853.82,126.59,14,19.71,0.015,66.218
1675986854.18,126.96,14,19.71,0.007,66.218
1675986854.55,127.32,14,19.71,0.011,66.218
1675986854.92,127.69,14,19.71,0.007,65.731
1675986855.29,128.06,14,19.71,0.015,65.731
1675986855.66,128.43,14,19.71,0.007,66.705
1675986856.02,128.79,15,19.71,0.007,66.705
1675986856.39,129.16,14,19.71,0.011,66.218
1675986856.76,129.53,14,19.71,0.004,66.705
1675986857.13,129.9,15,19.71,0.007,66.705
1675986857.5,130.27,14,19.71,0.004,66.218
1675986857.86,130.64,15,19.71,0.007,66.218
1675986858.23,131.0,14,19.71,0.004,65.731
1675986858.6,131.37,14,19.71,0.007,66.218
1675986858.97,131.74,15,19.71,0.007,65.731
1675986859.33,132.11,14,19.71,0.011,66.218
1675986859.7,132.47,14,19.71,0.007,66.218
1675986860.07,132.84,15,19.71,0.004,66.218
1675986860.44,133.21,14,19.71,0.004,66.705
1675986860.81,133.58,14,19.71,0.015,66.218
1675986861.17,133.94,15,19.71,0.015,67.192
1675986861.54,134.31,14,19.71,0.007,66.705
1675986861.91,134.68,14,19.71,0.007,66.218
1675986862.28,135.05,15,19.71,0.011,66.705
1675986862.65,135.42,14,19.71,0.004,66.218
1675986863.02,135.79,14,19.71,0.011,66.705
1675986863.38,136.15,15,19.71,0.011,66.705
1675986863.75,136.52,14,19.71,0.007,65.244
1675986864.12,136.89,14,19.71,0.022,65.731
1675986864.49,137.26,15,19.71,0.018,66.218
1675986864.85,137.62,14,19.71,0.007,66.218
1675986865.22,137.99,15,19.71,0.007,66.705
1675986865.59,138.36,15,19.71,0.0,66.705
1675986865.96,138.73,14,19.71,0.004,66.218
1675986866.32,139.1,15,19.71,0.007,67.192
1675986866.69,139.46,15,19.71,0.011,66.218
1675986867.06,139.83,14,19.71,0.015,65.731
1675986867.43,140.2,15,19.71,0.011,66.218
1675986867.8,140.57,15,19.71,0.004,66.705
1675986868.16,140.93,14,19.71,0.015,65.731
1675986868.53,141.3,15,19.71,0.007,66.218
1675986868.9,141.67,15,19.71,0.004,65.244
1675986869.27,142.04,14,19.71,0.004,65.731
1675986869.64,142.41,15,19.71,0.011,66.218
1675986870.01,142.78,15,19.71,0.011,65.731
1675986870.38,143.15,14,19.71,0.015,66.218
1675986870.75,143.52,15,19.71,0.015,65.731
1675986871.11,143.89,15,19.71,0.015,66.218
1675986871.48,144.25,15,19.71,0.011,65.731
1675986871.85,144.62,15,19.71,0.007,66.218
1675986872.22,144.99,14,19.71,0.0,66.218
1675986872.59,145.36,15,19.71,0.011,66.705
1675986872.96,145.73,15,19.71,0.007,67.192
1675986873.33,146.1,14,19.71,0.004,67.192
1675986873.69,146.47,15,19.71,0.007,66.218
1675986874.06,146.83,15,19.71,0.011,66.218
1675986874.43,147.2,14,19.71,0.011,66.705
1675986874.8,147.57,15,19.71,0.011,66.705
1675986875.17,147.94,15,19.71,0.004,66.218
1675986875.53,148.3,14,19.71,0.015,66.218
1675986875.9,148.67,15,19.71,0.004,67.192
1675986876.27,149.04,15,19.71,0.004,67.679
1675986876.64,149.41,14,19.71,0.011,67.192
1675986877.0,149.77,15,19.71,-0.0,65.731
1675986877.37,150.14,15,19.71,0.011,66.218
1675986877.74,150.51,14,19.71,0.004,67.192
1675986878.11,150.88,15,19.71,0.018,65.731
1675986878.48,151.25,15,19.71,0.007,65.244
1675986878.84,151.62,14,19.71,0.004,66.218
1675986879.21,151.98,15,19.71,0.004,67.192
1675986879.58,152.35,14,19.71,0.007,66.705
1675986879.95,152.72,14,19.71,0.004,66.218
1675986880.32,153.09,15,19.71,0.007,65.731
1675986880.69,153.46,14,19.71,0.004,66.218
1675986881.05,153.83,15,19.71,0.0,66.218
1675986881.42,154.19,15,19.71,0.007,66.218
1675986881.79,154.56,14,19.71,-0.0,66.705
1675986882.16,154.93,15,19.71,0.011,66.218
1675986882.52,155.3,15,19.71,0.004,66.218
1675986882.89,155.66,15,19.71,0.007,65.244
1675986883.26,156.03,14,19.71,0.011,66.705
1675986883.63,156.4,15,19.71,0.007,65.731
1675986884.0,156.77,15,19.71,-0.0,66.218
1675986884.37,157.14,14,19.71,0.007,67.679
1675986884.73,157.51,15,19.71,0.007,65.731
1675986885.1,157.87,15,19.71,0.004,66.218
1675986885.47,158.24,15,19.71,0.007,66.218
1675986885.84,158.61,15,19.71,0.004,66.218
1675986886.2,158.98,15,19.71,0.0,65.731
1675986886.57,159.34,15,19.71,0.007,66.218
1675986886.94,159.71,15,19.71,0.022,66.705
1675986887.31,160.08,14,19.71,0.004,66.705
1675986887.68,160.45,15,19.71,0.011,66.705
1675986888.04,160.82,15,19.71,0.004,66.218
1675986888.41,161.18,15,19.71,0.004,67.192
1675986888.78,161.56,15,19.71,0.018,66.218
1675986889.15,161.92,15,19.71,0.007,65.731
1675986889.52,162.29,14,19.71,0.011,65.731
1675986889.89,162.66,15,19.71,0.004,66.218
1675986890.26,163.03,15,19.71,0.004,65.731
1675986890.62,163.4,15,19.71,0.004,65.731
1675986890.99,163.76,15,19.71,0.011,65.731
1675986891.36,164.13,15,19.71,0.007,66.218
1675986891.73,164.5,15,19.71,0.011,66.218
1675986892.09,164.87,15,19.71,0.004,67.192
1675986892.46,165.23,15,19.71,0.004,66.705
1675986892.83,165.6,15,19.71,0.007,66.705
1675986893.2,165.97,15,19.71,0.011,65.731
1675986893.57,166.34,15,19.71,0.004,66.218
1675986893.94,166.71,15,19.71,0.004,66.218
1675986894.3,167.08,15,19.71,0.0,66.218
1675986894.67,167.45,15,19.71,0.004,65.731
1675986895.04,167.81,14,19.71,0.007,66.218
1675986895.41,168.18,15,19.71,0.0,66.218
1675986895.78,168.55,15,19.71,0.007,66.218
1675986896.14,168.92,15,19.71,0.007,65.244
1675986896.51,169.28,15,19.71,0.007,67.192
1675986896.88,169.65,15,19.71,0.007,66.705
1675986897.25,170.02,15,19.71,0.004,66.705
1675986897.62,170.39,15,19.71,0.007,66.218
1675986897.98,170.76,15,19.71,0.004,65.731
1675986898.35,171.12,15,19.71,0.011,65.731
1675986898.72,171.49,15,19.71,0.015,66.218
1675986899.09,171.86,15,19.71,0.007,67.192
1675986899.45,172.23,15,19.71,0.011,66.705
1675986899.82,172.59,15,19.71,0.015,66.218
1675986900.19,172.96,15,19.71,0.007,65.731
1675986900.56,173.33,15,19.71,0.007,65.731
1675986900.93,173.7,15,19.71,0.011,66.705
1675986901.29,174.07,15,19.71,0.004,65.731
1675986901.66,174.43,15,19.71,0.004,66.218
1675986902.03,174.8,15,19.71,0.011,66.705
1675986902.4,175.17,14,19.71,0.007,66.705
1675986902.77,175.54,15,19.71,0.004,66.218
1675986903.13,175.9,15,19.71,0.007,65.731
1675986903.5,176.27,15,19.71,0.011,66.218
1675986903.87,176.64,15,19.71,0.0,66.705
1675986904.24,177.01,15,19.71,0.0,67.679
1675986904.6,177.38,15,19.71,0.011,66.218
1675986904.97,177.74,15,19.71,0.011,66.705
1675986905.34,178.11,15,19.71,0.004,66.218
1675986905.71,178.48,14,19.71,0.015,66.218
1675986906.07,178.85,15,19.71,0.0,66.218
1675986906.44,179.21,15,19.71,0.007,67.192
1675986906.81,179.58,14,19.71,0.011,67.192
1675986907.18,179.95,15,19.71,0.007,66.705
1675986907.54,180.32,15,19.71,0.007,66.705
1675986907.91,180.68,14,19.71,0.004,66.218
1675986908.28,181.05,15,19.71,0.011,66.705
1675986908.65,181.42,15,19.71,0.0,65.731
1675986909.02,181.79,15,19.71,0.015,66.705
1675986909.38,182.16,15,19.71,0.0,65.244
1675986909.75,182.52,15,19.71,0.007,66.218
1675986910.12,182.89,15,19.71,0.007,66.218
1675986910.49,183.26,15,19.71,0.007,67.192
1675986910.86,183.63,15,19.71,0.011,65.731
1675986911.22,184.0,15,19.71,0.004,66.218
1675986911.59,184.36,15,19.71,0.0,65.731
1675986911.96,184.73,15,19.71,-0.0,65.731
1675986912.33,185.1,15,19.71,0.004,65.244
1675986912.69,185.47,15,19.71,0.007,67.192
1675986913.06,185.83,15,19.71,0.011,67.192
1675986913.43,186.2,15,19.71,0.004,66.705
1675986913.8,186.57,15,19.71,0.007,66.705
1675986914.17,186.94,15,19.71,0.0,66.705
1675986914.53,187.3,15,19.71,0.004,67.192
1675986914.9,187.67,15,19.71,0.0,66.218
1675986915.27,188.04,15,19.71,0.004,67.192
1675986915.64,188.41,15,19.71,-0.0,66.705
1675986916.0,188.77,15,19.71,0.0,66.218
1675986916.37,189.14,14,19.71,0.007,66.705
1675986916.74,189.51,14,22.54,0.004,66.705
1675986917.11,189.88,15,19.71,0.007,66.218
1675986917.47,190.24,15,19.71,0.0,66.705
1675986917.84,190.61,15,19.71,0.011,66.218
1675986918.21,190.98,15,19.71,0.0,66.705
1675986918.57,191.35,15,19.71,0.011,66.705
1675986918.94,191.71,15,19.71,0.007,66.218
1675986919.31,192.08,15,19.71,0.022,67.192
1675986919.68,192.45,15,19.71,0.018,67.192
1675986920.05,192.82,15,19.71,0.004,66.705
1675986920.41,193.19,15,19.71,0.011,66.705
1675986920.78,193.55,15,19.71,0.011,66.218
1675986921.15,193.92,15,19.71,0.007,67.679
1675986921.52,194.29,15,19.71,0.0,66.705
1675986921.88,194.66,15,19.71,0.007,66.218
1675986922.25,195.02,15,19.71,0.011,65.731
1675986922.62,195.39,15,19.71,0.015,66.705
1675986922.99,195.76,15,19.71,0.015,66.218
1675986923.36,196.13,15,19.71,0.007,66.218
1675986923.72,196.5,15,19.71,0.015,66.705
1675986924.09,196.86,15,19.71,0.015,66.218
1675986924.46,197.23,15,19.71,0.007,66.218
1675986924.83,197.6,15,19.71,0.011,65.731
1675986925.19,197.97,15,19.71,0.018,66.705
1675986925.56,198.33,15,19.71,0.011,67.192
1675986925.93,198.7,15,19.71,0.007,66.705
1675986926.3,199.07,15,19.71,0.015,65.731
1675986926.67,199.44,15,19.71,0.007,66.218
1675986927.04,199.81,15,19.71,0.018,65.731
1675986927.4,200.18,15,19.71,0.004,66.705
1675986927.77,200.54,15,19.71,0.007,66.218
1675986928.14,200.91,15,19.71,0.0,65.244
1675986928.51,201.28,15,19.71,0.007,67.192
1675986928.88,201.65,15,19.71,0.007,65.731
1675986929.24,202.02,15,19.71,0.015,66.705
1675986929.61,202.38,15,19.71,0.011,67.192
1675986929.98,202.75,15,19.71,0.015,67.192
1675986930.35,203.12,15,19.71,0.004,66.705
1675986930.71,203.49,15,19.71,0.015,66.705
1675986931.08,203.85,15,19.71,0.004,66.218
1675986931.45,204.22,15,19.71,0.007,66.218
1675986931.82,204.59,15,19.71,0.007,66.218
1675986932.18,204.96,15,19.71,0.015,66.218
1675986932.55,205.32,15,19.71,0.007,66.218
1675986932.92,205.69,15,19.71,0.007,66.218
1675986933.29,206.06,15,19.71,0.007,66.218
1675986933.65,206.43,15,19.71,0.007,66.705
1675986934.02,206.79,15,19.71,0.015,66.705
1675986934.39,207.16,15,19.71,0.007,66.705
1675986934.76,207.53,15,19.71,0.007,65.731
1675986935.12,207.9,15,19.71,0.007,66.218
1675986935.49,208.26,15,19.71,0.015,66.218
1675986935.86,208.63,15,19.71,0.011,66.705
1675986936.23,209.0,15,19.71,0.004,66.705
1675986936.6,209.37,15,19.71,0.004,66.705
1675986936.97,209.74,15,19.71,0.007,65.731
1675986937.34,210.11,15,19.71,0.007,66.705
1675986937.71,210.48,15,19.71,0.0,66.218
1675986938.07,210.84,15,19.71,0.011,66.218
1675986938.44,211.21,15,19.71,0.011,66.218
1675986938.81,211.58,15,19.71,0.0,67.192
1675986939.18,211.95,15,19.71,0.007,66.218
1675986939.55,212.32,15,19.71,0.004,65.244
1675986939.91,212.69,15,19.71,0.011,66.705
1675986940.28,213.05,15,19.71,0.007,67.192
1675986940.65,213.42,15,19.71,0.011,66.705
1675986941.02,213.79,15,19.71,0.0,66.218
1675986941.39,214.16,15,19.71,0.011,66.218
1675986941.76,214.53,15,19.71,0.015,66.218
1675986942.13,214.9,15,19.71,0.011,67.192
1675986942.49,215.27,15,19.71,0.015,66.705
1675986942.86,215.63,15,19.71,0.007,66.218
1675986943.23,216.0,15,19.71,0.011,66.218
1675986943.6,216.37,15,19.71,0.015,66.218
1675986943.97,216.74,15,19.71,0.011,66.218
1675986944.34,217.11,15,19.71,0.004,66.218
1675986944.7,217.47,15,19.71,0.011,66.705
1675986945.07,217.84,15,19.71,0.007,66.218
1675986945.44,218.21,15,19.71,0.004,66.705
1675986945.81,218.58,15,19.71,0.018,66.218
1675986946.18,218.95,15,19.71,0.011,65.731
1675986946.54,219.32,15,19.71,0.018,65.244
1675986946.91,219.68,15,19.71,0.004,65.731
1675986947.28,220.05,15,19.71,0.022,66.218
1675986947.65,220.42,15,19.71,0.015,66.218
1675986948.02,220.79,15,19.71,0.018,66.705
1675986948.39,221.16,15,19.71,0.018,66.218
1675986948.76,221.53,15,19.71,0.015,67.192
1675986949.12,221.9,15,19.71,0.0,66.218
1675986949.49,222.26,15,19.71,0.011,67.192
1675986949.86,222.63,15,19.71,0.011,65.731
1675986950.23,223.0,15,19.71,0.0,66.705
1675986950.6,223.37,15,19.71,0.015,67.192
1675986950.96,223.74,15,19.71,0.0,66.218
1675986951.33,224.1,15,19.71,0.004,66.218
1675986951.7,224.47,15,19.71,-0.0,65.731
1675986952.07,224.84,15,19.71,0.007,66.218
1675986952.43,225.21,15,19.71,0.011,66.218
1675986952.8,225.57,15,19.71,0.011,66.218
1675986953.17,225.94,15,19.71,0.007,67.679
1675986953.54,226.31,15,19.71,0.011,67.192
1675986953.91,226.68,15,19.71,0.0,66.218
1675986954.27,227.04,15,19.71,0.011,66.705
1675986954.64,227.41,15,19.71,0.0,66.705
1675986955.01,227.78,15,19.71,0.011,66.705
1675986955.38,228.15,15,19.71,0.011,66.218
1675986955.74,228.52,15,19.71,0.011,66.705
1675986956.11,228.88,15,19.71,0.007,66.218
1675986956.48,229.25,15,19.71,0.015,66.705
1675986956.85,229.62,15,19.71,0.015,66.705
1675986957.21,229.99,15,19.71,0.007,65.731
1675986957.58,230.35,15,19.71,0.007,67.192
1675986957.95,230.72,15,19.71,0.004,67.192
1675986958.32,231.09,14,19.71,0.007,67.192
1675986958.68,231.46,15,19.71,-0.0,66.705
1675986959.05,231.82,15,19.71,0.007,67.192
1675986959.42,232.19,15,19.71,0.007,66.218
1675986959.79,232.56,15,19.71,0.022,67.192
1675986960.15,232.93,15,19.71,0.004,66.218
1675986960.52,233.29,15,19.71,0.004,66.218
1675986960.89,233.66,15,19.71,0.007,67.192
1675986961.26,234.03,15,19.71,0.011,65.731
1675986961.63,234.4,14,19.71,0.007,66.218
1675986961.99,234.76,15,19.71,0.004,65.244
1675986962.36,235.13,15,19.71,0.0,66.218
1675986962.73,235.5,15,19.71,0.018,66.218
1675986963.09,235.87,15,19.71,0.007,66.705
1675986963.46,236.23,15,19.71,0.004,67.192
1675986963.83,236.6,15,19.71,0.007,66.218
1675986964.2,236.97,15,19.71,0.007,67.192
1675986964.56,237.34,15,19.71,0.007,66.705
1675986964.93,237.7,15,19.71,0.0,66.705
1675986965.3,238.07,15,19.71,0.0,65.731
1675986965.67,238.44,15,19.71,0.007,65.731
1675986966.03,238.81,14,19.71,0.022,67.192
1675986966.4,239.17,15,19.71,0.007,65.731
1675986966.77,239.54,15,19.71,0.018,66.218
1675986967.14,239.91,15,19.71,0.011,66.218
1675986967.51,240.28,15,19.71,0.011,66.218
1675986967.87,240.64,15,19.71,0.011,66.705
1675986968.24,241.01,14,19.71,0.007,66.705
1675986968.61,241.38,15,19.71,0.011,66.218
1675986968.98,241.75,15,19.71,0.011,65.731
1675986969.34,242.12,14,19.71,0.007,66.705
1675986969.71,242.48,15,19.71,0.007,66.218
1675986970.08,242.85,0,19.71,0.0,66.705
1675986970.45,243.22,15,19.71,0.007,66.218
1675986970.81,243.59,15,19.71,0.007,66.218
1675986971.18,243.95,15,19.71,0.018,66.705
1675986971.55,244.32,15,19.71,0.018,66.705
1675986971.92,244.69,15,19.71,0.007,66.705
1675986972.28,245.06,0,19.71,0.011,67.192
1675986972.65,245.42,14,19.71,0.018,66.218
1675986973.02,245.79,15,19.71,0.004,66.218
1675986973.39,246.16,15,19.71,-0.004,67.192
1675986973.75,246.53,14,19.71,0.011,65.731
1675986974.12,246.89,15,19.71,0.007,66.705
1675986974.49,247.26,15,19.71,0.018,66.218
1675986974.86,247.63,14,19.71,0.007,66.705
1675986975.22,248.0,14,19.71,0.007,66.705
1675986975.59,248.36,15,19.71,0.011,67.192
1675986975.96,248.73,14,19.71,0.007,65.731
1675986976.33,249.1,14,19.71,0.018,66.705
1675986976.7,249.47,14,19.71,0.011,67.192
1675986977.06,249.83,14,19.71,0.011,66.218
1675986977.43,250.2,15,19.71,0.011,66.705
1675986977.8,250.57,15,19.71,0.018,67.192
1675986978.17,250.94,14,19.71,0.015,65.731
1675986978.53,251.31,15,19.71,0.018,65.731
1675986978.9,251.67,15,19.71,0.011,66.218
1675986979.27,252.04,15,19.71,0.007,67.679
1675986979.64,252.41,15,19.71,0.004,66.705
1675986980.0,252.78,14,19.71,0.015,66.218
1675986980.37,253.14,14,19.71,0.007,67.192
1675986980.74,253.51,15,19.71,0.0,65.731
1675986981.11,253.88,15,19.71,0.011,66.218
1675986981.48,254.25,15,19.71,0.007,65.731
1675986981.84,254.62,15,19.71,0.007,66.218
1675986982.21,254.98,15,19.71,0.004,66.705
1675986982.58,255.35,15,19.71,0.004,67.192
1675986982.95,255.72,15,19.71,0.007,65.731
1675986983.32,256.09,15,19.71,0.0,66.705
1675986983.68,256.45,15,19.71,0.007,65.731
1675986984.05,256.82,15,19.71,0.0,65.731
1675986984.42,257.19,15,19.71,0.007,66.218
1675986984.79,257.56,15,19.71,0.0,67.192
1675986985.15,257.93,15,19.71,0.007,66.705
1675986985.52,258.29,15,19.71,0.0,66.705
1675986985.89,258.66,14,19.71,0.015,66.705
1675986986.26,259.03,15,19.71,0.011,66.705
1675986986.63,259.4,15,19.71,0.018,66.705
1675986986.99,259.77,15,19.71,0.004,66.705
1675986987.36,260.13,15,19.71,0.004,66.218
1675986987.73,260.5,15,19.71,0.007,66.705
1675986988.1,260.87,15,19.71,0.007,66.705
1675986988.46,261.24,15,19.71,0.007,67.192
1675986988.83,261.6,15,19.71,0.011,66.705
1675986989.2,261.97,15,19.71,0.007,67.192
1675986989.57,262.34,15,19.71,-0.0,66.705
1675986989.94,262.71,15,19.71,0.011,66.705
1675986990.3,263.08,15,19.71,0.011,66.218
1675986990.67,263.44,15,19.71,0.011,66.218
1675986991.04,263.81,15,19.71,0.004,65.731
1675986991.41,264.18,14,19.71,0.011,66.705
1675986991.78,264.55,15,19.71,0.007,65.731
1675986992.15,264.92,15,19.71,0.018,67.192
1675986992.51,265.29,15,19.71,0.011,66.218
1675986992.88,265.65,15,19.71,0.004,66.705
1675986993.25,266.02,15,19.71,0.015,66.705
1675986993.62,266.39,15,19.71,0.007,66.218
1675986993.99,266.76,15,19.71,0.011,67.192
1675986994.35,267.12,15,19.71,0.004,67.192
1675986994.72,267.49,15,19.71,0.011,67.679
1675986995.09,267.86,15,19.71,0.004,66.705
1675986995.46,268.23,15,19.71,0.011,66.705
1675986995.82,268.6,15,19.71,0.018,67.192
1675986996.2,268.97,15,19.71,0.011,67.679
1675986996.56,269.34,15,19.71,0.015,66.218
