0.07,22,20.95,0.007,69.627
0.44,22,20.95,0.007,70.601
0.81,22,20.95,0.033,71.088
1.17,22,20.95,0.085,70.114
1.54,22,20.95,0.033,69.627
1.91,22,20.95,0.059,69.14
2.28,21,20.95,-0.015,70.114
2.64,21,20.95,-0.04,70.601
3.01,21,20.95,-0.044,69.627
3.38,21,20.95,-0.029,70.114
3.75,21,20.95,-0.048,69.14
4.11,21,20.95,-0.026,69.627
4.48,21,20.95,-0.033,70.601
4.85,21,20.95,-0.044,70.601
5.22,22,20.95,-0.033,69.627
5.58,22,20.95,-0.04,70.114
5.95,22,20.95,-0.04,69.627
6.32,22,20.95,-0.026,70.114
6.69,22,20.95,-0.037,70.114
7.05,22,20.95,-0.04,69.14
7.42,22,20.95,-0.033,70.114
7.79,23,20.95,-0.051,69.14
8.16,22,20.95,-0.051,70.114
8.52,23,20.95,-0.048,70.114
8.89,23,20.95,-0.04,69.14
9.26,23,20.95,-0.026,70.601
9.63,23,20.95,-0.004,70.114
9.99,24,20.95,0.004,69.627
10.36,24,20.95,-0.004,69.627
10.73,24,20.95,-0.015,70.601
11.1,23,20.95,-0.007,70.601
11.46,23,20.95,-0.022,68.653
11.83,23,20.95,-0.015,70.114
12.2,23,20.95,-0.0,70.601
12.57,23,20.95,-0.026,70.114
12.93,22,20.95,-0.033,70.601
13.3,23,20.95,-0.026,70.601
13.67,22,20.95,-0.004,70.114
14.04,22,20.95,-0.004,69.627
14.4,22,20.95,-0.022,70.601
14.77,22,20.95,-0.029,70.114
15.14,22,20.95,-0.018,70.114
15.51,22,20.95,0.026,69.627
15.87,0,20.95,0.0,70.114
16.24,22,20.95,-0.007,69.627
16.61,22,20.95,0.033,69.627
16.98,22,20.95,0.059,69.14
17.35,22,20.95,0.059,69.627
17.71,22,20.95,0.007,70.114
18.08,22,20.95,0.007,68.653
18.45,21,20.95,0.015,70.601
18.82,22,20.95,-0.011,69.627
19.18,21,20.95,-0.022,70.601
19.55,21,20.95,-0.033,69.14
19.92,21,20.95,-0.033,70.114
20.29,21,20.95,-0.029,69.627
20.65,21,20.95,-0.044,69.627
21.02,20,20.95,-0.026,69.627
21.39,21,20.95,0.004,69.627
21.76,20,20.95,-0.022,70.601
22.12,20,20.95,-0.022,70.114
22.49,20,20.95,-0.029,69.627
22.86,20,20.95,-0.037,70.114
23.23,20,20.95,0.029,70.114
23.59,21,20.95,0.048,71.088
23.96,20,20.95,-0.004,68.653
24.33,20,20.95,0.004,70.114
24.7,20,19.54,-0.015,70.114
25.06,20,20.95,0.066,70.601
25.43,0,20.95,0.062,70.114
25.8,21,20.95,0.0,69.627
26.17,22,20.95,0.04,70.114
26.53,22,20.95,0.022,69.627
26.9,22,20.95,0.232,70.114
27.27,22,20.95,0.114,69.14
27.64,22,20.95,0.077,69.627
28.01,22,20.95,0.482,70.601
28.37,22,20.95,0.228,68.653
28.74,23,20.95,0.103,70.601
29.11,23,20.95,0.746,70.114
29.48,24,20.95,0.39,70.114
29.85,24,20.95,0.423,69.627
30.21,24,20.95,0.151,70.114
30.58,24,20.95,0.165,68.653
30.95,24,20.95,0.132,70.114
31.32,24,20.95,0.121,70.601
31.68,25,20.95,0.654,69.627
32.05,26,20.95,0.511,69.627
32.42,26,20.95,0.327,70.601
32.79,0,19.54,2.081,69.627
33.15,29,19.54,0.585,70.114
33.52,30,19.54,0.482,70.114
33.89,31,19.54,0.974,70.114
34.26,34,19.54,2.732,70.114
34.62,39,18.12,1.927,70.114
34.99,42,18.12,2.162,70.601
35.36,44,18.12,1.985,70.114
35.73,47,18.12,2.809,69.627
36.09,50,18.12,1.838,71.088
36.46,54,18.12,1.224,70.601
36.83,56,18.12,0.485,70.114
37.2,58,18.12,1.265,70.114
37.56,60,18.12,2.379,70.114
37.93,63,18.12,1.118,70.601
38.3,65,18.12,0.783,69.627
38.67,69,18.12,2.585,70.601
39.03,74,18.12,0.842,70.114
39.4,0,18.12,2.276,70.114
39.77,78,18.03,2.007,70.601
40.14,0,20.86,1.717,69.627
40.51,83,20.95,3.309,69.627
40.87,86,18.12,0.967,69.627
41.24,88,18.12,1.948,69.627
41.61,90,18.12,1.871,70.114
41.98,92,18.12,1.338,71.088
42.34,93,18.12,4.739,69.627
42.71,97,18.12,1.592,70.114
43.08,100,18.12,3.272,69.627
43.45,0,18.12,0.982,70.114
43.81,105,18.03,2.125,70.601
44.18,0,20.86,1.026,70.114
44.55,112,20.95,2.121,70.114
44.92,118,18.12,1.154,69.14
45.28,120,18.03,3.691,69.627
45.65,124,20.86,4.202,69.627
46.02,123,20.86,1.46,70.601
46.39,121,20.95,1.092,70.114
46.75,121,18.12,1.272,70.114
47.12,126,18.03,2.61,69.627
47.49,124,20.86,2.812,69.627
47.86,128,20.95,2.901,70.601
48.22,0,18.12,1.599,70.601
48.59,137,18.03,2.338,69.627
48.96,141,20.86,5.379,71.088
49.33,142,20.86,3.544,70.114
49.7,145,20.86,0.849,70.601
50.06,148,20.86,4.312,70.601
50.43,151,20.86,4.551,70.114
50.8,151,20.86,3.485,70.601
51.17,150,20.86,4.919,70.601
51.53,147,20.86,1.25,71.088
51.9,144,20.95,2.699,70.601
52.27,146,18.12,2.489,69.627
52.64,144,18.12,0.599,70.114
53.0,143,18.12,2.776,69.627
53.37,139,18.12,1.96,71.088
53.74,139,18.12,2.048,70.114
54.11,136,18.12,0.768,70.114
54.47,133,18.12,2.438,71.088
54.84,0,18.12,5.213,70.601
55.21,130,18.12,1.673,70.114
55.58,132,18.12,0.614,71.088
55.94,132,18.12,2.629,69.627
56.31,131,18.12,2.827,70.114
56.68,130,18.12,2.643,70.114
57.05,130,18.03,0.724,69.14
57.41,130,20.95,4.585,71.088
57.78,127,18.12,2.581,71.088
58.15,126,18.03,3.665,69.14
58.52,131,20.86,1.408,69.14
58.88,0,20.86,0.033,69.627
59.25,129,20.86,0.702,69.627
59.62,126,20.86,1.838,70.114
59.99,124,20.95,0.596,71.088
60.35,121,18.12,1.555,70.601
60.72,120,18.12,1.614,69.627
61.09,120,18.12,2.423,70.601
61.46,120,18.12,0.364,71.088
61.82,0,18.12,3.375,70.114
62.19,123,18.12,4.324,70.601
62.56,123,18.12,3.912,70.601
62.93,125,18.12,0.794,70.114
63.29,126,18.03,1.268,71.088
63.66,130,20.95,4.474,70.601
64.03,134,18.12,3.202,70.114
64.4,138,18.03,3.507,70.601
64.76,142,20.86,1.989,71.088
65.13,144,20.86,3.265,70.114
65.5,150,20.95,5.75,70.601
65.87,150,18.03,0.61,69.627
66.23,150,20.95,2.853,69.627
66.6,154,18.12,3.294,71.088
66.97,153,18.03,3.801,70.114
67.34,155,20.95,1.831,71.088
67.7,152,18.12,3.033,70.114
68.07,154,18.12,2.14,70.601
68.44,152,18.12,3.864,70.601
68.81,150,18.12,2.011,69.627
69.17,145,18.12,0.599,70.114
69.54,143,18.12,0.36,70.601
69.91,139,18.12,0.202,70.601
70.28,136,18.12,1.279,69.627
70.64,138,18.12,1.415,70.114
71.01,138,19.54,1.357,70.114
71.38,138,18.12,0.636,69.627
71.75,135,18.12,1.64,70.601
72.11,136,18.12,0.051,70.114
72.48,134,18.12,2.298,71.575
72.85,134,18.12,1.309,70.114
73.22,135,19.54,3.996,70.114
73.58,133,18.12,0.721,70.114
73.95,134,18.12,0.577,70.601
74.32,134,18.12,0.555,71.088
74.68,132,18.12,0.636,70.601
75.05,129,19.54,1.974,69.627
75.42,0,20.95,0.923,69.627
75.79,128,20.95,2.938,70.601
76.15,128,19.54,0.82,70.114
76.52,126,18.12,1.555,69.627
76.89,124,18.12,2.43,70.601
77.26,126,18.12,2.684,70.114
77.62,125,19.54,0.699,70.114
77.99,122,18.12,2.415,70.114
78.36,118,18.12,0.026,70.601
78.73,116,19.54,0.842,70.114
79.09,116,19.54,0.051,71.088
79.46,117,20.95,0.21,70.114
79.83,117,19.54,0.154,70.114
80.2,0,20.95,0.64,70.114
80.56,115,19.54,1.438,70.114
80.93,115,19.54,2.467,72.062
81.3,116,19.54,0.434,70.601
81.67,116,18.12,1.882,70.601
82.03,118,18.12,0.371,70.114
82.4,117,18.12,1.555,69.14
82.77,120,19.54,1.026,70.114
83.14,121,19.54,1.555,70.114
83.5,122,18.12,1.412,70.114
83.87,122,18.12,1.695,70.601
84.24,123,18.12,1.971,70.114
84.61,126,18.12,3.507,71.088
84.97,130,18.12,4.643,71.575
85.34,132,18.12,2.676,70.114
85.71,135,18.03,1.151,69.627
86.08,138,20.86,1.371,70.114
86.44,139,20.95,2.566,70.601
86.81,138,18.12,3.827,70.601
87.18,139,18.12,1.044,70.601
87.55,139,18.12,1.559,70.601
87.91,141,18.12,2.952,70.601
88.28,143,18.3,5.07,71.575
88.65,145,22.28,4.026,70.601
89.02,148,20.86,1.438,69.627
89.38,149,20.95,1.162,69.627
89.75,150,18.12,4.518,70.114
90.12,146,18.12,3.022,70.114
90.48,146,18.12,6.662,70.601
90.85,148,18.12,1.114,70.114
91.22,147,18.12,4.184,70.114
91.59,148,18.03,4.228,69.627
91.95,151,20.86,4.312,70.114
92.32,153,20.86,3.294,71.088
92.69,153,20.86,0.147,70.601
93.05,154,20.95,2.305,70.601
93.42,155,18.03,4.235,70.114
93.79,157,20.86,4.522,70.601
94.16,165,20.86,4.371,70.114
94.52,162,20.86,1.338,71.088
94.89,159,20.95,2.386,70.601
95.26,157,18.12,3.533,70.114
95.63,156,18.12,3.272,71.088
95.99,159,18.12,3.452,70.601
96.36,158,18.12,1.842,71.088
96.73,155,18.12,1.379,71.088
97.1,152,18.12,1.971,71.088
97.46,150,18.12,3.261,70.601
97.83,147,18.12,0.68,69.627
98.2,145,19.54,1.904,70.601
98.57,144,20.95,0.732,70.114
98.93,142,18.12,1.89,71.088
99.3,0,18.12,2.647,70.114
99.67,139,18.12,2.963,71.088
100.03,136,18.12,1.438,69.627
100.4,134,18.12,1.448,69.627
100.77,135,18.12,3.607,69.627
101.14,139,18.12,6.831,70.601
101.5,142,18.12,6.283,70.601
101.87,141,18.03,3.39,70.601
102.24,145,20.86,2.379,70.601
102.61,146,20.95,4.581,71.088
102.97,145,18.12,4.5,71.088
103.34,146,18.12,2.467,69.14
103.71,145,18.12,2.026,70.601
104.08,142,18.12,0.915,70.601
104.44,146,18.12,3.346,69.627
104.81,146,18.12,3.625,70.601
105.18,148,18.12,2.787,71.088
105.54,149,18.12,3.379,70.601
105.91,150,18.12,2.276,70.114
106.28,146,18.12,4.235,70.114
106.65,148,18.12,3.169,70.601
107.01,148,18.12,2.408,70.114
107.38,149,18.3,3.474,71.088
107.75,150,22.36,1.809,70.114
108.12,152,15.29,2.952,70.114
108.48,149,18.12,4.599,69.627
108.85,148,18.12,2.456,70.114
109.22,150,18.12,2.114,70.601
109.59,152,18.12,3.96,70.601
109.96,154,18.12,3.82,69.627
110.32,153,18.12,1.496,70.601
110.69,151,18.12,3.746,69.14
111.06,148,18.12,0.827,70.114
111.43,150,18.12,1.07,69.627
111.79,148,18.12,3.162,70.114
112.16,144,18.12,4.658,70.114
112.53,141,18.12,2.912,71.088
112.9,141,18.12,1.338,70.114
113.26,140,19.54,2.246,71.088
113.63,142,18.12,3.952,70.601
114.0,141,18.12,2.537,70.114
114.37,142,18.12,4.099,70.114
114.73,143,18.12,1.379,70.114
115.1,144,18.12,3.066,69.627
115.47,145,18.12,1.761,71.088
115.84,152,18.12,4.368,71.088
116.2,152,18.12,3.243,70.114
116.57,150,18.03,1.349,69.627
116.94,148,20.95,3.254,69.627
117.31,147,18.12,0.548,69.627
117.67,145,18.12,2.507,70.114
118.04,142,18.12,3.496,70.114
118.41,145,18.12,3.305,69.627
118.78,148,19.54,1.033,70.601
119.14,149,18.12,2.342,70.114
119.51,149,18.12,1.698,70.114
119.88,151,18.12,5.739,70.601
120.25,152,18.12,0.507,70.114
120.61,0,18.12,4.368,69.627
120.98,148,18.12,2.838,70.601
121.35,146,19.54,2.169,71.088
121.72,145,20.95,2.419,69.14
122.08,144,20.95,2.051,70.601
122.45,140,18.12,3.375,70.114
122.82,140,19.54,2.14,71.575
123.19,139,19.54,5.423,69.627
123.55,142,18.12,1.735,70.114
123.92,144,18.12,4.268,70.601
124.29,148,18.12,2.434,70.601
124.66,146,18.12,3.037,71.575
125.02,146,18.12,0.36,70.114
125.39,150,18.12,4.349,69.627
125.76,155,19.54,1.147,70.114
126.13,154,18.12,2.691,70.601
126.49,154,18.12,4.581,70.114
126.86,156,18.12,2.393,71.088
127.23,154,18.12,3.985,69.627
127.6,157,18.12,3.537,71.088
127.96,161,18.12,5.794,69.14
128.33,162,18.12,3.54,69.627
128.7,164,18.03,2.607,70.114
129.07,160,20.95,1.816,70.601
129.43,156,18.12,3.989,70.114
129.8,163,18.12,4.412,70.114
130.17,160,18.12,5.007,70.114
130.54,157,18.12,2.842,70.114
130.9,155,18.12,0.831,71.088
131.27,158,19.54,1.901,69.627
131.64,156,18.12,1.246,70.114
132.01,154,18.12,3.463,70.114
132.37,159,18.12,4.419,70.601
132.74,158,18.12,1.397,71.088
133.11,155,18.12,5.338,71.088
133.48,159,18.12,3.309,70.601
133.84,158,18.12,4.228,70.114
134.21,159,18.12,2.379,71.088
134.58,160,18.12,0.768,70.601
134.95,158,18.12,4.989,70.601
135.31,154,18.12,2.059,70.601
135.68,154,19.54,4.382,70.601
136.05,160,19.54,2.401,70.601
136.42,162,18.12,0.838,70.601
136.78,158,18.12,2.287,71.088
137.15,157,18.12,3.165,71.088
137.52,161,18.12,2.853,71.088
137.89,166,18.12,3.673,71.088
138.25,165,18.12,2.952,70.114
138.62,164,18.12,1.853,70.601
138.99,160,18.12,3.721,70.114
139.36,156,18.12,1.952,71.088
139.72,156,19.54,2.114,69.627
140.09,155,20.95,2.423,69.627
140.46,156,19.54,4.114,70.601
140.83,165,18.12,4.103,70.601
141.19,167,18.12,1.89,70.114
141.56,164,18.12,4.169,71.088
141.93,164,18.12,1.309,70.601
142.3,159,18.12,3.699,70.601
142.67,163,19.54,3.39,70.601
143.03,165,18.12,6.11,70.601
143.4,172,18.12,2.798,70.114
143.77,175,18.03,5.625,70.114
144.14,180,20.86,2.257,70.601
144.5,178,20.86,2.515,70.114
144.87,173,20.95,2.963,70.601
145.24,172,18.12,3.746,70.114
145.61,170,18.12,2.518,71.575
145.97,168,18.12,1.823,71.088
146.34,164,18.12,2.864,70.601
146.71,0,19.54,1.585,70.601
147.08,165,18.12,2.835,70.601
147.44,160,18.12,4.25,70.114
147.81,162,18.12,2.059,70.601
148.18,165,18.12,3.026,71.575
148.55,165,18.3,0.496,70.114
148.92,163,22.36,3.107,70.601
149.28,162,18.12,2.452,70.114
149.65,166,18.12,3.085,70.601
150.02,175,18.03,1.162,71.088
150.39,172,20.86,3.434,70.114
150.75,167,20.95,1.412,70.601
151.12,161,18.12,4.805,71.088
151.49,160,19.54,1.441,71.575
151.86,163,19.54,3.739,71.088
152.22,164,18.12,1.592,71.088
152.59,166,18.12,1.912,70.114
152.96,164,18.12,2.886,71.088
153.32,173,18.12,1.081,70.601
153.69,178,18.12,4.11,70.601
154.06,177,18.12,3.059,71.088
154.43,177,18.12,1.482,71.088
154.79,176,18.12,3.004,71.575
155.16,178,18.12,4.618,70.114
155.53,181,18.12,3.592,70.114
155.9,179,18.03,3.202,70.114
156.26,179,20.95,4.838,71.088
156.63,179,18.12,0.96,71.088
157.0,175,18.12,1.412,70.601
157.37,170,18.12,3.684,70.601
157.73,170,19.54,4.353,71.088
158.1,168,18.12,3.467,71.088
158.47,164,18.12,0.96,70.601
158.84,162,18.12,2.507,70.114
159.2,168,19.54,2.132,70.601
159.57,169,18.12,3.956,70.601
159.94,168,18.12,3.537,70.601
160.31,171,18.12,3.158,71.088
160.67,174,18.12,3.912,71.575
161.04,174,18.03,1.816,71.575
161.41,172,20.95,1.838,71.088
161.78,172,18.12,0.618,71.575
162.14,172,18.12,3.478,70.114
162.51,172,18.12,2.357,70.114
162.88,170,18.12,2.349,70.114
163.25,168,19.54,4.324,71.575
163.61,169,19.54,0.551,70.114
163.98,169,18.12,2.507,70.114
164.35,168,18.12,4.816,71.088
164.71,169,18.12,0.871,71.575
165.08,168,18.12,1.496,70.114
165.45,168,18.12,1.287,69.627
165.82,169,18.12,4.415,70.601
166.18,171,18.12,3.923,70.601
166.55,173,18.12,4.279,70.601
166.92,175,18.03,1.757,71.088
167.29,176,20.95,4.798,70.601
167.65,171,18.12,2.522,70.601
168.02,167,18.12,0.967,70.601
168.39,164,18.12,1.36,71.088
168.76,165,19.54,4.426,71.575
169.12,165,20.95,1.151,70.601
169.49,162,19.54,2.445,70.114
169.86,162,18.12,2.662,71.088
170.22,161,19.54,3.996,70.601
170.59,160,19.54,1.379,70.601
170.96,160,18.12,3.838,71.088
171.33,159,19.54,0.684,70.601
171.69,155,18.12,2.985,70.601
172.06,153,18.12,4.051,71.575
172.43,149,19.54,0.838,70.114
172.8,146,19.54,3.132,70.601
173.16,147,18.12,2.893,71.088
173.53,148,18.12,3.496,70.114
173.9,145,18.12,1.066,70.601
174.27,143,18.12,3.463,70.601
174.63,148,19.54,4.603,70.601
175.0,150,19.54,1.68,71.088
175.37,148,18.12,2.739,70.601
175.74,0,18.12,2.342,70.601
176.1,146,18.12,1.511,71.575
176.47,146,18.12,1.816,70.601
176.84,144,19.54,4.195,70.114
177.21,148,18.12,2.066,71.088
177.57,146,18.12,0.21,70.114
177.94,147,18.12,1.632,69.627
178.31,147,19.54,3.533,71.088
178.67,148,19.54,0.342,70.114
179.04,147,18.12,1.132,71.088
179.41,152,19.54,2.386,70.601
179.78,152,18.12,3.037,70.601
180.14,150,18.12,4.669,71.088
180.51,152,18.12,0.599,70.114
180.88,154,18.12,2.544,70.601
181.25,0,18.12,3.099,70.114
181.61,151,18.12,2.551,70.601
181.98,150,19.54,0.518,70.114
182.35,150,18.12,2.382,70.114
182.72,150,19.54,2.846,70.601
183.08,150,20.95,2.857,70.601
183.45,150,18.12,1.754,71.088
183.82,151,18.12,2.511,70.601
184.19,150,18.12,4.875,70.601
184.55,151,18.12,4.099,71.575
184.92,152,19.54,5.048,70.601
185.29,154,18.12,2.151,71.575
185.65,154,18.12,2.232,71.088
186.02,156,18.12,3.901,70.114
186.39,156,18.12,2.989,70.114
186.76,161,18.12,3.879,71.088
187.12,164,18.12,2.397,70.601
187.49,0,18.12,2.46,71.088
187.86,164,18.12,3.794,71.088
188.23,170,18.12,1.938,72.062
188.59,169,18.12,1.213,71.088
188.96,167,18.12,2.842,71.088
189.33,171,18.12,1.996,70.601
189.7,170,18.12,3.787,70.601
190.06,171,18.12,4.026,70.601
190.43,178,18.03,1.18,71.088
190.8,178,20.86,1.18,71.088
191.16,174,20.95,1.36,71.575
191.53,170,18.12,1.728,71.575
191.9,162,18.12,3.224,69.627
192.27,157,19.54,5.651,70.601
192.63,158,20.95,2.717,71.088
193.0,162,19.54,3.724,70.601
193.37,159,18.03,1.875,71.088
193.74,155,20.95,3.132,71.088
194.1,150,19.54,2.386,70.601
194.47,146,20.95,0.732,70.114
194.84,143,20.95,2.61,70.601
195.21,138,20.95,0.978,71.575
195.57,139,20.95,1.147,71.575
195.94,139,20.95,1.96,70.114
196.31,139,19.54,5.603,70.601
196.68,142,18.12,1.603,70.601
197.04,144,18.12,2.562,71.088
197.41,142,18.12,3.195,70.601
197.78,140,18.12,2.526,70.114
198.14,138,19.54,1.809,71.088
198.51,136,20.95,2.199,70.601
198.88,132,20.95,1.552,70.601
199.25,131,20.95,4.651,70.114
199.61,129,20.95,1.073,70.114
199.98,127,20.95,1.04,70.601
200.35,129,20.95,2.54,71.088
200.72,133,19.54,0.831,70.114
201.08,136,18.12,1.092,70.601
201.45,134,18.12,2.026,71.088
201.82,131,18.12,1.919,70.114
202.19,132,18.12,2.092,71.088
202.55,136,18.12,2.029,70.114
202.92,140,18.12,3.574,70.114
203.29,142,18.12,0.504,71.575
203.66,142,18.12,3.949,70.601
204.02,143,18.12,2.342,70.601
204.39,144,18.12,0.882,71.088
204.76,144,18.12,1.967,70.114
205.13,142,18.12,2.283,70.601
205.49,140,18.12,2.279,71.575
205.86,135,18.12,2.342,71.088
206.23,136,19.54,3.515,71.088
206.6,136,19.54,1.787,71.088
206.96,138,19.54,4.956,70.114
207.33,142,19.54,2.107,71.088
207.7,141,18.12,1.404,71.575
208.07,140,18.12,2.588,71.088
208.43,138,18.12,1.048,70.601
208.8,138,19.54,3.555,71.088
209.17,141,19.54,1.71,70.601
209.54,143,18.12,3.89,70.601
209.9,144,18.12,-0.059,71.575
210.27,142,18.12,1.5,71.088
210.64,142,18.12,2.783,70.601
211.0,145,18.12,3.096,70.114
211.37,142,19.54,0.412,70.601
211.74,140,19.54,1.456,70.114
212.11,138,19.54,2.463,71.088
212.47,136,19.54,2.011,71.575
212.84,139,20.95,4.456,70.601
213.21,144,19.54,3.062,71.088
213.58,146,18.12,3.647,70.114
213.94,151,18.12,4.463,70.601
214.31,152,18.12,3.463,71.088
214.68,156,18.12,1.015,71.575
215.05,155,18.12,2.688,69.627
215.41,154,18.12,5.136,70.601
215.78,0,18.12,2.739,70.114
216.15,154,18.12,3.357,71.088
216.52,151,18.12,0.868,70.114
216.89,148,18.21,1.04,71.575
217.25,150,19.54,1.879,71.088
217.62,146,19.54,3.088,71.575
217.99,146,20.95,4.596,70.114
218.36,148,19.54,1.783,71.088
218.72,147,18.12,2.36,70.601
219.09,145,19.54,4.761,71.575
219.46,146,19.54,3.971,71.575
219.82,147,18.12,2.051,71.088
220.19,150,18.12,2.607,70.114
220.56,150,18.12,2.676,70.601
220.93,150,18.12,1.698,71.088
221.29,148,18.12,5.467,71.575
221.66,154,19.54,3.735,70.114
222.03,161,18.12,3.393,70.114
222.4,161,18.03,3.5,71.575
222.76,160,20.95,3.404,71.575
223.13,161,18.12,4.724,71.575
223.5,164,18.12,2.11,71.088
223.86,164,18.12,2.835,72.062
224.23,167,18.12,3.882,70.601
224.6,170,18.12,2.71,71.575
224.97,0,18.03,3.794,70.601
225.33,172,20.86,2.544,71.575
225.7,169,20.95,2.86,70.601
226.07,170,18.12,2.515,71.575
226.44,170,18.12,0.504,72.549
226.8,170,18.12,2.636,71.575
227.17,169,18.12,4.331,71.088
227.54,167,18.12,3.066,71.575
227.91,0,18.12,5.033,70.601
228.27,167,19.54,3.397,71.575
228.64,168,18.12,4.092,71.575
229.01,171,18.12,0.989,72.062
229.38,170,18.12,3.691,71.088
229.74,170,18.12,4.088,70.601
230.11,176,18.03,3.496,71.088
230.48,174,20.86,2.217,71.088
230.85,170,20.95,1.882,71.088
231.21,170,18.12,2.371,70.601
231.58,170,18.12,1.849,71.575
231.95,170,18.12,2.853,70.601
232.32,170,18.12,2.176,70.601
232.68,172,18.12,1.073,72.062
233.05,171,18.12,3.599,70.601
233.42,169,18.12,3.518,71.575
233.79,171,18.12,3.136,71.575
234.15,172,18.12,5.11,71.088
234.52,174,18.12,4.54,70.601
234.89,178,18.12,3.033,71.575
235.26,178,18.12,4.566,72.062
235.62,184,18.12,4.147,71.575
235.99,189,18.03,2.673,70.601
236.36,194,20.86,2.956,72.062
236.73,193,20.86,2.426,70.601
237.09,190,20.95,2.801,71.088
237.46,186,18.12,4.077,70.601
237.83,184,18.12,5.261,71.575
238.19,182,18.12,4.199,71.088
238.56,182,18.12,2.673,71.088
238.93,180,18.12,3.724,70.601
239.3,180,18.12,3.801,71.088
239.66,178,18.12,3.29,71.575
240.03,178,18.12,4.61,70.601
240.4,178,18.12,3.276,71.088
240.77,0,18.12,2.342,70.601
241.13,176,18.12,2.312,71.575
241.5,175,18.12,4.327,70.601
241.87,179,18.12,2.555,70.601
242.24,174,18.12,1.746,71.575
242.6,173,18.12,2.562,71.575
242.97,174,18.12,2.213,71.088
243.34,173,18.12,3.434,71.088
243.71,170,18.12,3.982,70.601
244.07,167,18.12,3.143,71.575
244.44,165,18.12,1.393,71.575
244.81,162,18.12,6.077,70.601
245.18,162,19.54,3.846,70.114
245.54,163,18.12,3.154,71.575
245.91,162,18.12,1.794,71.088
246.28,160,18.12,3.309,71.575
246.65,160,18.12,3.206,70.601
247.01,158,18.12,4.342,71.575
247.38,154,18.12,3.982,71.575
247.75,156,18.12,1.485,71.575
248.12,154,18.12,1.746,71.575
248.48,153,18.12,2.632,71.575
248.85,150,19.54,4.566,71.088
249.22,152,19.54,1.14,71.575
249.58,150,18.12,1.5,72.062
249.95,148,18.12,1.643,72.062
250.32,146,19.54,2.654,71.575
250.69,148,19.54,2.779,70.601
251.05,150,18.12,1.956,71.088
251.42,153,18.12,0.426,70.601
251.79,150,18.12,2.809,71.575
252.16,152,18.12,3.923,70.601
252.52,150,18.12,0.585,71.088
252.89,147,18.12,0.952,71.575
253.26,143,20.95,3.195,71.088
253.63,141,20.95,3.654,71.575
253.99,141,20.95,1.798,71.088
254.36,140,20.95,4.449,71.575
254.73,138,19.54,3.901,71.575
255.09,138,18.12,1.827,71.088
255.46,138,18.12,2.103,72.062
255.83,139,18.12,3.195,70.601
256.2,137,18.12,0.562,71.575
256.56,136,19.54,2.812,71.088
256.93,140,19.54,4.022,72.062
257.3,142,19.54,0.967,72.062
257.67,141,18.12,5.195,70.601
258.03,144,18.12,2.699,71.088
258.4,143,18.12,1.335,71.088
258.77,142,18.12,4.46,70.601
259.14,146,18.12,2.941,71.088
259.5,146,18.12,0.533,71.088
259.87,144,18.12,2.71,70.601
260.24,147,19.54,3.614,71.575
260.61,152,18.12,2.062,71.088
260.97,152,18.12,0.967,70.601
261.34,153,18.12,2.287,71.575
261.71,152,18.12,3.533,70.601
262.08,152,18.12,2.401,71.575
262.44,152,18.12,2.037,72.062
262.81,152,19.54,3.07,70.601
263.18,156,18.12,1.919,70.601
263.55,155,18.12,4.0,71.575
263.91,155,18.12,6.518,71.575
264.28,158,19.54,3.746,71.088
264.65,160,18.12,3.099,71.088
265.01,166,18.12,5.379,72.062
265.38,167,18.12,4.096,72.062
265.75,167,18.12,4.904,71.575
266.12,168,18.12,4.287,71.575
266.49,168,18.12,4.048,71.575
266.85,165,18.12,0.496,72.062
267.22,164,18.12,4.228,70.601
267.59,163,19.54,2.566,71.088
267.95,162,19.54,2.537,71.575
268.32,160,18.12,2.985,70.114
268.69,161,18.12,5.202,70.601
269.06,166,19.54,6.206,71.575
269.42,169,18.12,2.724,71.575
269.79,169,18.12,4.044,71.088
270.16,170,18.12,4.346,71.575
270.53,167,18.12,3.761,71.575
270.89,166,18.12,1.588,72.062
271.26,163,18.12,2.695,71.575
271.63,165,18.12,4.54,71.575
272.0,166,18.12,4.243,70.601
272.36,168,18.12,1.702,71.575
272.73,164,18.12,4.562,71.088
273.1,162,18.12,3.691,71.575
273.47,163,19.54,2.717,72.549
273.83,164,19.54,2.783,70.601
274.2,165,18.12,1.052,71.575
274.57,162,18.12,4.004,72.062
274.93,164,18.12,5.368,71.575
275.3,162,18.12,3.158,72.062
275.67,162,18.12,3.077,72.062
276.04,165,18.12,3.474,72.062
276.4,163,18.12,4.298,72.062
276.77,160,18.12,5.136,72.062
277.14,161,19.54,0.93,71.575
277.51,158,19.54,2.46,71.575
277.87,158,18.12,3.956,72.062
278.24,158,19.54,3.625,71.575
278.61,158,18.12,1.544,71.088
278.98,156,18.12,4.949,71.088
279.34,154,18.12,2.107,71.088
279.71,152,18.12,1.401,71.575
280.08,155,19.54,4.224,72.062
280.45,154,19.54,4.699,71.088
280.81,152,18.12,3.489,72.062
281.18,150,18.12,1.5,71.088
281.55,148,18.12,2.265,71.088
281.92,147,18.12,3.82,71.088
282.28,142,18.12,3.279,70.601
282.65,144,19.54,2.279,72.062
283.02,142,19.54,2.93,71.575
283.39,142,18.12,3.511,70.601
283.75,138,19.54,3.39,70.601
284.12,136,19.54,4.279,72.062
284.49,138,20.95,0.765,71.088
284.85,143,20.95,0.809,71.575
285.22,141,18.12,1.169,71.575
285.59,138,18.12,0.952,71.088
285.96,138,19.54,2.324,72.062
286.32,133,20.95,2.081,71.575
286.69,134,20.95,1.132,72.062
287.06,135,20.95,3.14,71.575
287.43,137,19.54,2.603,71.088
287.79,139,19.54,4.301,71.088
288.16,146,18.12,3.342,71.088
288.53,150,18.12,1.335,71.575
288.9,154,18.12,4.496,71.575
289.26,158,18.12,0.776,72.062
289.63,160,18.12,2.842,71.575
290.0,162,18.12,2.327,70.601
290.37,163,18.12,5.463,72.062
290.73,160,18.12,1.548,71.575
291.1,162,18.12,3.952,72.062
291.47,164,18.12,6.228,71.575
291.84,170,18.12,4.037,71.575
292.2,170,18.12,3.107,72.062
292.57,168,18.12,3.934,71.088
292.94,168,18.12,2.765,71.088
293.3,164,18.12,4.235,72.062
293.67,160,19.54,3.368,72.549
294.04,156,19.54,1.305,72.062
294.41,156,20.95,3.658,72.549
294.77,154,19.54,2.978,71.575
295.14,156,19.54,0.963,71.575
295.51,160,19.54,1.86,72.062
295.88,160,19.54,4.96,71.088
296.24,159,18.21,1.893,71.088
296.61,158,22.36,2.257,72.062
296.98,156,19.54,3.555,71.575
297.35,152,19.54,2.033,70.601
297.71,150,20.95,1.688,71.575
298.08,149,19.54,3.562,71.088
298.45,147,19.54,2.022,72.062
298.82,147,20.95,2.985,72.062
299.18,146,19.54,2.926,71.088
299.55,146,18.12,1.566,71.575
299.92,148,19.54,2.143,72.062
300.28,153,18.12,1.691,71.088
300.65,151,18.12,2.901,72.062
301.02,150,18.12,0.585,72.062
301.39,147,18.12,1.441,72.062
301.75,148,18.12,0.445,72.062
302.12,146,18.12,3.522,71.088
302.49,152,18.12,5.066,71.575
302.86,154,18.12,2.364,71.575
303.22,154,18.03,2.434,71.575
303.59,154,20.95,2.11,71.088
303.96,150,18.12,4.228,71.088
304.33,150,18.12,3.574,72.549
304.69,146,19.54,1.287,71.575
305.06,147,18.12,3.581,71.575
305.43,148,18.12,1.566,71.575
305.79,147,18.12,2.386,71.575
306.16,150,18.12,3.136,72.062
306.53,152,19.54,3.029,71.088
306.9,153,18.12,2.375,71.575
307.26,152,18.12,3.794,71.088
307.63,156,18.12,0.798,72.549
308.0,152,18.12,2.945,72.062
308.37,152,18.12,4.485,71.088
308.73,149,19.54,0.871,71.088
309.1,147,19.54,1.721,72.062
309.47,146,20.95,2.206,71.575
309.84,148,20.95,5.335,71.088
310.2,152,19.54,2.993,72.062
310.57,156,18.12,4.463,72.549
310.94,157,18.12,3.809,71.575
311.31,159,18.12,2.776,72.062
311.67,158,18.12,2.82,71.575
312.04,156,18.12,1.471,70.601
312.41,156,19.54,1.945,72.549
312.77,152,19.54,2.037,71.575
313.14,150,19.54,1.853,70.601
313.51,149,20.95,2.048,72.062
313.88,146,20.95,0.897,72.062
314.24,144,19.54,1.235,72.062
314.61,142,20.95,1.331,72.062
314.98,138,20.95,2.706,71.575
315.35,138,20.95,2.287,71.575
315.71,137,19.54,2.007,71.575
316.08,138,19.54,2.489,71.575
316.45,136,19.54,2.46,72.062
316.82,138,19.54,1.853,72.549
317.18,138,18.12,3.21,72.062
317.55,143,18.12,1.007,72.062
317.92,140,19.54,0.985,72.062
318.29,139,19.54,4.184,72.062
318.65,140,20.95,2.412,72.062
319.02,137,20.95,1.29,71.575
319.39,139,19.54,3.772,70.601
319.75,142,19.54,2.776,71.575
320.12,142,18.12,1.085,71.088
320.49,140,18.12,0.688,72.549
320.86,138,18.12,2.331,70.601
321.22,136,20.95,2.537,71.575
321.59,134,20.95,1.088,72.062
321.96,132,20.95,2.129,73.036
322.33,132,20.95,3.397,72.062
322.69,135,20.95,1.151,70.601
323.06,132,18.12,1.004,72.549
323.43,133,18.12,1.846,72.062
323.8,133,19.54,4.294,72.062
324.16,137,18.12,2.401,72.549
324.53,138,18.12,1.114,71.088
324.9,136,18.12,5.393,72.549
325.27,137,19.54,2.07,71.575
325.63,137,19.54,1.191,71.575
326.0,137,19.54,0.868,71.575
326.37,134,19.54,2.272,72.062
326.74,133,19.54,2.971,72.549
327.1,134,19.54,1.052,70.601
327.47,135,19.54,1.448,71.575
327.84,135,20.95,3.592,71.575
328.21,136,20.95,1.077,71.088
328.57,134,20.95,0.779,73.036
328.94,134,18.12,2.015,72.549
329.31,136,19.54,3.007,73.036
329.68,144,19.54,1.596,73.036
330.04,146,19.54,0.93,72.062
330.41,146,18.12,3.158,71.575
330.78,145,18.12,1.239,71.575
331.15,146,18.12,0.618,72.062
331.51,147,18.12,2.393,72.062
331.88,146,19.54,0.073,72.062
332.25,143,19.54,1.688,72.062
332.61,142,20.95,2.559,73.036
332.98,141,20.95,1.529,72.549
333.35,140,20.95,3.007,72.062
333.72,138,20.95,1.316,71.575
334.08,137,19.54,1.143,72.549
334.45,140,20.95,4.342,72.062
334.82,139,19.54,1.846,72.549
335.19,138,18.12,3.022,72.062
335.55,137,18.12,2.14,72.549
335.92,134,18.12,1.401,71.575
336.29,133,19.54,2.533,72.062
336.66,130,20.95,1.993,71.575
337.02,128,20.95,3.21,73.036
337.39,0,19.54,1.235,71.088
337.76,127,18.12,1.93,71.575
338.13,128,19.54,1.518,71.575
338.49,128,19.54,0.985,72.062
338.86,127,20.95,2.088,71.088
339.23,128,20.95,2.695,72.062
339.6,127,19.54,3.059,71.575
339.96,128,19.54,2.79,71.575
340.33,133,20.95,1.952,71.088
340.7,139,18.12,3.974,72.062
341.07,138,18.12,1.154,72.062
341.43,140,18.12,2.213,72.062
341.8,138,18.12,0.471,71.575
342.17,139,18.12,0.559,72.062
342.54,136,18.12,3.761,72.549
342.9,136,18.12,3.162,73.036
343.27,0,19.54,1.886,72.549
343.64,134,18.12,1.265,72.062
344.01,0,19.54,2.904,73.523
344.37,138,19.54,2.463,74.01
344.74,136,18.12,1.963,71.575
345.11,136,18.12,3.335,72.062
345.48,140,18.12,3.54,72.062
345.84,142,18.12,1.989,73.036
346.21,142,18.12,4.129,71.575
346.58,144,18.12,0.71,71.575
346.95,146,18.12,3.555,73.523
347.31,149,18.12,2.511,72.549
347.68,147,18.12,2.026,72.062
348.05,149,18.12,4.32,72.549
348.42,149,18.12,5.125,71.575
348.78,150,18.12,2.048,71.575
349.15,148,18.12,3.618,72.549
349.52,152,19.54,0.676,72.549
349.89,149,18.12,3.684,73.036
350.25,150,18.12,2.165,72.062
350.62,148,20.95,3.662,72.062
350.99,146,19.54,3.621,72.549
351.36,145,20.95,2.368,72.549
351.72,142,19.54,2.033,71.575
352.09,142,20.95,3.5,73.036
352.46,0,20.95,1.901,72.062
352.83,137,19.54,0.982,71.088
353.19,135,20.95,1.57,71.575
353.56,138,20.95,2.596,71.575
353.93,140,20.95,3.684,72.549
354.3,142,19.54,2.603,72.062
354.66,142,18.12,3.04,73.036
355.03,142,18.12,2.301,71.575
355.4,142,18.12,3.386,71.575
355.77,140,18.12,1.32,72.062
356.13,0,19.54,2.32,72.549
356.5,143,20.95,3.805,71.575
356.87,145,19.54,0.886,72.549
357.24,146,18.12,2.618,73.036
357.6,147,19.54,3.5,72.062
357.97,148,18.12,2.103,72.549
358.34,153,18.12,4.897,72.549
358.71,157,18.03,2.518,72.062
359.07,156,20.95,4.537,72.062
359.44,159,18.12,3.757,71.088
359.81,159,18.12,4.213,72.549
360.18,159,19.54,2.518,71.088
360.54,160,18.12,4.136,72.062
360.91,158,18.12,2.654,72.062
361.28,156,18.12,2.632,71.575
361.65,154,19.54,0.647,73.523
362.01,153,20.95,3.842,72.062
362.38,155,19.54,2.478,72.549
362.75,154,18.12,1.169,72.062
363.12,153,19.54,5.324,71.575
363.48,153,18.12,1.221,72.062
363.85,149,19.54,2.493,72.549
364.22,150,19.54,2.57,71.575
364.59,148,20.95,3.912,71.575
364.95,148,19.54,2.629,72.062
365.32,148,19.54,1.893,71.088
365.69,151,18.12,2.143,72.062
366.06,151,18.12,2.301,72.549
366.42,152,18.12,4.831,72.549
366.79,154,18.12,4.301,72.062
367.16,154,18.12,0.662,72.062
367.53,151,18.12,1.971,73.036
367.89,147,19.54,2.559,71.575
368.26,145,20.95,4.169,72.062
368.63,151,20.95,2.092,72.549
368.99,151,19.54,6.051,72.062
369.36,152,18.12,5.147,72.062
369.73,161,18.12,3.309,71.575
370.1,161,18.12,3.684,72.062
370.46,162,18.12,1.967,71.575
370.83,165,18.12,3.074,72.549
371.2,163,18.12,1.496,72.549
371.57,165,18.12,3.25,72.062
371.93,165,18.12,4.04,72.062
372.3,160,19.54,0.07,72.549
372.67,159,18.12,3.632,72.062
373.04,156,19.54,1.496,71.575
373.4,154,19.54,3.893,72.549
373.77,155,19.54,1.838,73.036
374.14,155,18.12,3.169,72.062
374.51,155,18.12,2.665,73.523
374.87,150,18.12,4.551,73.036
375.24,149,20.95,1.312,72.549
375.61,148,19.54,1.864,72.549
375.98,154,19.54,3.096,72.549
376.34,156,20.95,1.493,71.575
376.71,155,18.12,2.879,72.062
377.08,156,19.54,1.43,72.549
377.45,156,18.12,3.551,72.549
377.81,158,18.12,2.199,72.549
378.18,159,18.12,3.735,73.036
378.55,156,18.12,3.184,72.549
378.92,153,18.12,0.478,72.549
379.28,152,18.12,2.132,73.036
379.65,152,19.54,1.927,73.523
380.02,154,19.54,4.191,72.549
380.39,158,18.12,2.026,72.549
380.75,154,18.12,2.886,72.062
381.12,153,18.12,1.46,72.549
381.49,156,18.12,3.287,72.062
381.86,160,19.54,1.294,72.062
382.22,161,18.12,2.963,71.575
382.59,164,18.12,5.426,73.523
382.96,167,18.12,2.092,72.549
383.33,169,18.12,5.21,72.549
383.69,173,18.12,4.243,72.062
384.06,173,18.12,4.375,73.036
384.43,170,18.12,0.89,72.062
384.8,168,18.12,2.746,73.523
385.16,166,19.54,2.489,72.062
385.53,166,18.12,2.596,72.062
385.9,166,18.12,0.349,72.549
386.27,166,19.54,1.691,71.575
386.63,163,18.12,1.353,73.523
387.0,163,19.54,2.662,72.549
387.37,166,19.54,2.989,72.549
387.73,168,18.12,3.114,72.549
388.1,168,18.21,3.228,72.062
388.47,167,20.95,0.088,72.549
388.84,165,18.12,1.136,72.062
389.2,161,18.12,3.301,72.549
389.57,162,19.54,1.952,72.549
389.94,162,19.54,4.191,72.549
390.31,164,19.54,0.739,71.575
390.67,163,18.12,1.235,73.036
391.04,164,18.12,1.956,72.062
391.41,166,18.12,3.871,73.036
391.78,166,18.12,0.868,73.036
392.14,166,18.12,1.335,72.549
392.51,166,18.12,5.838,71.575
392.88,168,18.12,2.327,73.036
393.25,169,18.12,1.349,72.549
393.61,166,18.12,0.949,72.549
393.98,164,18.12,4.643,72.062
394.35,164,18.12,1.073,72.549
394.72,164,18.12,1.772,73.036
395.08,160,18.12,4.051,72.062
395.45,155,19.54,-0.143,73.523
395.82,151,20.95,1.272,72.062
396.19,146,19.54,2.114,72.062
396.55,146,20.95,2.614,72.549
396.92,147,20.95,3.794,73.036
397.29,150,20.95,7.147,72.062
397.65,153,19.54,3.647,73.036
398.02,150,18.12,3.526,73.036
398.39,0,18.12,1.393,73.036
398.76,144,19.54,1.257,72.549
399.12,141,20.95,1.015,72.549
399.49,142,20.95,2.912,72.062
399.86,140,19.54,3.96,71.575
400.23,143,18.12,0.963,73.036
400.59,141,18.12,1.434,72.549
400.96,145,18.12,4.298,73.036
401.33,150,18.12,3.449,72.549
401.7,152,18.12,4.89,73.523
402.06,155,18.12,5.526,73.036
402.43,158,18.12,2.993,72.549
402.8,158,18.12,1.71,72.549
403.17,155,18.12,3.371,73.036
403.53,150,19.54,3.246,72.549
403.9,146,20.95,0.812,72.549
404.27,143,20.95,4.151,73.036
404.64,142,20.95,3.919,72.549
405.0,140,19.54,4.493,72.549
405.37,139,19.54,2.044,73.036
405.74,140,20.95,4.489,72.062
406.1,145,19.54,2.401,73.036
406.47,143,18.12,1.956,72.549
406.84,140,18.12,0.621,73.036
407.21,140,20.95,3.335,73.036
407.57,138,20.95,0.257,73.523
407.94,140,20.95,1.5,72.549
408.31,138,20.95,3.301,72.549
408.68,139,19.54,1.849,72.549
409.04,136,19.54,2.879,73.036
409.41,136,20.95,3.114,73.523
409.78,139,20.95,0.257,72.549
410.15,138,19.54,0.96,72.549
410.51,139,19.54,4.268,73.036
410.88,142,19.54,2.518,73.523
411.25,143,18.12,1.489,73.036
411.62,143,18.12,1.735,72.062
411.98,144,19.54,1.875,72.549
412.35,147,19.54,3.908,72.062
412.72,146,18.12,2.574,72.549
413.09,143,18.12,-0.213,72.549
413.45,141,18.12,2.467,73.036
413.82,139,20.95,3.478,72.062
414.19,136,20.95,2.688,72.549
414.56,138,20.95,4.114,72.062
414.92,138,19.54,2.441,73.523
415.29,139,19.54,0.812,72.549
415.66,137,20.95,2.812,73.036
416.02,136,19.54,2.945,73.523
416.39,137,18.12,3.36,72.549
416.76,138,19.54,1.305,73.036
417.13,140,19.54,1.948,72.549
417.5,141,19.54,1.948,73.036
417.86,140,19.54,1.978,72.549
418.23,138,18.12,1.257,72.549
418.6,141,19.54,2.015,73.523
418.96,138,18.12,2.493,73.523
419.33,136,18.12,0.463,72.549
419.7,136,19.54,2.923,73.523
420.07,136,20.95,1.118,72.062
420.43,136,19.54,0.412,72.549
420.8,133,18.12,0.691,71.575
421.17,132,18.12,1.401,72.549
421.54,138,20.95,2.125,72.549
421.9,140,19.54,1.915,72.549
422.27,140,18.12,2.265,73.036
422.64,142,19.54,2.463,72.062
423.01,143,19.54,3.397,72.549
423.37,146,19.54,0.099,72.549
423.74,144,19.54,0.596,72.062
424.11,146,20.95,1.79,73.036
424.48,143,20.95,0.915,73.036
424.84,144,18.12,1.691,73.036
425.21,149,20.95,2.702,73.523
425.58,148,19.54,1.188,72.549
425.95,148,18.12,1.217,72.549
426.31,146,19.54,2.169,72.549
426.68,146,19.54,4.967,73.036
427.05,149,20.95,0.559,73.036
427.42,149,19.54,4.812,72.549
427.78,151,18.12,1.371,73.036
428.15,152,18.12,3.665,73.523
428.52,0,19.54,2.765,72.549
428.89,0,18.12,3.077,74.01
429.25,154,18.12,3.886,73.036
429.62,158,18.12,1.404,72.549
429.99,155,18.12,4.268,72.549
430.36,154,18.12,0.849,72.549
430.72,152,18.12,3.0,72.549
431.09,152,20.95,1.982,73.036
431.46,148,20.95,1.927,73.523
431.83,154,20.95,0.831,72.549
432.19,154,20.95,2.456,73.523
432.56,152,18.12,2.327,73.523
432.93,151,19.54,2.537,72.549
433.29,151,19.54,2.529,72.549
433.66,148,19.54,2.173,72.062
434.03,144,20.95,5.658,72.549
434.4,151,20.95,2.136,71.575
434.76,150,19.54,2.25,73.523
435.13,152,18.12,4.768,73.523
435.5,154,18.12,2.875,73.036
435.87,151,18.12,2.654,72.549
436.23,148,18.12,2.309,72.549
436.6,146,19.54,2.684,73.523
436.97,146,20.95,1.077,74.01
437.34,144,19.54,2.86,73.036
437.7,148,19.54,1.228,73.036
438.07,144,18.12,2.559,73.523
438.44,143,18.12,1.831,73.036
438.81,139,19.54,3.68,73.523
439.17,140,19.54,0.43,73.036
439.54,138,19.54,2.246,73.036
439.91,139,19.54,0.596,73.523
440.28,141,20.95,1.195,73.036
440.64,140,19.54,1.754,73.523
441.01,138,18.12,1.007,73.036
441.38,135,19.54,2.445,73.523
441.75,136,19.54,0.129,72.549
442.12,134,19.54,2.357,73.523
442.48,135,19.54,1.276,73.036
442.85,135,20.95,1.268,73.523
443.22,133,19.54,3.371,73.036
443.59,131,20.95,0.559,73.523
443.96,131,20.95,1.445,72.549
444.33,131,19.54,1.438,73.523
444.69,131,19.54,3.926,73.523
445.06,131,20.95,2.092,72.549
445.43,135,19.54,2.842,72.549
445.8,140,19.54,2.327,73.523
446.16,141,18.12,1.768,72.549
446.53,142,18.12,1.555,72.549
446.9,143,19.54,3.673,73.523
447.27,139,20.95,2.099,73.036
447.64,138,20.95,1.169,74.01
448.0,138,20.95,1.57,72.549
448.37,138,18.12,2.559,72.549
448.74,136,18.12,1.669,73.036
449.11,134,18.12,0.592,73.523
449.48,133,19.54,1.555,74.01
449.85,132,19.54,2.629,73.036
450.22,133,19.54,0.798,73.036
450.58,136,18.12,5.36,73.036
450.95,137,18.12,1.713,73.523
451.32,139,18.12,3.721,73.036
451.69,142,18.12,4.195,72.062
452.06,142,18.12,1.978,73.036
452.43,146,18.12,1.592,73.036
452.79,147,18.12,-0.485,74.01
453.16,148,18.12,3.75,73.523
453.53,149,18.12,2.011,74.01
453.9,147,18.12,4.419,73.036
454.27,150,18.12,3.596,72.549
454.63,156,18.12,3.294,74.01
455.0,157,18.12,3.243,73.523
455.37,159,18.12,2.938,73.523
455.73,165,18.12,3.335,72.549
456.1,161,18.12,0.441,72.549
456.47,161,18.12,1.357,73.036
456.84,154,18.12,2.312,73.523
457.2,150,18.12,2.449,73.036
457.57,150,20.95,3.596,74.01
457.94,150,20.95,0.243,73.523
458.31,151,19.54,2.967,73.036
458.67,147,18.12,0.79,73.036
459.04,143,19.54,2.75,73.523
459.41,144,20.95,2.882,73.523
459.78,141,20.95,2.493,74.01
460.14,140,19.54,1.713,72.549
460.51,140,20.95,0.673,73.523
460.88,136,19.54,1.665,73.036
461.24,135,20.95,2.088,73.036
461.61,134,20.95,1.577,73.036
461.98,130,20.95,2.114,73.523
462.35,127,20.95,0.46,74.01
462.71,125,20.95,1.188,73.036
463.08,128,20.95,5.518,73.523
463.45,132,20.95,1.397,73.523
463.82,0,18.12,2.165,73.036
464.18,132,18.12,2.14,73.523
464.55,131,19.54,-0.915,74.01
464.92,131,20.95,2.022,73.036
465.29,130,20.95,3.842,74.01
465.65,130,20.95,0.298,73.036
466.02,131,18.12,5.066,74.497
466.39,134,20.95,2.21,73.523
466.76,138,19.54,2.331,74.01
467.12,139,18.12,3.864,74.01
467.49,144,18.12,4.982,74.01
467.86,143,18.12,4.522,73.523
468.23,143,18.12,3.588,73.036
468.59,145,18.12,3.949,73.523
468.96,148,18.12,2.445,73.036
469.33,145,18.12,4.471,73.523
469.7,151,18.12,5.526,73.523
470.06,0,19.54,5.312,73.036
470.43,156,18.12,1.279,73.523
470.8,160,18.12,1.261,73.523
471.17,155,18.12,3.68,74.01
471.53,154,18.12,4.875,74.01
471.9,155,19.54,4.195,74.01
472.27,161,18.12,3.897,73.036
472.64,166,18.03,4.14,73.523
473.0,168,20.86,1.875,73.036
473.37,164,20.95,1.066,73.523
473.74,163,18.12,2.893,73.523
474.11,161,19.54,1.129,73.036
474.47,160,19.54,1.29,73.523
474.84,158,19.54,2.721,73.523
475.21,160,19.54,2.673,74.01
475.58,160,18.12,3.419,73.523
475.94,161,18.12,1.614,73.523
476.31,162,18.12,1.963,73.036
476.68,158,18.12,3.879,72.549
477.05,163,19.54,3.364,73.036
477.41,169,19.54,7.066,74.497
477.78,176,18.03,1.735,74.01
478.15,176,19.45,2.298,73.523
478.52,178,20.95,1.107,74.01
478.88,177,18.12,4.103,74.01
479.25,174,18.12,3.147,73.036
479.62,172,18.12,1.412,73.523
479.98,172,19.54,2.926,74.01
480.35,171,18.12,2.301,73.036
480.72,171,18.12,3.643,74.01
481.09,167,18.12,0.397,74.01
481.45,0,18.12,3.213,73.523
481.82,166,18.12,1.379,73.523
482.19,166,18.12,0.507,73.036
482.56,167,18.12,1.647,73.036
482.92,166,18.12,3.077,73.523
483.29,164,18.12,5.033,73.523
483.66,159,19.54,3.25,73.523
484.03,163,19.54,2.051,74.01
484.39,162,19.54,1.496,73.523
484.76,163,18.12,2.996,73.523
485.13,164,19.54,0.261,73.523
485.5,163,18.12,2.29,73.523
485.86,160,18.12,1.048,73.036
486.23,160,19.54,3.412,72.549
486.6,164,19.54,4.662,73.036
486.97,169,18.03,0.485,74.01
487.33,168,20.95,4.393,73.523
487.7,165,18.12,1.312,74.497
488.07,0,18.12,3.092,74.01
488.44,158,18.12,1.217,73.036
488.8,157,19.54,1.36,73.036
489.17,156,19.54,1.346,72.062
489.54,155,19.54,0.934,73.523
489.91,151,18.12,1.393,73.523
490.27,150,19.54,3.213,73.523
490.64,148,20.95,2.963,73.523
491.01,151,19.54,2.335,73.523
491.38,151,18.12,3.305,74.01
491.74,154,18.12,1.081,73.523
492.11,154,18.12,0.566,73.523
492.48,152,19.54,2.048,74.497
492.85,152,20.95,2.471,73.036
493.21,154,20.95,2.162,74.01
493.58,150,19.54,0.386,74.01
493.95,152,18.12,2.312,73.036
494.32,154,20.95,0.919,73.523
494.68,153,18.12,2.665,74.497
495.05,151,18.12,-0.143,73.036
495.42,153,18.12,2.732,74.01
495.79,155,18.12,3.151,73.523
496.15,152,18.12,4.059,73.036
496.52,151,20.95,3.162,74.01
496.89,151,18.12,0.901,73.523
497.26,147,18.12,2.298,73.523
497.63,145,19.54,4.713,74.01
497.99,142,20.95,1.717,73.523
498.36,142,20.95,2.393,73.523
498.73,140,20.95,5.004,72.549
499.1,141,20.95,0.438,73.036
499.46,141,19.54,2.776,74.01
499.83,140,18.12,5.062,74.01
500.2,141,19.54,1.952,73.523
500.57,138,19.54,0.945,74.01
500.93,139,19.54,1.904,73.523
501.3,139,20.95,2.901,73.036
501.67,136,20.95,3.11,73.036
502.04,142,20.95,1.658,74.01
502.41,144,19.54,3.551,73.523
502.77,146,18.12,2.816,72.549
503.14,144,18.12,1.474,74.497
503.51,149,19.54,3.529,74.01
503.88,154,18.12,2.868,74.01
504.24,156,18.12,2.191,74.984
504.61,152,18.12,4.419,74.01
504.98,150,18.12,2.14,73.523
505.35,147,19.54,2.066,73.523
505.71,152,19.54,1.272,74.01
506.08,154,19.54,3.816,73.523
506.45,154,19.54,2.904,73.523
506.81,155,18.12,2.555,73.036
507.18,153,18.12,2.857,73.036
507.55,154,19.54,3.526,74.01
507.92,156,18.12,2.445,74.01
508.29,153,18.12,2.165,73.036
508.65,152,19.54,3.478,73.036
509.02,154,19.54,2.68,74.01
509.39,156,18.12,2.636,74.01
509.76,152,18.12,4.235,73.036
510.12,153,18.12,3.746,74.01
510.49,156,18.12,2.151,73.036
510.86,156,18.12,3.217,74.01
511.23,153,18.12,3.162,74.01
511.6,156,18.12,3.812,73.523
511.96,159,19.54,2.956,74.01
512.33,157,18.12,2.496,73.523
512.7,158,18.12,5.357,73.036
513.06,162,18.12,3.478,73.036
513.43,161,18.03,2.114,73.523
513.8,159,20.95,4.515,74.01
514.17,159,18.12,3.114,74.01
514.53,159,18.12,2.305,73.036
514.9,157,18.12,1.456,73.523
515.27,158,18.12,1.993,73.523
515.64,158,18.12,2.956,74.497
516.0,159,19.54,1.956,74.01
516.37,158,18.12,4.835,74.01
516.74,158,18.12,2.515,74.01
517.11,160,18.12,5.206,73.523
517.47,159,18.12,2.379,74.01
517.84,162,18.12,2.39,73.523
518.21,160,18.12,1.871,73.523
518.58,160,18.12,0.71,74.984
518.94,159,18.12,3.397,74.01
519.31,160,18.12,1.927,74.01
519.68,158,18.12,3.662,73.523
520.05,155,18.12,1.761,73.523
520.41,155,19.54,3.662,74.01
520.78,152,18.12,3.529,73.523
521.15,154,18.12,1.79,73.036
521.52,156,18.12,2.287,73.036
521.88,162,18.12,1.21,73.523
522.25,162,18.12,3.158,74.01
522.62,160,18.12,1.552,74.01
522.99,158,18.12,3.379,73.523
523.35,154,19.54,1.518,74.01
523.72,154,19.54,3.537,73.036
524.09,156,20.95,3.974,74.01
524.45,162,19.54,4.129,73.036
524.82,165,18.12,5.732,74.497
525.19,171,18.03,3.29,74.984
525.56,176,20.95,1.243,74.01
525.92,171,18.12,1.838,73.523
526.29,169,18.12,3.614,73.523
526.66,170,18.12,2.151,74.497
527.03,167,18.12,2.871,73.523
527.39,165,18.12,3.048,73.523
527.76,162,18.12,2.382,74.984
528.13,164,19.54,3.099,75.471
528.5,167,19.54,5.897,74.01
528.86,170,18.03,1.585,74.497
529.23,170,20.95,2.478,74.497
529.6,166,18.12,4.169,73.523
529.97,168,18.12,2.254,73.523
530.33,165,18.12,1.448,74.01
530.7,162,18.12,2.901,74.497
531.07,164,18.12,1.721,74.01
531.43,162,18.12,2.415,74.497
531.8,162,18.12,3.963,74.01
532.17,160,18.12,5.018,74.497
532.54,158,18.12,4.456,74.984
532.9,158,18.12,0.246,74.984
533.27,155,19.54,4.496,73.523
533.64,156,20.95,2.04,74.01
534.01,152,18.12,3.158,74.01
534.37,155,18.12,2.912,74.01
534.74,152,19.54,2.871,74.497
535.11,152,18.12,1.908,74.984
535.48,149,18.12,3.548,73.523
535.84,150,18.12,3.132,74.01
536.21,154,18.12,3.702,74.984
536.58,152,18.12,1.978,74.984
536.94,151,18.12,3.934,73.036
537.31,148,19.54,1.004,74.01
537.68,0,20.95,3.842,74.01
538.05,140,19.54,0.379,73.036
538.41,142,20.95,1.732,74.01
538.78,142,20.95,1.585,74.01
539.15,144,19.54,1.294,73.523
539.52,144,18.12,5.478,74.01
539.88,151,19.54,1.787,73.523
540.25,151,18.12,2.456,74.497
540.62,152,18.12,4.114,73.523
540.99,150,18.12,0.482,74.497
541.35,151,20.95,5.324,74.01
541.72,154,20.95,3.603,74.984
542.09,160,18.12,2.257,74.01
542.46,162,18.12,5.07,74.01
542.82,163,18.12,1.213,74.01
543.19,160,18.12,4.489,74.01
543.56,163,18.12,1.713,74.984
543.92,160,18.12,2.728,73.523
544.29,159,18.12,1.941,74.984
544.66,156,19.54,2.107,74.497
545.03,153,20.95,2.79,74.01
545.39,154,20.95,2.787,74.497
545.76,152,20.95,3.93,74.497
546.13,152,19.54,0.831,73.523
546.5,150,19.54,3.658,74.01
546.86,152,19.54,3.434,74.984
547.23,155,19.54,1.033,74.01
547.6,152,18.12,0.324,74.497
547.96,154,19.54,4.129,74.984
548.33,153,18.12,2.676,73.523
548.7,154,18.12,1.195,74.497
549.07,150,18.12,3.151,74.01
549.43,150,18.12,4.268,74.984
549.8,150,20.95,1.276,74.497
550.17,147,19.54,4.25,74.984
550.54,146,19.54,2.938,74.497
550.9,151,18.12,5.456,74.497
551.27,152,18.12,2.588,74.01
551.64,152,18.12,0.478,74.01
552.01,150,18.12,3.893,73.523
552.37,149,18.12,2.632,74.984
552.74,148,20.95,1.621,74.984
553.11,148,18.12,2.254,74.01
553.48,148,19.54,2.478,74.01
553.84,147,19.54,3.956,74.01
554.21,144,20.95,0.938,74.497
554.58,143,19.54,5.136,75.471
554.95,146,20.95,1.526,74.984
555.31,145,18.12,1.695,73.523
555.68,146,18.12,4.96,74.497
556.05,153,18.12,3.397,74.01
556.41,152,18.12,2.301,74.984
556.78,151,18.12,2.265,74.497
557.15,154,19.54,4.224,74.01
557.52,160,18.12,2.559,74.01
557.88,157,18.12,2.746,74.497
558.25,156,18.12,3.257,74.984
558.62,156,18.12,5.018,74.497
558.99,154,18.12,4.39,74.497
559.35,157,18.12,2.669,73.523
559.72,157,18.12,3.404,75.471
560.09,159,18.12,1.684,73.523
560.46,160,18.12,3.092,74.497
560.82,162,18.12,1.529,74.01
561.19,0,18.12,2.059,74.497
561.56,164,18.12,2.971,74.497
561.93,166,18.12,4.415,74.497
562.29,163,18.12,-0.158,74.497
562.66,0,18.12,2.996,74.497
563.03,158,20.95,4.346,73.523
563.4,154,19.54,2.956,73.523
563.77,153,20.95,4.967,74.01
564.13,156,20.95,1.592,74.01
564.5,159,18.12,3.162,74.497
564.87,161,18.12,5.048,75.471
565.24,160,18.12,3.162,74.01
565.6,158,18.12,2.728,74.497
565.97,160,18.12,3.199,74.01
566.34,163,18.12,2.07,74.497
566.71,159,18.12,1.018,74.984
567.07,157,18.12,3.246,74.984
567.44,158,19.54,3.342,74.984
567.81,162,20.95,2.831,74.01
568.17,160,20.95,3.61,74.984
568.54,156,19.54,4.849,74.497
568.91,158,19.54,5.154,73.523
569.28,166,19.45,3.688,74.497
569.64,166,20.95,4.077,74.497
570.01,163,18.12,1.46,74.01
570.38,164,18.12,2.438,74.01
570.75,164,18.12,1.86,74.984
571.11,162,18.12,1.618,74.497
571.48,162,18.12,2.11,74.984
571.85,159,18.12,1.268,74.497
572.22,160,19.54,3.562,74.497
572.58,161,19.54,1.04,74.984
572.95,158,18.12,4.441,74.984
573.32,160,18.12,2.335,74.497
573.69,157,18.12,3.489,74.497
574.05,154,20.95,4.353,74.497
574.42,152,20.95,3.915,74.01
574.79,156,19.54,2.121,75.471
575.16,157,18.12,2.61,74.01
575.52,154,18.12,1.945,74.01
575.89,150,18.12,2.518,74.984
576.26,148,19.54,1.761,74.497
576.63,145,20.95,2.0,74.984
576.99,151,20.95,3.287,74.984
577.36,150,19.54,5.162,74.497
577.73,148,19.54,1.375,74.984
578.1,146,18.12,1.302,75.471
578.46,146,19.54,1.007,74.497
578.83,145,19.54,1.893,74.01
579.2,144,19.54,0.382,74.01
579.57,145,18.12,0.257,74.984
579.93,144,18.12,2.706,74.984
580.3,144,19.54,0.776,74.497
580.67,140,18.12,1.746,74.01
581.04,139,19.54,4.566,74.497
581.4,139,20.95,0.408,74.497
581.77,137,20.95,1.963,74.497
582.14,134,20.95,0.761,74.01
582.51,135,20.95,4.419,74.497
582.87,136,20.95,0.401,73.036
583.24,136,19.54,3.081,73.523
583.61,133,19.54,2.746,74.01
583.98,131,20.95,0.544,74.497
584.34,130,20.95,2.592,74.497
584.71,129,19.54,3.562,74.01
585.08,130,19.54,2.092,74.984
585.45,129,19.54,1.588,74.01
585.81,136,19.54,2.643,74.497
586.18,134,19.54,1.151,74.984
586.55,135,18.12,1.647,74.984
586.92,139,20.95,1.559,75.471
587.28,142,18.12,2.945,74.984
587.65,148,18.12,1.875,74.497
588.02,149,18.12,0.46,74.497
588.38,147,18.12,5.301,74.984
588.75,146,19.54,1.353,74.984
589.12,144,19.54,3.357,74.497
589.49,142,19.54,4.651,74.984
589.85,138,19.54,1.522,74.497
590.22,137,20.95,1.232,74.984
590.59,137,20.95,1.662,74.984
590.96,0,20.95,3.375,74.497
591.32,132,19.54,1.746,74.984
591.69,132,20.95,1.518,75.471
592.06,131,20.95,4.537,74.497
592.43,135,20.95,1.588,75.471
592.79,0,19.54,1.919,74.01
593.16,132,18.12,4.684,74.497
593.53,132,19.54,3.548,74.497
593.9,135,19.54,3.779,74.497
594.26,134,18.12,3.904,74.497
594.63,138,19.54,0.949,75.471
595.0,137,18.12,3.379,75.471
595.37,140,19.54,2.743,73.523
595.73,136,19.54,2.276,74.984
596.1,0,19.54,1.658,74.984
596.47,136,19.54,2.857,74.497
596.84,140,19.54,2.044,74.984
597.2,144,18.12,3.511,74.984
597.57,146,18.12,3.272,74.497
597.94,152,18.03,1.974,74.497
598.31,154,20.95,4.702,74.497
598.67,154,18.12,0.993,74.497
599.04,153,18.12,3.162,74.984
599.41,152,19.54,0.493,74.497
599.78,149,18.12,4.007,74.01
600.14,150,19.54,1.963,74.984
600.51,151,19.54,3.603,75.958
600.88,164,19.54,1.456,75.471
601.24,164,18.03,2.228,74.984
601.61,171,20.95,2.279,74.984
601.98,168,18.12,2.669,74.984
602.35,170,18.12,4.562,74.497
602.71,176,18.12,3.294,75.471
603.08,182,18.03,1.695,74.984
603.45,179,20.95,2.647,74.01
603.82,176,18.12,3.923,75.471
604.18,181,18.12,3.717,74.984
604.55,182,19.54,3.511,74.984
604.92,182,18.12,3.89,75.471
605.29,184,18.12,2.11,74.984
605.65,188,18.12,2.577,74.984
606.02,188,18.03,5.522,74.984
606.39,188,20.95,4.268,74.497
606.76,186,18.12,1.423,75.958
607.12,184,18.12,2.507,74.984
607.49,181,18.12,3.368,74.984
607.86,179,18.12,3.478,74.984
608.23,182,18.12,2.706,74.497
608.59,182,18.12,3.485,74.984
608.96,180,18.12,1.129,74.984
609.33,183,18.12,4.324,75.471
609.7,188,18.12,2.368,74.497
610.06,187,18.03,2.658,74.984
610.43,185,20.95,0.18,74.984
610.8,181,18.12,3.996,75.471
611.16,181,18.12,1.746,75.471
611.53,181,18.12,4.86,74.497
611.9,182,18.12,1.835,74.497
612.27,182,18.12,2.805,75.471
612.63,178,18.12,0.945,74.01
613.0,175,18.12,2.471,73.523
613.37,172,18.12,0.335,75.471
613.74,172,18.12,0.533,74.497
614.1,170,20.95,1.647,74.984
614.47,170,20.95,2.103,74.984
614.84,171,19.54,3.25,74.497
615.21,169,19.54,4.158,74.497
615.57,167,18.12,1.504,75.471
615.94,169,18.12,5.908,75.471
616.31,168,19.54,2.996,75.471
616.68,167,19.54,1.835,75.471
617.04,166,19.54,3.066,74.984
617.41,162,18.12,1.607,74.984
617.78,161,18.12,1.691,74.984
618.15,162,19.54,4.805,74.497
618.51,164,19.54,3.478,74.984
618.88,166,18.12,2.868,74.984
619.25,174,18.12,3.18,74.497
619.62,172,18.12,0.051,74.497
619.98,170,18.12,2.471,75.958
620.35,169,18.12,1.632,74.497
620.72,168,18.12,1.338,75.471
621.09,164,18.12,1.75,75.471
621.45,160,19.54,5.062,74.497
621.82,160,20.95,2.408,75.958
622.19,164,18.12,1.798,74.984
622.56,163,18.12,3.449,74.984
622.92,163,18.12,2.743,74.497
623.29,159,18.12,0.831,74.984
623.66,155,18.12,1.746,74.984
624.02,151,20.95,1.261,75.471
624.39,148,20.95,3.82,75.958
624.76,147,20.95,1.478,74.497
625.13,147,19.54,0.54,74.497
625.5,149,19.54,1.198,74.984
625.86,149,18.12,2.824,75.471
626.23,148,18.12,1.812,74.497
626.6,149,18.12,3.169,75.958
626.96,149,18.12,0.25,74.984
627.33,148,18.12,3.831,74.984
627.7,152,19.54,1.728,75.471
628.07,156,18.12,1.662,75.471
628.43,153,18.12,1.632,74.984
628.8,152,18.12,1.599,74.497
629.17,150,18.12,1.603,75.471
629.54,152,18.12,1.073,75.958
629.9,151,18.12,1.93,74.984
630.27,149,18.12,2.029,75.471
630.64,148,19.54,1.412,74.984
631.01,147,18.12,4.048,75.958
631.37,155,19.54,0.559,75.471
631.74,154,18.12,4.574,75.958
632.11,155,18.12,2.824,74.497
632.48,156,18.12,1.948,75.958
632.84,152,18.12,3.706,74.984
633.21,0,18.12,1.993,75.958
633.58,144,19.54,2.154,75.958
633.95,142,20.95,2.75,74.984
634.31,144,20.95,1.305,75.471
634.68,144,19.54,2.831,74.984
635.05,146,18.12,2.647,75.471
635.42,145,19.54,1.823,76.932
635.78,146,19.54,0.915,74.984
636.15,146,19.54,2.688,75.958
636.52,152,18.12,3.904,75.471
636.89,158,18.12,1.603,74.984
637.25,155,18.12,4.283,75.958
637.62,0,18.12,2.654,74.497
637.99,154,18.12,2.592,74.984
638.36,152,18.12,1.897,74.01
638.72,147,19.54,3.004,75.958
639.09,144,20.95,1.805,74.984
639.46,142,20.95,1.978,75.958
639.83,141,20.95,2.904,75.958
640.19,141,20.95,2.463,75.958
640.56,139,19.54,2.173,75.471
640.93,136,19.54,0.816,75.471
641.3,134,20.95,2.445,74.984
641.66,135,20.95,3.371,75.471
642.03,134,20.95,0.467,74.984
642.4,132,20.95,3.121,75.471
642.77,131,20.95,3.662,75.471
643.13,132,20.95,1.007,75.471
643.5,145,19.54,3.0,74.984
643.87,144,18.12,1.386,75.471
644.23,144,18.12,1.886,74.984
644.6,146,18.12,4.419,74.984
644.97,147,18.12,1.971,75.471
645.34,150,18.12,1.577,75.958
645.7,151,18.12,2.077,74.497
646.07,153,18.12,1.577,75.958
646.44,152,18.12,2.188,75.471
646.81,0,18.12,1.529,74.497
647.18,151,18.12,1.504,74.497
647.54,152,19.54,1.357,75.471
647.91,152,19.54,3.522,75.958
648.28,149,19.54,0.581,75.958
648.65,147,18.12,2.79,74.984
649.01,150,20.95,2.103,75.471
649.38,149,19.54,3.515,74.984
649.75,152,18.12,1.647,75.471
650.11,152,19.54,2.283,75.471
650.48,152,18.12,3.438,74.984
650.85,150,18.12,1.871,75.471
651.22,148,18.12,2.673,75.471
651.58,144,20.95,2.882,74.984
651.95,140,20.95,3.368,75.471
652.32,142,20.95,0.625,74.497
652.69,142,20.95,1.29,75.958
653.05,141,18.12,1.511,75.471
653.42,141,18.12,3.401,75.471
653.79,142,18.12,1.169,74.984
654.16,142,18.12,0.129,74.497
654.52,140,19.54,1.794,75.958
654.89,144,19.54,2.096,75.471
655.26,141,20.95,1.993,74.497
655.63,140,18.12,1.298,75.471
655.99,140,19.54,4.893,74.984
656.36,146,19.54,2.037,74.984
656.73,144,18.12,0.805,75.958
657.1,145,18.12,3.886,75.471
657.46,146,18.12,2.915,76.932
657.83,150,18.12,2.662,74.984
658.2,154,19.54,3.746,75.471
658.56,156,18.12,1.312,74.497
658.93,158,18.12,2.952,75.471
659.3,158,18.12,2.761,74.984
659.67,158,18.12,3.022,75.958
660.03,157,18.12,1.989,74.984
660.4,155,18.12,3.29,75.958
660.77,157,18.12,3.331,75.471
661.14,156,18.12,3.221,75.471
661.5,155,18.12,2.283,74.984
661.87,155,18.12,4.199,75.958
662.24,155,20.95,2.04,74.984
662.61,152,19.54,1.467,75.471
662.97,152,18.12,4.199,75.471
663.34,153,19.54,3.312,74.984
663.71,154,18.12,0.912,74.984
664.08,156,18.12,4.621,76.445
664.44,159,18.12,2.827,74.984
664.81,160,18.12,2.327,75.471
665.18,160,18.12,2.581,76.445
665.55,157,18.12,2.158,75.471
665.91,158,18.12,1.812,75.471
666.28,156,18.12,1.441,74.984
666.65,158,18.12,3.82,75.471
667.02,158,19.54,3.596,75.471
667.38,160,18.12,3.162,75.471
667.75,166,18.12,4.482,75.471
668.12,166,18.12,2.835,75.471
668.48,168,18.12,3.232,74.984
668.85,170,18.12,1.54,75.958
669.22,172,18.12,1.673,75.471
669.59,174,18.12,1.754,74.984
669.95,174,18.12,1.901,74.984
670.32,174,18.12,3.188,74.984
670.69,170,18.12,1.379,75.471
671.06,166,18.12,1.879,75.471
671.42,163,19.54,3.397,75.471
671.79,164,20.95,1.625,75.471
672.16,167,19.54,3.419,75.958
672.53,160,18.12,0.18,74.984
672.89,160,18.12,1.768,74.984
673.26,158,20.95,2.438,74.497
673.63,158,20.95,3.493,75.471
674.0,156,20.95,0.684,74.984
674.36,154,18.12,0.835,74.497
674.73,154,20.95,1.978,75.471
675.1,156,20.95,0.449,75.958
675.47,157,18.12,1.779,75.471
675.83,156,18.12,1.165,75.471
676.2,156,18.12,0.765,75.471
676.57,153,19.54,1.857,76.932
676.94,149,19.54,1.052,75.471
677.3,147,20.95,4.515,75.958
677.67,150,20.95,1.357,75.471
678.04,151,18.12,2.07,74.984
678.41,149,18.12,1.522,75.958
678.77,146,18.12,1.853,75.471
679.14,145,19.54,1.312,75.958
679.51,145,20.95,2.636,75.958
679.88,153,20.95,1.162,75.958
680.24,154,20.95,1.64,74.497
680.61,156,18.12,0.827,74.984
680.98,157,19.54,0.864,75.471
681.35,156,19.54,2.607,75.958
681.71,0,19.54,2.276,75.471
682.08,158,19.54,0.562,76.445
682.45,159,19.54,2.544,75.958
682.82,159,18.12,1.107,75.471
683.18,156,18.12,1.177,75.471
683.55,157,19.54,1.607,75.471
683.92,159,18.12,2.081,75.958
684.29,154,18.12,1.739,75.958
684.65,155,18.12,5.548,75.471
685.02,161,20.95,1.739,75.471
685.39,162,18.12,3.489,75.471
685.76,162,18.12,1.989,76.932
686.12,168,18.12,4.195,75.471
686.49,170,18.12,4.188,75.958
686.86,170,18.12,3.577,74.497
687.23,170,18.12,2.114,75.471
687.59,166,18.12,2.246,74.984
687.96,164,19.54,1.243,76.445
688.33,167,19.71,3.621,75.471
688.7,166,22.36,5.544,75.958
689.06,166,18.21,1.257,75.958
689.43,163,22.36,2.658,76.445
689.8,162,18.12,1.338,75.471
690.17,164,19.54,4.257,75.471
690.53,166,19.54,2.037,75.471
690.9,164,18.12,3.974,75.471
691.27,168,18.12,3.14,75.471
691.64,162,18.12,1.467,75.958
692.0,160,18.12,1.677,76.445
692.37,159,19.54,1.206,75.958
692.74,0,19.54,2.445,76.445
693.11,157,19.54,4.235,75.958
693.47,160,18.12,3.375,75.471
693.84,166,18.12,3.092,75.471
694.21,168,18.12,2.643,74.497
694.58,168,18.12,2.592,75.471
694.94,0,18.12,3.456,75.958
695.31,163,18.12,1.474,75.471
695.68,158,18.12,0.662,75.958
696.04,158,20.95,1.21,75.958
696.41,158,19.54,0.265,75.471
696.78,156,18.12,0.559,75.471
697.15,157,18.12,1.592,74.984
697.51,159,20.95,2.309,75.471
697.88,158,18.12,0.882,76.445
698.25,158,18.12,1.029,75.958
698.62,156,18.12,0.305,76.445
698.98,152,18.12,1.0,75.958
699.35,149,19.54,1.908,75.471
699.72,148,20.95,1.044,75.958
700.09,146,19.54,1.912,75.958
700.45,143,20.95,1.026,76.445
700.82,143,20.95,0.967,75.958
701.19,144,20.95,0.61,75.958
701.56,143,19.54,1.522,75.471
701.92,0,18.12,3.868,75.471
702.29,146,19.54,2.154,76.445
702.66,146,18.12,2.371,75.958
703.03,146,18.12,3.316,75.958
703.39,146,19.54,1.379,74.984
703.76,145,18.12,2.074,75.958
704.13,145,18.12,1.228,75.471
704.5,142,18.12,2.824,75.958
704.86,146,19.54,2.941,76.445
705.23,0,18.03,0.496,76.932
705.6,149,20.86,1.522,76.445
705.97,148,20.95,3.062,76.445
706.34,146,18.12,3.518,76.445
706.7,146,18.12,2.588,76.932
707.07,146,18.12,1.746,76.445
707.44,145,18.12,3.625,74.984
707.81,144,18.12,0.537,75.471
708.18,147,18.12,4.581,75.958
708.54,0,18.03,1.552,75.471
708.91,149,20.95,2.456,75.471
709.28,0,18.12,1.978,76.445
709.65,143,18.12,1.842,75.471
710.02,149,19.54,2.805,75.958
710.39,0,19.54,1.474,75.958
710.75,150,18.12,3.059,75.958
711.12,151,18.12,0.64,75.958
711.49,150,18.12,2.842,76.445
711.86,0,18.12,1.82,77.419
712.23,147,18.12,3.125,75.958
712.59,152,19.54,2.643,76.445
712.96,148,19.54,2.86,75.471
713.33,146,18.12,1.062,76.445
713.7,156,19.54,4.316,75.471
714.07,158,18.03,2.978,75.471
714.43,157,20.86,1.165,75.958
714.8,155,20.95,3.294,77.419
715.17,152,18.12,3.974,75.958
715.54,150,18.12,4.015,75.958
715.91,150,19.54,5.099,75.471
716.27,158,19.54,3.188,76.445
716.64,160,18.12,0.897,75.958
717.01,156,18.12,4.11,75.471
717.38,152,18.12,4.824,76.445
717.74,154,18.12,4.423,75.958
718.11,154,19.54,0.886,76.445
718.48,152,18.12,2.956,76.445
718.85,147,18.12,2.658,75.471
719.22,148,18.12,2.037,76.932
719.58,148,19.54,3.445,75.471
719.95,154,18.12,2.904,76.445
720.32,158,18.12,3.32,75.958
720.69,157,18.12,4.412,76.932
721.06,157,18.12,4.099,75.958
721.42,160,18.12,4.901,74.984
721.79,163,18.12,2.463,76.445
722.16,161,18.12,0.794,75.958
722.53,160,18.12,4.636,76.445
722.9,158,18.12,2.581,75.471
723.26,158,18.12,3.386,77.419
723.63,156,18.12,2.294,76.445
724.0,156,18.12,3.824,76.445
724.37,153,18.12,1.026,76.445
724.74,150,18.12,2.71,76.932
725.1,151,20.95,1.787,75.958
725.47,148,18.12,1.573,75.958
725.84,145,18.12,1.54,76.445
726.21,143,19.54,3.5,75.958
726.57,144,20.95,0.54,76.445
726.94,143,18.12,1.401,75.958
727.31,142,18.12,0.765,75.958
727.68,139,18.12,1.695,76.932
728.05,141,18.12,3.033,74.984
728.42,140,18.12,1.302,75.471
728.78,137,18.12,4.761,76.932
729.15,140,19.54,3.162,76.445
729.52,144,19.54,2.463,76.445
729.89,145,18.12,3.382,76.445
730.26,142,18.12,2.434,77.419
730.62,143,18.12,2.294,76.445
730.99,0,18.12,1.386,76.445
731.36,144,18.12,1.379,76.445
731.73,142,18.12,1.522,75.958
732.1,141,18.12,4.132,76.932
732.46,142,18.12,1.448,75.958
732.83,141,18.12,3.393,76.932
733.2,143,18.12,3.191,76.445
733.57,142,18.12,3.107,75.958
733.94,0,18.12,1.331,76.445
734.3,136,18.12,4.051,75.958
734.67,137,20.95,2.353,76.445
735.04,138,19.54,0.787,75.958
735.41,138,18.12,4.176,75.958
735.78,140,18.12,2.507,76.445
736.14,142,18.12,2.801,75.958
736.51,141,18.12,3.974,76.445
736.88,138,18.12,2.221,76.932
737.25,139,18.12,2.904,76.932
737.61,139,19.54,3.037,75.958
737.98,0,19.54,4.511,76.445
738.35,148,19.54,2.625,76.445
738.72,154,18.03,1.235,76.445
739.09,158,20.95,2.195,75.958
739.45,153,18.12,3.088,76.445
739.82,149,18.12,4.404,76.932
740.19,149,20.95,1.871,75.958
740.56,149,18.12,2.206,76.445
740.93,148,18.12,1.728,76.932
741.29,147,18.12,4.268,76.445
741.66,147,18.12,2.14,77.906
742.03,148,18.12,0.305,76.932
742.4,150,18.12,2.482,76.932
742.76,157,18.12,0.54,76.445
743.13,0,18.12,2.599,76.932
743.5,156,18.12,0.276,75.958
743.87,154,18.12,1.537,75.471
744.24,154,18.12,1.415,76.445
744.6,152,19.54,1.886,77.419
744.97,152,20.95,0.926,76.445
745.34,149,20.95,2.735,76.445
745.71,149,19.54,0.335,76.445
746.07,148,19.54,-0.029,76.445
746.44,148,18.12,1.346,75.958
746.81,0,19.54,1.919,76.445
747.18,146,19.54,2.493,75.958
747.54,145,19.54,2.015,76.445
747.91,143,18.12,1.787,76.445
748.28,143,18.12,1.393,76.932
748.65,144,19.54,1.107,76.445
749.01,145,19.54,2.147,76.445
749.38,149,18.12,1.456,76.932
749.75,152,18.12,2.228,76.445
750.12,149,18.12,2.93,76.445
750.48,0,18.12,2.963,76.932
750.85,143,18.12,1.335,76.932
751.22,142,20.95,0.923,76.445
751.58,143,20.95,2.077,76.932
751.95,148,20.95,3.096,76.445
752.32,149,18.12,0.699,76.932
752.69,150,18.12,0.415,76.445
753.05,147,18.12,0.309,76.932
753.42,146,18.12,3.603,76.932
753.79,148,19.54,1.728,75.958
754.16,148,18.12,3.544,76.445
754.52,149,19.54,1.677,76.445
754.89,147,18.12,0.938,76.445
755.26,144,18.12,1.228,76.445
755.62,143,18.12,1.827,76.932
755.99,142,19.54,3.761,76.445
756.36,144,18.12,0.654,76.932
756.73,140,18.12,2.879,76.932
757.09,138,19.54,2.515,75.958
757.46,136,20.95,1.596,76.932
757.83,138,20.95,3.36,76.445
758.2,136,19.54,2.081,76.445
758.56,136,19.54,2.239,76.932
758.93,138,18.12,1.566,76.932
759.3,140,19.54,3.415,75.958
759.67,142,18.12,3.585,75.471
760.03,146,18.12,2.529,77.906
760.4,144,18.12,4.195,76.445
760.77,143,18.12,2.489,76.932
761.14,146,19.54,0.452,77.419
761.5,144,18.12,1.507,76.445
761.87,144,19.54,0.533,76.445
762.24,142,20.95,4.14,75.958
762.6,142,20.95,2.165,75.958
762.97,141,19.54,4.015,76.932
763.34,144,18.12,1.184,75.958
763.71,144,19.54,1.342,77.419
764.08,0,18.12,3.43,76.932
764.44,144,18.12,1.184,76.445
764.81,142,18.12,3.765,77.419
765.18,145,19.54,3.14,77.419
765.54,149,19.54,2.812,76.445
765.91,148,18.12,1.798,76.932
766.28,148,18.12,3.29,76.932
766.65,148,18.12,2.904,76.932
767.01,150,18.12,1.048,76.932
767.38,148,18.12,1.713,76.445
767.75,146,18.12,1.776,76.932
768.12,147,19.54,4.739,76.932
768.48,149,19.54,1.761,77.906
768.85,149,18.12,2.603,76.932
769.22,0,18.12,2.835,76.932
769.59,146,18.12,0.794,75.958
769.95,148,18.12,2.971,76.932
770.32,152,19.54,1.632,75.958
770.69,155,18.12,2.824,77.419
771.06,153,18.12,4.004,77.419
771.42,156,18.12,3.805,74.984
771.79,155,18.12,2.816,75.958
772.16,154,18.12,1.059,76.932
772.52,154,18.12,3.151,76.932
772.89,156,18.12,1.812,76.932
773.26,157,18.12,3.599,75.471
773.63,160,18.12,3.062,76.932
773.99,162,18.03,1.871,76.932
774.36,161,20.95,1.357,77.419
774.73,159,18.12,3.015,76.932
775.1,157,18.12,2.074,77.419
775.46,160,18.12,3.217,75.958
775.83,158,19.54,1.191,77.906
776.2,158,18.12,4.294,75.958
776.57,160,18.12,3.669,76.932
776.93,156,18.12,4.36,76.445
777.3,157,18.12,3.195,76.932
777.67,160,18.03,1.026,77.419
778.04,0,20.95,3.555,76.445
778.4,161,18.12,4.621,76.932
778.77,162,18.12,-0.07,77.906
779.14,162,18.12,4.75,76.445
779.5,163,18.12,3.669,77.419
779.87,169,18.03,2.938,76.932
780.24,166,20.95,1.382,76.445
780.61,164,18.12,1.879,76.932
780.97,158,18.12,1.934,75.958
781.34,158,18.12,3.415,76.445
781.71,161,19.54,2.096,77.419
782.08,162,18.12,3.809,76.445
782.44,165,18.12,3.298,76.932
782.81,173,18.03,2.074,76.445
783.18,0,20.86,0.107,77.419
783.55,167,20.95,2.456,77.419
783.91,164,18.12,4.246,76.932
784.28,166,18.12,1.511,76.445
784.65,168,18.12,0.695,76.932
785.02,169,18.12,2.967,77.419
785.38,167,18.12,3.647,76.445
785.75,163,18.12,1.18,77.419
786.12,160,18.12,2.044,76.932
786.49,156,19.54,0.5,76.932
786.85,149,19.54,0.0,77.419
787.22,0,20.95,-0.026,76.932
787.59,141,20.95,0.309,76.445
787.96,137,20.95,0.059,76.932
788.32,133,20.95,0.029,76.932
788.69,129,20.95,-0.125,76.932
789.06,126,20.95,0.239,75.958
789.42,123,20.95,0.971,76.445
789.79,120,20.95,0.607,77.419
790.16,117,20.95,-0.055,76.932
790.53,0,20.95,0.103,77.419
790.89,111,20.95,0.445,76.445
791.26,108,20.95,0.474,77.419
791.63,105,20.95,0.195,76.932
792.0,104,20.95,-0.015,77.419
792.36,102,20.95,-0.107,76.445
792.73,101,20.95,-0.04,76.932
793.1,99,20.95,0.143,76.932
793.47,96,20.95,0.261,76.932
793.83,0,21.04,0.254,76.445
794.2,92,19.54,0.0,77.419
794.57,90,20.95,0.452,76.445
794.94,88,20.95,0.426,76.932
795.3,87,20.95,0.415,77.419
795.67,84,20.95,0.004,76.445
796.04,82,20.95,-0.062,76.932
796.41,82,20.95,0.055,77.906
796.77,0,20.95,0.265,76.932
797.14,78,20.95,0.062,76.932
797.51,76,20.95,0.415,76.932
797.88,76,20.95,0.272,76.445
798.24,75,21.04,0.312,77.419
798.61,74,18.12,0.276,78.88
798.98,72,20.95,0.29,76.932
799.35,70,20.95,0.121,75.958
799.71,69,20.95,0.033,76.932
800.08,68,20.95,0.235,76.932
800.45,66,20.95,0.21,77.419
800.81,65,20.95,0.121,76.445
801.18,64,20.95,0.482,77.906
801.55,63,20.95,0.118,77.419
801.92,62,20.95,0.232,76.932
802.28,61,20.95,0.088,75.471
802.65,61,20.95,0.107,77.419
803.02,60,20.95,0.316,77.906
803.39,59,20.95,0.246,77.419
803.75,59,20.95,0.621,77.419
804.12,59,20.95,0.423,76.445
804.49,58,20.95,0.287,77.906
804.86,57,20.95,0.18,76.932
805.22,56,20.95,0.449,76.445
805.59,56,20.95,0.342,76.445
805.96,55,20.95,0.419,77.419
806.33,54,20.95,0.717,78.393
806.69,54,20.95,0.246,77.906
807.06,53,20.95,0.206,76.932
807.43,53,20.95,0.158,76.932
807.79,52,20.95,0.551,76.445
808.16,52,20.95,0.265,76.445
808.53,51,20.95,0.158,76.932
808.9,51,20.95,0.401,77.906
809.26,52,20.95,0.327,76.932
809.63,52,20.95,0.279,77.419
810.0,51,20.95,0.158,77.906
810.37,50,20.95,0.129,77.906
810.73,50,20.95,0.162,76.445
811.1,50,20.95,0.051,77.419
811.47,50,20.95,0.265,76.932
811.84,50,20.95,0.235,77.906
812.2,50,20.95,0.272,77.419
812.57,50,20.95,0.173,77.419
812.94,50,20.95,0.015,75.958
813.3,49,20.95,0.022,77.419
813.67,48,20.95,-0.018,76.445
814.04,48,20.95,0.037,77.419
814.41,47,20.95,0.301,77.419
814.77,47,20.95,0.029,77.419
815.14,48,20.95,0.059,77.906
815.51,48,20.95,0.265,77.419
815.88,47,20.95,0.272,76.932
816.24,46,20.95,0.154,76.445
816.61,46,20.95,0.059,76.932
816.98,46,20.95,0.0,76.932
817.35,46,20.95,0.04,77.419
817.71,45,20.95,-0.037,76.932
