0.07,26,21.11,0.011
0.4,26,21.11,0.026
0.56,26,21.11,0.022
0.73,27,21.11,0.026
0.89,26,21.11,0.022
1.06,24,21.11,0.026
1.22,26,21.11,0.026
1.39,26,21.11,0.026
1.55,27,21.11,0.015
1.72,26,21.11,0.015
1.88,26,21.11,0.022
2.05,26,21.11,0.029
2.21,26,21.11,0.022
2.38,27,21.11,0.022
2.54,26,21.11,0.026
2.71,26,21.11,0.022
2.87,27,21.11,0.029
3.04,26,21.11,0.018
3.21,27,21.11,0.011
3.37,26,21.2,0.022
3.54,26,21.11,0.022
3.7,27,21.11,0.022
3.87,26,21.2,0.018
4.03,26,21.11,0.015
4.2,26,21.11,0.022
4.36,26,21.02,0.018
4.53,27,21.11,0.015
4.69,26,21.02,0.026
4.86,26,21.11,0.026
5.02,27,21.11,0.015
5.19,26,21.11,0.011
5.35,26,21.11,-0.0
5.52,26,21.11,0.011
5.68,26,21.11,0.007
5.85,27,21.11,0.004
6.01,26,21.11,0.004
6.18,26,21.11,0.007
6.34,27,21.11,0.007
6.51,26,21.11,0.007
6.67,27,21.2,0.011
6.84,26,21.11,0.088
7.01,27,21.11,0.176
7.17,28,21.11,0.18
7.34,28,21.2,0.136
7.5,30,21.11,0.125
7.67,30,21.02,0.213
7.83,30,21.02,0.184
8.0,31,20.94,0.092
8.16,31,20.85,0.055
8.33,31,20.76,0.353
8.49,31,20.68,0.217
8.66,32,20.68,0.415
8.82,33,20.59,0.221
8.99,34,20.68,0.235
9.15,34,20.76,0.257
9.32,36,20.68,0.125
9.48,35,20.59,0.099
9.65,36,20.68,0.136
9.81,36,20.59,0.434
9.98,38,20.59,0.335
10.14,39,20.5,0.364
10.31,40,20.5,0.54
10.47,41,20.59,0.246
10.64,42,20.5,0.213
10.81,42,20.5,0.279
10.97,43,20.5,0.184
11.14,44,20.42,0.338
11.3,45,20.33,0.154
11.47,45,20.33,0.143
11.63,46,20.33,0.221
11.8,46,20.24,0.272
12.13,47,20.42,0.335
12.29,38,19.64,0.301
12.46,42,20.42,0.342
12.62,39,20.42,0.221
12.79,44,20.42,0.21
12.95,45,19.29,0.382
13.12,50,20.42,0.301
13.28,51,20.42,0.162
13.45,52,20.5,0.228
13.61,52,20.42,0.29
13.78,54,20.42,0.364
13.94,54,20.42,0.496
14.11,55,20.42,0.43
14.28,56,20.42,0.434
14.44,57,20.42,0.507
14.61,59,20.42,0.368
14.77,60,20.33,0.294
14.94,60,20.33,0.312
15.1,62,20.33,0.29
15.27,63,20.33,0.61
15.43,65,20.16,0.298
15.6,66,20.24,0.287
15.76,66,20.16,0.294
15.93,65,20.16,0.298
16.09,66,20.07,0.463
16.26,66,20.07,0.537
16.42,67,20.07,0.232
16.59,68,20.07,0.154
16.75,67,20.16,0.507
16.92,68,20.24,0.412
17.08,69,20.33,0.184
17.25,69,20.24,0.232
17.41,69,20.33,0.254
17.58,70,20.33,0.143
17.74,70,20.24,0.61
17.91,72,20.24,0.316
18.07,72,20.24,0.364
18.41,74,20.16,0.419
18.57,75,20.16,0.456
18.74,76,20.16,0.43
18.9,76,20.07,0.327
19.07,79,20.07,0.213
19.23,80,20.16,0.607
19.4,82,20.07,0.625
19.56,84,20.07,0.239
19.73,84,20.07,0.408
19.89,84,19.9,0.452
20.06,84,19.81,0.614
20.22,84,19.73,0.316
20.39,85,19.64,0.294
20.55,86,19.64,0.312
20.72,87,19.64,0.265
20.88,87,19.73,0.504
21.05,88,19.81,0.206
21.21,89,19.9,0.603
21.38,91,19.81,0.316
21.54,90,19.81,0.173
21.71,90,19.81,0.393
21.87,91,19.73,0.338
22.04,91,19.73,0.419
22.21,92,19.73,0.401
22.37,91,19.73,0.434
22.54,92,19.73,0.327
22.7,94,19.9,0.566
22.87,95,19.9,0.511
23.03,97,19.99,0.449
23.2,97,20.07,0.658
23.36,98,19.99,0.327
23.69,98,19.9,0.327
23.86,98,19.9,0.761
24.02,98,19.81,0.21
24.19,98,19.73,0.614
24.35,100,19.64,0.349
24.52,100,19.64,0.441
24.68,102,19.73,0.566
24.85,102,19.73,0.21
25.01,102,19.81,0.176
25.18,101,19.81,0.151
25.34,100,19.81,0.129
25.51,101,19.73,0.353
25.67,100,19.73,0.426
25.84,100,19.73,0.088
26.01,101,19.81,0.118
26.17,100,19.99,0.423
26.34,100,19.99,0.305
26.5,100,20.07,0.191
26.67,98,20.07,0.103
26.83,98,20.07,0.199
27.0,97,20.07,0.147
27.33,102,20.16,0.412
27.49,101,20.24,0.268
27.82,101,20.24,0.265
27.99,101,20.24,0.129
28.15,101,20.24,0.055
28.32,100,20.16,0.169
28.48,100,20.07,0.493
28.65,102,19.99,0.228
28.81,102,20.07,0.14
28.98,101,20.07,0.125
29.14,100,20.07,0.158
29.31,100,20.07,0.401
29.47,101,20.16,0.272
29.64,100,20.16,0.154
29.81,101,20.16,0.357
29.97,100,20.16,0.32
30.14,100,20.24,0.25
30.3,101,20.16,0.441
30.47,100,20.24,0.529
30.63,101,20.07,0.562
30.8,101,20.07,0.346
30.96,101,19.99,0.438
31.13,102,20.07,0.143
31.29,101,20.07,0.195
31.62,100,19.99,0.434
31.79,100,19.99,0.54
31.95,101,19.99,0.445
32.12,102,20.07,0.592
32.28,103,20.16,0.412
32.45,102,20.16,0.324
32.61,104,20.16,0.614
32.78,105,20.16,0.224
32.94,106,20.16,0.279
33.11,107,20.07,0.232
33.28,108,19.9,0.279
33.44,106,19.99,0.43
33.61,107,19.9,0.228
33.77,107,19.73,0.184
33.94,106,19.81,0.474
34.1,106,19.73,0.254
34.27,105,19.73,0.217
34.43,104,19.81,0.54
34.6,106,19.9,0.452
34.76,106,19.9,0.301
34.93,106,19.99,0.195
35.09,105,20.07,0.125
35.26,104,20.16,0.243
35.42,104,20.16,0.312
35.59,104,20.16,0.29
35.75,104,20.16,0.14
35.92,104,20.16,0.235
36.09,105,20.07,0.173
36.25,104,20.07,0.452
36.42,105,20.07,0.526
36.58,104,20.16,0.724
36.75,106,20.16,0.526
36.91,107,20.07,0.21
37.08,106,20.07,0.452
37.24,107,20.07,0.239
37.41,106,19.99,0.32
37.57,106,19.99,0.39
37.74,107,19.99,0.518
37.9,108,19.81,0.327
38.07,107,19.81,0.265
38.23,106,19.9,0.449
38.4,106,19.9,0.474
38.57,107,19.9,0.301
38.73,107,19.99,0.165
38.9,107,19.99,0.316
39.06,107,19.9,0.276
39.23,106,19.99,0.368
39.39,106,19.99,0.294
39.56,105,19.81,0.118
39.72,104,19.81,0.265
39.89,104,19.81,0.25
40.05,104,19.81,0.195
40.22,104,19.9,0.36
40.38,105,19.9,0.375
40.55,104,20.07,0.412
40.71,105,20.16,0.426
40.88,106,20.16,0.254
41.05,106,20.07,0.121
41.21,107,20.16,0.441
41.54,109,20.16,0.43
41.71,109,20.07,0.169
42.04,109,19.9,0.173
42.21,110,19.9,0.353
42.37,110,19.81,0.581
42.54,111,19.9,0.206
42.71,111,19.9,0.316
42.87,111,19.9,0.147
43.04,110,19.99,0.29
43.2,110,19.99,0.312
43.37,110,19.9,0.279
43.54,109,19.73,0.283
43.7,108,19.73,0.548
43.87,108,19.73,0.404
44.2,112,19.9,0.298
44.36,112,19.99,0.327
44.53,112,20.07,0.515
44.69,111,20.07,0.136
44.86,112,20.07,0.195
45.02,112,19.99,0.243
45.19,112,19.9,0.382
45.35,113,19.81,0.088
45.52,113,19.81,0.132
45.68,111,19.9,0.673
46.01,112,19.81,0.206
46.18,112,19.9,0.114
46.51,114,19.9,0.585
46.67,115,19.9,0.294
46.84,115,19.9,0.191
47.01,115,19.9,0.783
47.34,116,19.81,0.129
47.5,117,19.73,0.452
47.67,119,19.55,0.338
48.0,122,19.64,0.452
48.16,123,19.73,0.261
48.33,123,19.55,0.574
48.49,126,19.64,0.21
48.66,124,19.64,0.327
48.82,125,19.55,0.493
48.99,126,19.38,0.162
49.15,126,19.29,0.059
49.32,125,19.21,0.276
49.48,124,19.21,0.496
49.65,124,19.29,0.787
49.81,126,19.38,0.25
49.98,126,19.47,0.452
50.14,126,19.55,0.32
50.31,126,19.64,0.228
50.47,124,19.64,0.426
50.81,124,19.64,0.298
50.97,127,19.64,0.173
51.14,128,19.73,0.32
51.3,127,19.81,0.188
51.47,127,19.99,0.68
51.63,126,19.99,0.29
51.8,126,19.9,0.118
51.96,127,19.81,0.213
52.13,127,19.73,0.471
52.29,127,19.73,0.195
52.62,130,19.73,0.504
52.79,131,19.81,0.272
52.95,130,19.81,0.434
53.12,132,19.81,0.408
53.28,134,19.73,0.18
53.45,132,19.73,0.213
53.61,132,19.64,0.353
53.78,133,19.55,0.29
53.94,132,19.47,0.364
54.11,132,19.47,0.232
54.28,131,19.55,0.261
54.44,130,19.55,0.062
54.61,130,19.47,0.21
54.77,129,19.64,0.298
55.1,128,19.73,0.39
55.27,127,19.9,0.5
55.43,129,19.9,0.114
55.6,128,19.99,0.14
55.76,128,19.99,0.243
55.93,127,20.07,0.074
56.09,126,20.07,0.239
56.26,128,19.9,0.368
56.42,128,19.9,0.188
56.59,128,19.9,0.426
56.75,131,19.9,0.239
57.08,134,19.99,0.629
57.25,134,19.81,0.515
57.41,138,19.81,0.415
57.74,138,19.73,0.515
57.91,138,19.73,0.463
58.08,140,19.55,0.301
58.24,139,19.47,0.092
58.41,138,19.38,0.151
58.57,137,19.38,0.246
58.74,136,19.29,0.125
58.9,135,19.38,0.471
59.07,136,19.29,0.132
59.23,136,19.38,0.268
59.4,136,19.38,0.632
59.56,138,19.64,0.342
59.73,138,19.81,0.246
60.06,137,19.9,0.349
60.22,138,19.81,0.298
60.39,137,19.81,0.151
60.55,136,19.73,0.121
60.72,136,19.73,0.364
60.88,135,19.64,0.147
61.05,134,19.55,0.195
61.21,134,19.47,0.518
61.38,134,19.64,0.68
61.54,134,19.73,0.401
61.71,134,19.81,0.371
61.88,136,19.9,0.276
62.04,135,19.99,0.504
62.21,137,19.99,0.54
62.37,137,19.81,0.331
62.54,139,19.81,0.618
62.7,140,19.64,0.173
62.87,139,19.55,0.57
63.03,140,19.47,0.397
63.2,140,19.47,0.151
63.36,141,19.47,0.342
63.53,140,19.29,0.827
63.69,141,19.29,0.298
63.86,142,19.38,0.621
64.02,146,19.38,0.838
64.19,147,19.38,0.202
64.35,147,19.47,0.522
64.52,147,19.55,0.272
64.68,147,19.47,0.522
64.85,148,19.38,0.279
65.01,148,19.29,0.688
65.18,150,19.12,0.382
65.34,150,19.21,0.371
65.51,150,19.12,0.592
65.68,152,19.12,0.14
66.01,150,19.03,0.471
66.17,149,19.03,0.566
66.34,152,19.12,0.526
66.5,151,19.21,0.257
66.67,152,19.29,0.246
66.83,152,19.47,0.562
67.0,152,19.55,0.324
67.16,154,19.38,0.371
67.33,153,19.38,0.728
67.49,154,19.38,0.309
67.66,153,19.38,0.118
67.82,152,19.38,0.202
67.99,151,19.21,0.301
68.15,151,19.29,0.654
68.32,151,19.29,0.404
68.48,154,19.38,0.195
68.65,152,19.47,0.423
68.81,152,19.55,0.496
68.98,153,19.64,0.371
69.14,153,19.64,0.283
69.31,153,19.55,0.732
69.48,153,19.55,0.316
69.64,153,19.55,0.268
69.81,154,19.47,0.147
69.97,154,19.38,0.555
70.14,154,19.55,0.371
70.3,154,19.47,0.213
70.47,152,19.47,0.335
70.63,152,19.55,0.357
70.8,152,19.47,0.221
70.96,150,19.47,0.265
71.13,150,19.38,0.438
71.29,148,19.47,0.305
71.46,148,19.47,0.287
71.62,149,19.38,0.114
71.79,148,19.47,0.195
71.95,148,19.47,0.199
72.12,144,19.55,0.18
72.28,145,19.55,0.301
72.45,139,19.55,0.5
72.61,143,19.55,0.423
72.78,140,19.55,0.151
72.94,146,19.47,0.353
73.11,146,19.55,0.276
73.28,145,19.55,0.504
73.44,144,19.55,0.64
73.61,145,19.64,0.618
73.77,146,19.73,0.246
73.94,146,19.73,0.621
74.1,146,19.9,0.301
74.27,144,19.81,0.596
74.43,148,19.81,0.496
74.6,146,19.73,0.283
74.76,146,19.55,0.64
75.09,148,19.55,0.658
75.26,149,19.47,0.371
75.42,150,19.47,0.419
75.59,150,19.47,0.456
75.75,151,19.55,0.684
76.08,153,19.29,0.493
76.25,153,19.29,0.305
76.41,154,19.29,0.474
76.58,155,19.21,0.324
76.74,157,19.21,0.415
76.91,158,19.12,0.507
77.07,157,19.12,0.588
77.24,158,19.03,0.342
77.4,160,18.95,0.93
77.57,168,18.95,0.276
77.9,167,19.03,0.551
78.07,165,19.03,0.265
78.23,164,19.03,0.864
78.4,166,18.86,0.629
78.56,167,18.6,0.279
78.73,168,18.77,0.658
78.89,168,18.86,0.349
79.06,167,19.03,0.386
79.22,166,19.03,0.379
79.39,166,19.03,0.581
79.55,170,19.12,0.294
79.72,168,19.03,0.188
79.88,169,19.12,0.107
80.05,167,19.21,0.404
80.21,166,19.21,0.335
80.38,166,19.21,0.835
80.54,167,19.21,0.761
80.71,172,19.38,0.375
80.87,172,19.47,0.375
81.04,171,19.55,0.379
81.21,170,19.64,0.349
81.37,168,19.47,0.713
81.54,168,19.29,0.629
81.7,168,19.21,0.368
81.87,173,19.03,0.232
82.03,172,19.12,0.206
82.2,170,19.29,0.357
82.36,170,19.38,0.375
82.53,170,19.38,0.636
82.69,174,19.29,0.592
82.86,172,19.21,0.463
83.02,173,19.21,0.452
83.19,173,19.29,0.261
83.35,172,19.29,0.371
83.68,172,19.12,0.445
83.85,172,19.12,0.518
84.01,172,19.12,0.438
84.18,171,19.29,0.555
84.34,171,19.47,0.21
84.51,171,19.47,0.46
84.68,170,19.47,0.629
85.01,167,19.55,0.287
85.17,166,19.55,0.5
85.34,166,19.47,0.114
85.5,164,19.64,0.184
85.67,163,19.64,0.294
85.83,161,19.73,0.169
86.0,160,19.73,0.158
86.16,159,19.81,-0.011
86.33,158,19.9,0.529
86.49,157,19.9,0.154
86.66,157,19.99,0.349
86.82,157,20.16,0.21
86.99,156,20.16,0.588
87.15,156,20.16,0.379
87.32,154,20.16,0.364
87.48,154,19.99,0.147
87.65,158,19.9,0.379
87.82,157,19.9,0.577
87.98,158,19.9,0.335
88.15,160,19.81,0.294
88.31,159,19.73,0.669
88.48,164,19.38,0.695
88.64,170,19.29,0.669
88.81,170,19.29,0.607
88.97,172,19.29,0.397
89.14,172,19.29,0.316
89.3,170,19.21,0.585
89.47,169,19.03,0.599
89.63,171,18.77,0.324
89.8,171,18.69,0.342
89.96,171,18.6,0.467
90.13,172,18.69,0.941
90.46,180,18.95,0.662
90.62,183,18.95,0.423
90.79,182,19.03,0.206
90.95,181,18.86,0.665
91.12,181,18.69,0.32
91.28,179,18.51,0.496
91.45,178,18.43,0.276
91.78,178,18.6,0.379
91.95,180,18.77,0.357
92.11,180,18.95,0.449
92.28,180,18.95,0.879
92.44,181,19.03,0.294
92.61,180,19.03,0.335
92.77,180,19.03,0.695
92.94,180,19.03,0.272
93.1,180,18.95,0.294
93.27,180,18.86,0.46
93.43,178,18.86,0.301
93.6,176,18.95,0.342
93.76,178,19.03,0.353
93.93,177,19.03,0.467
94.09,176,19.21,0.434
94.26,176,19.38,0.401
94.42,178,19.47,0.588
94.59,176,19.55,0.412
94.76,175,19.55,0.504
94.92,176,19.55,0.283
95.09,174,19.55,0.312
95.42,173,19.29,0.526
95.58,175,19.38,0.504
95.75,177,19.29,0.346
95.91,175,19.38,0.452
96.08,175,19.38,0.401
96.24,176,19.38,0.607
96.41,176,19.47,0.68
96.57,180,19.38,0.618
96.74,181,19.47,0.298
96.9,180,19.55,0.287
97.07,180,19.38,0.29
97.23,178,19.21,0.518
97.4,179,19.03,0.676
97.56,182,18.86,0.441
97.73,181,18.77,0.61
97.89,182,18.77,0.173
98.06,182,18.86,0.515
98.23,180,18.77,0.301
98.39,180,18.69,0.397
98.56,179,18.69,0.562
98.72,182,18.69,0.529
98.89,184,18.77,0.467
99.05,184,19.03,0.537
99.38,182,19.12,0.254
99.55,181,18.95,0.592
99.71,182,18.86,0.412
99.88,180,18.77,0.287
100.04,180,18.69,0.522
100.21,180,18.77,0.478
100.37,178,18.95,0.423
100.54,180,19.03,0.397
100.7,179,19.21,0.191
100.87,178,19.29,0.629
101.2,178,19.38,0.342
101.36,176,19.29,0.272
101.53,176,19.29,0.526
101.7,176,19.38,0.482
101.86,177,19.29,0.636
102.03,177,19.29,0.393
102.19,180,19.21,0.401
102.36,179,19.12,0.173
102.52,178,19.21,0.596
102.69,181,19.29,0.669
102.85,185,19.38,0.592
103.02,187,19.38,0.544
103.18,190,19.29,0.415
103.35,190,19.29,0.482
103.51,191,19.21,0.54
103.68,191,19.12,0.324
103.84,188,19.03,0.423
104.01,187,18.86,0.496
104.17,187,18.77,0.452
104.34,186,18.69,0.614
104.5,185,18.69,0.46
104.67,187,18.86,0.438
104.84,186,18.95,0.268
105.0,188,19.03,0.371
105.33,187,19.21,0.544
105.5,187,19.29,0.75
105.66,186,19.21,0.173
105.83,184,19.21,0.632
105.99,184,19.03,0.493
106.16,182,18.95,0.629
106.49,184,19.03,0.397
106.65,185,19.12,0.485
106.82,186,19.21,0.173
106.98,184,19.29,0.265
107.15,182,19.38,0.467
107.31,184,19.29,0.493
107.48,182,19.29,0.195
107.64,180,19.21,0.482
107.81,179,19.21,0.64
107.97,180,19.29,0.324
108.14,180,19.38,0.338
108.3,180,19.38,0.408
108.47,180,19.55,0.585
108.64,179,19.64,0.636
108.8,181,19.64,0.301
108.97,180,19.55,0.199
109.13,178,19.47,0.254
109.3,182,19.47,0.585
109.46,180,19.29,0.176
109.79,178,19.03,0.349
109.96,177,19.12,0.662
110.12,178,19.12,0.276
110.29,177,19.12,0.581
110.45,180,19.12,0.526
110.62,180,19.29,0.335
110.78,182,19.29,0.371
110.95,181,19.29,0.496
111.11,181,19.21,0.279
111.28,181,19.03,0.544
111.44,185,18.69,0.305
111.61,184,18.69,0.721
111.77,184,18.51,0.522
112.11,183,18.51,0.544
112.27,183,18.69,0.518
112.44,182,18.69,0.132
112.6,182,18.86,0.309
112.77,183,18.77,0.162
112.93,182,18.95,0.044
113.1,180,18.95,0.169
113.26,181,18.86,0.327
113.43,179,18.86,0.154
113.59,176,18.77,0.217
113.76,175,18.69,0.228
113.92,174,18.77,0.118
114.09,173,19.03,0.132
114.25,174,19.21,0.309
114.42,172,19.47,0.493
114.58,172,19.64,0.515
114.75,172,19.81,0.298
114.91,172,19.9,0.706
115.08,172,19.73,0.419
115.25,173,19.73,0.224
115.41,172,19.73,0.364
115.58,174,19.64,0.353
115.74,176,19.47,0.107
115.91,175,19.47,0.221
116.07,176,19.38,0.415
116.24,176,19.38,0.265
116.4,177,19.38,0.324
116.57,175,19.21,0.324
116.73,173,19.21,0.471
116.9,172,19.21,0.132
117.07,170,19.21,0.449
117.4,168,19.29,0.743
117.89,172,19.64,0.445
118.06,171,19.81,0.25
118.22,171,19.81,0.401
118.39,172,19.64,0.632
118.55,174,19.47,0.452
118.72,175,19.29,0.599
118.88,175,19.21,0.452
119.05,176,19.21,0.287
119.21,175,19.21,0.614
119.38,176,19.12,0.143
119.54,176,19.03,0.632
119.71,179,18.86,0.316
119.87,179,18.77,0.603
120.04,180,18.77,0.518
120.21,178,18.86,0.184
120.37,176,18.69,0.165
120.54,175,18.69,0.224
120.7,174,18.69,0.375
120.87,174,18.77,0.29
121.03,173,18.86,0.496
121.2,172,18.95,0.246
121.36,173,19.12,0.478
121.53,172,19.29,0.618
121.86,171,19.21,0.298
122.02,173,19.21,0.393
122.19,172,19.29,0.412
122.36,172,19.29,0.301
122.69,174,19.29,0.261
122.85,172,19.29,0.294
123.02,171,19.38,0.474
123.18,173,19.29,0.493
123.35,172,19.29,0.507
123.51,171,19.29,0.713
123.68,172,19.29,0.68
123.84,178,19.38,0.397
124.01,177,19.47,0.136
124.17,178,19.38,0.426
124.34,176,19.47,0.408
124.5,175,19.38,0.75
124.67,174,19.03,0.176
125.0,175,18.86,0.522
125.16,175,18.86,0.283
125.49,174,19.12,0.375
125.66,173,19.12,0.618
125.99,176,19.21,0.408
126.16,176,19.21,0.544
126.32,176,19.21,0.507
126.49,175,19.21,0.478
126.65,174,19.21,0.415
126.82,174,19.03,0.404
126.98,176,18.86,0.463
127.15,178,18.77,0.368
127.32,179,18.77,0.724
127.48,179,18.95,0.312
127.65,180,19.03,0.507
127.81,180,18.95,0.415
127.98,179,18.95,0.434
128.14,185,18.86,0.36
128.31,186,18.77,0.408
128.47,187,18.86,0.426
128.64,188,18.86,0.603
128.8,189,18.86,0.327
128.97,190,18.86,0.316
129.3,190,18.69,0.184
129.46,189,18.6,0.316
129.63,189,18.6,0.298
129.79,188,18.6,0.36
130.12,187,18.51,0.25
130.29,186,18.6,0.562
130.46,187,18.77,0.397
130.62,188,18.86,0.43
130.79,187,18.86,0.39
130.95,185,18.95,0.327
131.12,184,19.03,0.838
131.28,184,19.03,0.482
131.45,185,18.86,0.441
131.61,184,18.86,0.551
131.78,185,18.95,0.408
131.94,192,19.03,0.706
132.11,192,19.03,0.213
132.28,197,19.03,0.29
132.44,192,19.03,0.36
132.61,194,18.77,0.426
132.77,194,18.51,0.221
132.94,192,18.34,0.173
133.11,190,18.08,0.651
133.27,188,18.17,0.199
133.44,186,18.26,0.11
133.6,185,18.51,0.29
133.77,184,18.77,0.364
133.93,184,19.03,0.335
134.1,188,19.21,0.268
134.27,188,19.38,0.393
134.43,188,19.55,0.474
134.6,188,19.55,0.268
134.76,186,19.29,0.338
134.93,185,19.12,0.062
135.09,186,18.86,0.518
135.26,187,18.69,0.551
135.43,186,18.69,0.544
135.59,187,18.86,0.515
135.76,187,19.03,0.412
135.92,187,19.21,0.305
136.09,185,19.21,0.29
136.25,184,19.21,0.618
136.42,186,19.12,0.643
136.59,186,19.12,0.228
136.75,185,19.03,0.493
136.92,185,19.12,0.651
137.08,186,19.12,0.279
137.25,189,19.12,0.482
137.41,188,19.12,0.331
137.58,187,19.12,0.643
137.74,190,19.12,0.357
138.07,188,19.12,0.32
138.24,188,18.95,0.162
138.4,185,18.95,0.382
138.57,185,18.86,0.331
138.73,184,18.77,0.092
138.9,182,18.86,0.121
139.06,181,19.03,0.393
139.23,180,19.03,0.607
139.4,180,19.21,0.5
139.56,180,19.38,0.276
139.73,178,19.47,0.173
139.89,177,19.55,0.632
140.06,178,19.47,0.511
140.22,178,19.55,0.526
140.39,177,19.55,0.776
140.55,177,19.55,0.438
140.72,177,19.64,0.474
140.88,180,19.64,0.493
141.05,178,19.64,0.301
141.21,178,19.55,0.408
141.38,177,19.55,0.261
141.54,177,19.47,0.544
141.87,180,19.29,0.544
142.04,179,19.21,0.434
142.2,179,19.29,0.548
142.37,179,19.29,0.136
142.53,177,19.29,0.588
142.7,182,19.21,0.544
142.87,183,19.21,0.574
143.03,186,19.21,0.585
143.2,185,19.12,0.871
143.36,189,19.21,0.449
143.53,188,19.12,0.669
143.69,189,19.12,0.64
143.86,188,18.95,0.386
144.02,192,18.77,0.485
144.19,190,18.77,0.607
144.35,196,18.69,0.426
144.52,196,18.69,0.57
144.68,196,18.51,0.327
144.85,195,18.43,0.607
145.18,194,18.34,0.452
145.34,194,18.34,0.485
145.51,193,18.26,0.743
145.67,194,18.43,0.379
145.84,194,18.51,0.559
146.0,194,18.6,0.423
146.17,194,18.95,0.195
146.34,193,19.03,0.691
146.5,194,19.03,0.39
146.67,193,18.95,0.445
146.83,191,18.86,0.154
147.0,190,18.77,0.14
147.33,186,18.95,0.636
147.5,189,19.03,0.562
147.66,190,19.21,0.408
147.83,190,19.29,0.5
147.99,191,19.47,0.577
148.16,190,19.55,0.423
148.33,188,19.55,0.386
148.49,190,19.55,0.408
148.66,190,19.38,0.151
148.82,188,19.21,0.599
148.99,195,19.03,0.647
149.15,198,19.03,0.298
149.32,199,19.03,0.426
149.49,198,19.03,0.518
149.65,194,18.95,0.544
149.82,195,18.95,0.585
149.98,195,18.69,0.265
150.15,194,18.51,0.452
150.31,193,18.6,0.64
150.48,194,18.86,0.511
150.65,193,19.03,0.283
150.81,194,19.12,0.471
150.98,192,19.21,0.485
151.14,194,19.29,0.706
151.31,192,19.29,0.64
151.47,193,19.21,0.386
151.64,192,19.21,0.32
151.81,190,19.21,0.651
151.97,188,19.21,0.342
152.14,188,19.12,0.511
152.3,188,19.12,0.71
152.47,192,19.12,0.467
152.63,192,19.21,0.868
152.8,192,19.12,0.423
153.13,195,18.95,0.456
153.3,196,18.95,0.551
153.46,194,18.69,0.493
153.63,198,18.6,0.596
153.8,197,18.6,0.393
153.96,200,18.43,0.662
154.13,199,18.43,0.415
154.29,200,18.51,0.176
154.46,198,18.51,0.471
154.62,195,18.51,0.621
154.79,196,18.6,0.555
154.96,196,18.6,0.518
155.29,195,18.77,0.371
155.62,192,19.03,0.474
155.79,194,19.03,0.636
155.95,193,19.12,0.857
156.12,194,19.12,0.268
156.28,192,19.12,0.614
156.45,191,19.29,0.298
156.61,193,19.29,0.643
156.78,192,19.21,0.463
156.95,194,19.21,0.614
157.11,194,19.21,0.449
157.28,197,19.21,0.537
157.44,195,19.21,0.713
157.61,196,19.12,0.287
157.77,194,19.03,0.452
157.94,192,18.95,0.562
158.11,191,18.86,0.599
158.27,191,18.69,0.301
158.44,190,18.69,0.287
158.6,189,18.77,0.629
158.77,187,19.03,0.478
158.93,186,19.12,0.346
159.1,186,19.12,0.335
159.26,185,19.12,0.188
159.43,184,19.21,0.699
159.59,183,19.38,0.463
159.76,184,19.38,0.574
159.92,185,19.47,0.5
160.09,186,19.47,0.195
160.25,185,19.55,0.121
160.42,184,19.64,0.46
160.58,182,19.64,0.228
160.75,181,19.55,0.309
160.91,180,19.38,0.213
161.08,178,19.29,0.143
161.24,177,19.21,0.618
161.41,176,19.21,0.335
161.58,175,19.38,0.265
161.74,173,19.38,0.25
161.91,172,19.47,0.246
162.07,172,19.64,0.279
162.24,170,19.73,0.43
162.4,170,19.81,0.404
162.57,168,19.9,0.397
162.73,168,19.81,0.485
162.9,168,19.81,0.379
163.06,168,19.81,0.29
163.23,168,19.81,0.32
163.39,166,19.73,0.379
163.56,166,19.55,0.213
163.72,167,19.55,0.276
163.89,166,19.38,0.636
164.05,166,19.21,0.18
164.22,164,19.38,0.397
164.38,165,19.38,0.312
164.55,165,19.29,0.287
164.71,165,19.38,0.301
164.88,164,19.38,0.202
165.05,163,19.38,0.246
165.21,163,19.38,0.206
165.38,162,19.38,0.379
165.54,162,19.38,0.254
165.71,162,19.38,0.463
165.87,160,19.38,0.246
166.04,161,19.38,0.162
166.2,160,19.29,0.022
166.37,158,19.29,0.393
166.53,158,19.21,0.257
166.7,158,19.29,0.176
166.86,157,19.38,0.151
167.03,157,19.38,0.673
167.19,157,19.55,0.415
167.36,156,19.64,0.316
167.69,155,19.73,0.143
168.02,156,19.81,0.618
168.18,156,19.81,0.467
168.35,157,19.9,0.551
168.51,156,19.81,0.276
168.68,155,19.81,0.353
168.84,156,19.55,0.765
169.01,159,19.47,0.585
169.18,159,19.47,0.254
169.51,160,19.38,0.335
169.84,158,19.29,0.393
170.0,158,19.21,0.423
170.17,160,19.29,0.522
170.33,160,19.29,0.312
170.5,161,19.38,0.408
170.66,163,19.38,0.25
170.83,162,19.47,0.342
170.99,160,19.47,0.121
171.16,159,19.38,0.033
171.32,157,19.29,0.202
171.49,156,19.12,0.412
171.65,158,19.03,0.298
171.82,157,19.12,0.165
172.15,155,19.64,0.18
172.31,155,19.81,0.36
172.48,155,19.9,0.651
172.64,158,19.81,0.482
172.81,160,19.9,0.294
172.97,160,19.81,0.482
173.14,164,19.73,0.474
173.3,165,19.73,0.287
173.47,163,19.55,0.393
173.63,163,19.38,0.257
173.8,162,19.21,0.243
173.97,164,19.21,0.368
174.13,164,19.12,0.129
174.3,164,19.03,0.243
174.46,162,19.12,0.445
174.63,164,19.21,0.191
174.79,164,19.03,0.607
174.96,164,19.12,0.533
175.12,164,19.21,0.305
175.29,163,19.21,0.717
175.45,164,19.21,0.272
175.62,163,19.12,0.309
175.78,162,19.21,0.254
175.95,163,19.21,0.386
176.11,162,19.38,0.618
176.28,162,19.38,0.335
176.44,164,19.55,0.199
176.61,163,19.55,0.445
176.77,163,19.64,0.371
176.94,165,19.55,0.415
177.1,164,19.55,0.518
177.27,164,19.64,0.408
177.43,163,19.47,0.309
177.6,163,19.47,0.555
177.77,163,19.29,0.298
177.93,155,19.38,0.243
178.1,162,19.29,0.507
178.26,163,19.47,0.673
178.43,164,19.47,0.426
178.59,165,19.38,0.294
178.76,164,19.55,0.386
178.92,164,19.64,0.559
179.09,165,19.64,0.482
179.25,168,19.64,0.346
179.42,168,19.55,0.463
179.58,168,19.55,0.368
179.75,168,19.47,0.607
179.91,168,19.38,0.401
180.08,168,19.21,0.276
180.24,166,19.03,0.309
180.41,167,18.95,0.555
180.57,166,18.95,0.441
180.74,165,19.03,0.57
180.9,166,18.95,0.798
181.07,165,19.12,0.5
181.23,166,19.21,0.327
181.4,166,19.21,0.309
181.57,166,19.21,0.408
181.73,168,19.29,0.379
182.06,167,19.29,0.467
182.23,172,19.29,0.518
182.39,172,19.29,0.526
182.56,175,19.21,0.29
182.72,176,19.21,0.846
182.89,176,19.12,0.158
183.22,174,18.86,0.364
183.38,174,18.6,0.548
183.55,173,18.51,0.585
183.71,173,18.43,0.449
183.88,172,18.6,0.188
184.04,172,18.69,0.14
184.21,169,18.86,0.279
184.37,171,19.12,0.412
184.54,170,19.12,0.357
184.7,168,19.21,0.191
184.87,167,19.21,0.743
185.03,170,19.38,0.574
185.2,173,19.47,0.493
185.37,177,19.55,0.393
185.53,177,19.55,0.401
185.7,179,19.64,0.221
185.86,180,19.64,0.474
186.03,180,19.38,0.25
186.36,183,18.86,0.607
186.52,183,18.69,0.173
186.69,183,18.51,0.25
186.85,182,18.6,0.272
187.02,181,18.69,0.364
187.18,180,18.86,0.452
187.35,182,18.86,0.342
187.68,180,18.86,0.224
187.84,178,18.95,0.776
188.01,180,18.95,0.559
188.17,180,19.12,0.621
188.34,183,19.12,0.143
188.51,182,19.21,0.684
188.67,183,19.38,0.165
188.84,183,19.38,0.86
189.0,183,19.29,0.482
189.17,184,19.21,0.268
189.33,184,18.95,0.544
189.5,185,18.86,0.482
189.66,186,18.69,0.401
189.83,186,18.77,0.463
189.99,186,18.86,0.471
190.16,186,18.77,0.324
190.32,186,18.77,0.29
190.49,184,18.77,0.294
190.65,183,18.77,0.691
190.82,182,18.69,0.294
190.98,181,18.77,0.224
191.15,180,18.77,0.434
191.32,179,18.86,0.338
191.48,177,19.03,0.496
191.81,178,19.21,0.158
191.98,179,19.29,0.21
192.14,177,19.38,0.647
192.31,175,19.38,0.555
192.47,172,19.38,0.566
192.64,167,19.29,0.239
192.8,171,19.21,0.441
192.97,179,19.12,0.195
193.13,177,19.12,0.305
193.3,178,19.12,0.445
193.46,178,19.21,0.643
193.63,180,19.12,0.544
193.8,182,19.21,0.511
193.96,182,19.21,0.107
194.13,180,19.21,0.452
194.29,182,19.12,0.507
194.46,185,19.12,0.401
194.62,184,18.95,0.276
194.79,186,18.77,0.537
194.95,187,18.77,0.603
195.12,187,18.77,0.419
195.28,190,18.69,0.283
195.45,188,18.77,0.511
195.61,190,18.69,0.518
195.78,189,18.77,0.581
196.11,188,18.69,0.265
196.27,188,18.6,0.25
196.6,186,18.86,0.489
196.77,186,18.86,0.349
196.94,186,19.03,0.695
197.1,186,19.12,0.504
197.27,187,19.21,0.614
197.43,189,19.21,0.335
197.6,187,19.21,0.353
197.76,186,19.12,0.151
197.93,184,19.03,0.32
198.09,182,18.95,0.36
198.26,182,18.86,0.364
198.42,181,18.86,0.445
198.59,180,18.86,0.195
198.75,180,19.03,0.61
198.92,179,19.21,0.268
199.08,178,19.38,0.559
199.25,178,19.38,0.298
199.41,177,19.38,0.158
199.58,176,19.38,0.364
199.75,175,19.38,0.46
199.91,174,19.47,0.173
200.08,172,19.47,0.349
200.24,172,19.55,0.331
200.41,173,19.64,0.5
200.57,173,19.64,0.386
200.74,173,19.73,0.327
200.9,173,19.73,0.419
201.07,174,19.73,0.401
201.23,172,19.64,0.346
201.4,173,19.64,0.305
201.56,172,19.55,0.478
201.73,173,19.38,0.283
201.89,171,19.38,0.202
202.06,170,19.29,0.074
202.22,168,19.38,0.154
202.39,167,19.21,0.397
202.55,168,19.21,0.474
202.72,168,19.29,0.243
202.89,168,19.29,0.357
203.05,167,19.47,0.474
203.22,167,19.47,0.349
203.38,166,19.55,0.456
203.55,166,19.47,0.456
203.71,167,19.47,0.408
203.88,168,19.47,0.713
204.04,174,19.47,0.254
204.21,174,19.55,0.331
204.37,173,19.55,0.515
204.54,172,19.55,0.36
204.7,171,19.38,0.228
205.03,170,19.12,0.206
205.2,168,19.03,0.743
205.36,170,19.12,0.235
205.53,170,19.12,0.254
205.7,168,19.21,0.551
206.03,172,19.29,0.235
206.19,170,19.38,0.566
206.36,170,19.47,0.375
206.52,169,19.47,0.64
206.69,169,19.55,0.36
206.85,169,19.47,0.551
207.02,169,19.38,0.662
207.35,171,19.38,0.202
207.51,172,19.47,0.423
207.68,172,19.47,0.625
207.84,174,19.47,0.331
208.01,173,19.38,0.324
208.17,174,19.21,0.485
208.34,173,19.21,0.199
208.5,172,19.12,0.254
208.67,171,19.12,0.331
208.84,170,19.03,0.29
209.0,172,19.12,0.39
209.33,172,19.12,0.143
209.5,172,19.21,0.239
209.66,172,19.38,0.529
209.83,172,19.38,0.136
209.99,170,19.29,0.213
210.16,171,19.38,0.327
210.32,172,19.47,0.169
210.49,170,19.55,0.158
210.65,169,19.55,0.11
210.82,167,19.73,0.092
210.98,165,19.64,0.158
211.15,165,19.64,0.287
211.31,165,19.64,0.452
211.48,164,19.64,0.195
211.65,164,19.73,0.276
211.81,162,19.73,0.529
211.98,164,19.73,0.482
212.14,164,19.73,0.162
212.31,162,19.64,0.132
212.47,162,19.64,0.239
212.64,162,19.55,0.07
212.8,160,19.55,0.305
212.97,160,19.47,0.265
213.13,160,19.64,0.324
213.3,159,19.73,0.305
213.46,159,19.64,0.217
213.63,160,19.81,0.434
213.79,160,19.81,0.386
213.96,160,19.81,0.426
214.12,160,19.9,0.574
214.29,164,19.9,0.489
214.62,163,19.64,0.426
214.79,166,19.73,0.493
214.95,165,19.55,0.188
215.12,165,19.55,0.415
215.28,165,19.47,0.478
215.45,164,19.38,0.463
215.61,168,19.38,0.151
215.78,169,19.38,0.121
215.94,170,19.38,0.426
216.11,172,19.47,0.511
216.27,172,19.47,0.346
216.44,173,19.38,0.268
216.6,172,19.29,0.254
216.77,174,19.12,0.603
216.93,178,19.12,0.342
217.1,178,19.03,0.169
217.27,176,19.03,0.489
217.43,174,19.03,0.504
217.6,173,19.03,0.507
217.76,172,18.86,0.191
217.93,170,18.86,0.246
218.09,168,18.95,0.423
218.26,167,19.12,0.415
218.42,167,19.29,0.768
218.59,168,19.47,0.261
218.75,169,19.73,0.401
218.92,169,19.81,0.643
219.25,166,19.9,0.426
219.41,169,19.81,0.294
219.74,168,19.47,0.676
219.91,170,19.38,0.445
220.07,170,19.21,0.349
220.24,170,19.21,0.232
220.41,168,19.29,0.452
220.57,168,19.38,0.515
220.74,169,19.38,0.408
220.9,169,19.29,0.188
221.4,170,19.29,0.739
221.56,170,19.38,0.257
221.73,168,19.29,0.596
222.06,172,19.47,0.202
222.22,173,19.47,0.471
222.39,173,19.55,0.581
222.72,174,19.55,0.305
222.88,173,19.38,0.614
223.05,174,19.29,0.349
223.21,174,19.12,0.077
223.38,172,19.03,0.254
223.55,172,19.03,0.368
223.71,172,19.12,0.202
223.88,170,19.03,0.482
224.21,170,19.21,0.382
224.37,170,19.29,0.357
224.7,172,19.38,0.324
224.87,171,19.47,0.375
225.03,174,19.38,0.632
225.2,174,19.38,0.312
225.36,175,19.29,0.243
225.53,177,19.29,0.581
225.69,177,19.12,0.228
225.86,180,19.03,0.651
226.02,180,18.86,0.32
226.19,182,18.86,0.658
226.52,182,18.77,0.54
226.69,181,18.69,0.688
226.85,181,18.69,0.614
227.18,182,18.6,0.551
227.35,181,18.69,0.434
227.51,182,18.69,0.478
227.68,181,18.86,0.397
227.84,181,19.03,0.849
228.01,183,19.03,0.566
228.17,185,18.95,0.614
228.34,184,18.95,0.809
228.5,187,19.03,0.21
228.67,186,19.03,0.206
228.83,184,18.95,0.603
229.0,184,18.86,0.364
229.16,184,18.86,0.125
229.33,182,18.77,0.357
229.5,184,18.77,0.511
229.66,183,18.86,0.349
229.83,183,18.95,0.57
229.99,183,19.12,0.132
230.16,181,19.21,0.029
230.32,180,19.21,0.254
230.49,178,19.21,0.592
230.65,182,19.12,0.305
230.82,183,19.12,0.445
230.98,182,19.12,0.397
231.15,181,19.29,0.577
231.31,180,19.47,0.335
231.48,180,19.38,0.235
231.64,181,19.21,0.728
231.81,183,19.03,0.57
231.97,186,19.12,0.419
232.14,186,19.12,0.301
232.31,185,19.03,0.272
232.47,183,19.03,0.551
232.64,183,19.03,0.331
232.8,182,18.95,0.471
232.97,184,18.77,0.596
233.13,184,18.86,0.36
233.3,189,18.86,0.772
233.46,191,19.03,0.893
233.63,192,19.03,0.357
233.96,192,18.86,0.46
234.12,191,18.51,0.338
234.29,192,18.34,0.515
234.45,193,18.17,0.555
234.62,192,18.17,0.434
234.78,192,18.17,0.279
234.95,192,18.43,0.184
235.11,190,18.51,0.357
235.28,188,18.69,0.176
235.45,187,18.77,0.301
235.61,186,18.86,0.393
235.78,187,18.95,0.353
235.94,185,19.03,0.61
236.11,186,19.21,0.452
236.27,188,19.38,0.353
236.44,189,19.47,0.301
236.6,191,19.55,0.529
236.77,190,19.55,0.327
236.93,189,19.55,0.493
237.1,188,19.38,0.445
237.26,187,19.21,0.401
237.43,187,19.12,0.364
237.59,186,18.95,0.496
237.76,186,18.95,0.327
237.92,190,18.95,0.114
238.09,188,19.12,0.471
238.26,186,19.12,0.827
238.42,188,19.12,0.684
238.59,190,19.21,0.467
238.75,192,19.21,0.357
238.92,194,19.21,0.268
239.08,193,19.29,0.202
239.25,193,19.29,0.456
239.41,193,19.21,0.544
239.58,195,19.12,0.463
239.74,195,19.03,0.537
239.91,196,18.95,0.243
240.07,194,18.95,0.452
240.24,193,18.86,0.412
240.4,193,18.86,0.452
240.57,193,18.86,0.478
240.73,192,18.86,0.46
240.9,193,18.95,0.599
241.06,194,18.95,0.239
241.23,194,19.03,0.537
241.4,197,19.03,0.353
241.56,196,19.03,0.371
241.73,195,19.03,0.68
241.89,194,18.95,0.412
242.06,194,18.86,0.562
242.22,194,18.77,0.147
242.39,194,18.6,0.202
242.55,193,18.69,0.265
242.72,192,18.77,0.268
242.88,191,18.77,0.39
243.05,190,18.86,0.415
243.21,190,18.86,0.346
243.38,190,18.77,0.25
243.54,188,18.77,0.129
243.71,186,18.95,0.316
243.87,186,19.03,0.32
244.04,184,19.12,0.118
244.21,183,19.21,0.121
244.37,182,19.29,0.173
244.54,180,19.47,0.397
244.7,180,19.55,0.081
244.87,178,19.55,-0.0
245.03,177,19.64,0.268
245.2,176,19.73,0.074
245.36,174,19.9,0.32
245.53,173,19.9,0.279
245.69,172,19.99,0.151
245.86,170,20.16,0.254
246.02,171,20.16,0.357
246.19,170,20.24,0.235
246.35,169,20.24,0.316
246.52,169,20.24,0.342
246.68,169,20.24,0.246
246.85,168,20.24,0.272
247.02,168,20.16,0.162
247.18,167,20.16,0.408
247.35,166,19.99,0.456
247.51,167,19.9,0.386
247.68,168,19.73,0.11
247.84,168,19.73,0.188
248.01,167,19.73,0.357
248.17,167,19.73,0.39
248.34,168,19.64,0.272
248.5,168,19.55,0.301
248.83,168,19.64,0.364
249.0,171,19.64,0.467
249.16,171,19.64,0.353
249.33,170,19.55,0.235
249.49,168,19.38,0.368
249.66,169,19.29,0.217
249.83,166,19.12,0.055
249.99,166,19.03,0.191
250.16,166,19.12,0.699
250.32,168,19.12,0.195
250.49,168,19.29,0.493
250.65,168,19.47,0.607
250.82,168,19.64,0.316
250.98,168,19.64,0.268
251.15,168,19.73,0.327
251.48,168,19.47,0.312
251.64,169,19.38,0.357
251.81,169,19.38,0.438
251.97,170,19.38,0.338
252.14,166,19.38,0.445
252.47,160,19.12,0.261
252.64,163,18.86,0.357
252.8,170,18.77,0.577
252.97,172,18.69,0.438
253.13,174,18.69,0.658
253.3,176,18.86,0.408
253.46,176,19.03,0.438
253.79,177,19.12,0.574
253.96,176,19.12,0.415
254.12,177,19.03,0.173
254.29,178,19.03,0.636
254.45,179,18.95,0.346
254.62,178,18.86,0.268
254.78,177,18.77,0.5
254.95,178,18.86,0.254
255.11,176,18.77,0.235
255.28,174,18.86,0.346
255.44,176,18.69,0.46
255.61,175,18.77,0.324
255.78,174,18.95,0.195
255.94,172,19.12,0.14
256.11,171,19.21,0.43
256.44,170,19.21,0.5
256.6,170,19.21,0.298
256.77,170,19.29,0.129
256.93,168,19.55,0.533
257.1,168,19.55,0.375
257.26,169,19.64,0.309
257.59,167,19.55,0.493
257.76,168,19.64,0.272
257.92,166,19.64,0.371
258.09,168,19.64,0.581
258.26,168,19.64,0.401
258.42,169,19.73,0.199
258.59,168,19.64,0.357
258.75,166,19.64,0.25
258.92,165,19.64,0.346
259.08,165,19.55,0.188
259.25,164,19.47,0.243
259.41,163,19.47,0.346
259.58,162,19.55,0.191
259.74,160,19.55,0.368
259.91,160,19.73,0.217
260.07,158,19.81,0.224
260.24,159,19.81,0.504
260.57,160,19.9,0.368
260.73,159,19.99,0.254
260.9,158,19.99,0.324
261.06,158,19.9,0.338
261.23,160,19.81,0.456
261.39,160,19.64,0.324
261.56,160,19.55,0.559
261.73,162,19.64,0.279
261.89,160,19.64,0.349
262.06,160,19.64,0.357
262.22,162,19.55,0.382
262.39,160,19.47,0.364
262.55,160,19.47,0.169
262.72,158,19.38,0.287
262.88,158,19.38,0.386
263.05,158,19.29,0.301
263.21,158,19.29,0.603
263.38,158,19.38,0.217
263.54,158,19.38,0.401
263.71,159,19.64,0.188
263.87,160,19.73,0.496
264.04,160,19.73,0.596
264.2,162,19.55,0.261
264.37,162,19.47,0.452
264.53,163,19.47,0.368
264.7,163,19.29,0.375
264.86,166,19.21,0.092
265.03,164,19.12,0.206
265.19,164,19.12,0.382
265.36,162,19.12,0.243
265.53,162,19.21,0.176
265.69,162,19.12,-0.0
265.86,161,19.12,0.066
266.19,160,19.38,-0.0
266.35,160,19.55,0.246
266.52,160,19.64,0.309
266.68,160,19.73,0.357
266.85,159,19.81,0.246
267.01,158,19.9,0.04
267.18,156,19.9,0.375
267.34,156,19.81,0.29
267.51,156,19.81,0.471
267.67,158,19.9,0.246
267.84,159,19.81,0.393
268.0,158,19.9,0.206
268.17,157,19.9,0.5
268.33,157,19.9,0.199
268.5,156,19.73,0.261
268.66,158,19.64,0.239
268.83,159,19.38,0.287
269.0,158,19.38,0.559
269.16,159,19.38,0.29
269.33,160,19.29,0.415
269.49,159,19.29,0.555
269.66,160,19.29,0.265
269.82,159,19.29,0.485
270.15,159,19.21,0.21
270.32,157,19.12,0.574
270.48,158,19.21,0.243
270.65,160,19.21,0.331
270.81,158,19.21,0.29
271.31,160,19.29,0.272
271.47,160,19.38,0.114
271.64,158,19.29,0.43
271.81,160,19.29,0.276
271.97,159,19.29,0.074
272.14,156,19.38,0.298
272.3,156,19.38,0.379
272.47,154,19.55,0.342
272.63,154,19.64,0.342
272.8,152,19.73,0.165
272.96,151,19.73,0.485
273.13,151,19.99,0.415
273.29,151,20.07,0.287
273.46,153,20.07,0.386
273.62,154,20.16,0.382
273.79,154,20.16,0.151
273.95,153,20.16,0.57
274.12,154,20.07,0.305
274.29,154,19.81,0.357
274.45,159,19.64,0.298
274.62,160,19.55,0.331
274.78,158,19.38,0.415
275.11,158,19.29,0.224
275.28,157,19.12,0.607
275.61,157,18.95,0.493
275.77,157,19.03,0.724
275.94,158,19.21,0.338
276.1,158,19.47,0.169
276.27,158,19.47,0.338
276.43,159,19.55,0.335
276.6,159,19.47,0.574
276.76,164,19.38,0.386
276.93,167,19.38,0.18
277.1,166,19.47,0.184
277.26,166,19.55,0.449
277.43,168,19.55,0.301
277.59,166,19.29,0.085
277.76,165,19.12,0.32
277.92,164,19.03,0.158
278.09,162,18.95,0.199
278.25,162,18.95,0.32
278.42,161,19.03,0.382
278.58,164,19.12,0.195
278.75,164,19.38,0.261
278.91,164,19.64,0.143
279.08,165,19.73,0.151
279.24,164,19.81,0.143
279.41,162,19.81,0.154
279.57,163,19.64,0.298
279.74,162,19.55,0.213
279.9,161,19.38,0.184
280.06,160,19.47,0.162
280.23,159,19.55,0.11
280.39,160,19.55,0.246
280.56,159,19.55,0.401
280.72,161,19.64,0.261
280.89,162,19.55,0.515
281.22,164,19.73,0.515
281.38,164,19.73,0.338
281.55,164,19.64,0.632
281.71,166,19.47,0.5
281.88,166,19.38,0.658
282.04,168,19.21,0.43
282.21,169,19.12,0.254
282.37,170,19.03,0.404
282.54,170,18.95,0.574
282.7,171,18.86,0.309
282.87,171,18.69,0.397
283.03,171,18.6,0.489
283.2,178,18.69,0.555
283.36,182,18.69,0.673
283.53,185,18.69,0.25
283.69,183,18.69,0.312
283.86,182,18.77,0.577
284.02,182,18.6,0.32
284.35,180,18.17,0.533
284.52,182,18.08,0.467
284.69,181,18.17,0.276
284.86,180,18.34,0.445
285.02,178,18.43,0.316
285.19,178,18.6,0.809
285.35,178,18.69,0.261
285.52,178,18.69,0.474
285.68,178,18.86,0.585
285.85,178,19.03,0.213
286.01,178,19.21,0.467
286.18,178,19.21,0.301
286.34,177,19.29,0.357
286.67,176,19.21,0.349
286.84,175,19.21,0.772
287.0,174,19.29,0.195
287.17,175,19.29,0.772
287.33,174,19.29,0.449
287.5,175,19.47,0.276
287.66,174,19.55,0.099
287.83,174,19.47,0.419
287.99,174,19.47,0.548
288.16,176,19.47,0.235
288.32,176,19.47,0.467
288.49,175,19.47,0.471
288.82,176,19.38,0.217
288.98,177,19.21,0.526
289.15,178,19.21,0.199
289.31,176,19.03,0.599
289.48,176,19.03,0.474
289.81,178,18.95,0.474
289.98,177,18.86,0.279
290.14,175,18.86,0.658
290.31,176,18.95,0.471
290.47,179,18.95,0.493
290.64,180,18.95,0.309
290.8,179,19.03,0.386
290.97,178,19.03,0.404
291.3,177,19.21,0.283
291.46,176,19.12,0.346
291.63,175,19.21,0.636
291.79,174,19.29,0.526
291.96,174,19.29,0.224
292.12,174,19.38,0.426
292.29,172,19.38,0.562
292.45,174,19.38,0.665
292.62,176,19.38,0.596
292.79,180,19.29,0.382
292.95,179,19.29,0.081
293.12,177,19.21,0.165
293.28,175,19.21,0.165
293.61,173,18.77,0.467
293.78,173,18.77,0.309
294.11,171,19.03,0.29
294.27,171,19.12,0.368
294.44,171,19.38,0.232
294.6,170,19.47,0.195
294.77,168,19.47,0.221
294.93,167,19.55,0.125
295.1,166,19.55,0.371
295.26,166,19.55,0.268
295.43,165,19.64,0.434
295.76,164,19.73,0.316
295.92,163,19.81,0.445
296.09,162,19.9,0.173
296.25,163,19.9,0.272
296.42,162,19.9,0.088
296.59,162,19.73,0.331
296.75,161,19.73,0.651
296.92,164,19.73,0.39
297.08,165,19.64,0.434
297.25,164,19.64,0.441
297.58,164,19.55,0.456
297.74,163,19.47,0.54
297.91,164,19.38,0.221
298.07,163,19.21,0.191
298.24,162,19.29,0.232
298.4,161,19.21,0.154
298.57,159,19.29,0.489
298.73,159,19.38,0.419
298.9,160,19.38,0.276
299.06,158,19.47,0.566
299.23,160,19.55,0.621
299.39,160,19.73,0.088
299.56,160,19.73,0.368
299.89,162,19.81,0.566
300.06,161,19.73,0.676
300.22,163,19.73,0.507
300.39,166,19.55,0.346
300.55,169,19.55,0.32
300.72,171,19.47,0.518
300.88,173,19.38,0.647
301.05,175,19.12,0.346
301.21,176,19.12,0.471
301.38,175,18.86,0.346
301.54,174,18.6,0.39
301.71,174,18.43,0.518
301.87,173,18.34,0.485
302.04,176,18.43,0.121
302.2,174,18.51,0.533
302.37,176,18.6,0.474
302.53,175,18.86,0.761
302.7,181,19.03,0.438
302.87,181,19.03,0.18
303.03,180,18.95,0.397
303.2,180,18.95,0.257
303.36,182,18.95,0.195
303.53,181,18.86,0.662
303.69,181,18.86,0.621
303.86,180,18.95,0.382
304.02,179,18.95,0.636
304.19,180,18.95,0.533
304.35,178,19.03,0.482
304.52,182,19.03,0.54
304.68,183,19.03,0.408
304.85,183,19.12,0.474
305.01,184,19.21,0.618
305.18,184,19.21,0.482
305.34,186,19.21,0.504
305.51,186,19.03,0.408
305.67,183,18.95,0.283
305.84,183,18.86,0.581
306.17,182,18.77,0.562
306.34,181,18.77,0.482
306.5,181,18.95,0.46
306.67,181,19.03,0.338
306.83,182,19.12,0.324
307.0,180,19.21,0.882
307.16,184,19.29,0.629
307.33,185,19.38,0.202
307.82,184,19.21,0.507
307.99,184,19.12,0.956
308.15,185,18.86,0.375
308.32,182,18.69,0.46
308.48,183,18.69,0.522
308.65,181,18.77,0.478
308.81,181,18.86,0.496
308.98,181,18.86,0.401
309.14,180,18.86,0.438
309.31,178,18.95,0.574
309.48,179,19.21,0.316
309.64,178,19.29,0.621
309.81,178,19.38,0.246
309.97,177,19.47,0.224
310.14,175,19.47,0.327
310.3,174,19.55,0.107
310.47,173,19.47,0.449
310.63,172,19.47,0.555
310.8,172,19.47,0.368
310.96,174,19.55,0.191
311.13,176,19.55,0.151
311.29,175,19.73,0.474
311.46,174,19.9,0.548
311.79,177,19.81,0.551
311.95,177,19.73,0.684
312.28,176,19.55,0.276
312.45,172,19.38,0.496
312.62,180,19.38,0.702
312.78,181,19.29,0.445
312.95,179,19.21,0.401
313.11,186,19.12,0.482
313.28,185,19.03,0.551
313.44,188,18.77,0.305
313.61,189,18.6,0.232
313.77,188,18.51,0.169
313.94,191,18.43,0.493
314.1,189,18.6,0.515
314.27,193,18.69,0.415
314.43,191,18.77,0.724
314.6,192,18.77,0.357
314.76,190,18.86,0.776
314.93,191,18.86,0.721
315.09,190,18.86,0.357
315.26,190,18.77,0.283
315.43,190,18.77,0.412
315.59,189,18.77,0.669
315.76,194,18.77,0.434
315.92,192,18.86,0.276
316.09,193,18.95,0.415
316.25,194,18.95,0.684
316.42,194,18.86,0.243
316.58,193,18.77,0.32
316.75,192,18.77,0.559
316.91,192,18.77,0.504
317.08,192,18.77,0.301
317.24,190,18.86,0.232
317.41,191,18.95,0.485
317.57,191,19.03,0.467
317.74,192,19.12,0.316
317.9,192,19.21,0.46
318.07,191,19.21,0.375
318.23,193,19.12,0.493
318.4,192,19.12,0.518
318.57,194,19.03,0.294
318.73,196,19.03,0.254
318.9,196,18.95,0.165
319.06,194,18.86,0.206
319.23,194,18.86,0.074
319.39,192,18.86,0.239
319.56,192,18.95,0.176
319.72,191,18.86,0.522
319.89,194,18.95,0.199
320.05,192,18.95,0.279
320.22,191,19.12,0.246
320.38,189,19.29,0.107
320.55,188,19.29,0.522
320.71,187,19.12,0.224
320.88,186,19.03,0.188
321.04,186,19.03,0.607
321.21,187,19.12,0.199
321.37,187,19.21,0.316
321.54,190,19.21,0.331
321.71,189,19.38,0.173
321.87,190,19.38,0.184
322.04,188,19.38,0.243
322.2,187,19.38,0.243
322.37,186,19.21,0.331
322.53,186,19.12,0.338
322.7,185,19.12,0.441
322.87,186,19.12,0.669
323.03,184,19.29,0.301
323.2,185,19.47,0.357
323.36,184,19.38,0.449
323.53,184,19.38,0.449
323.69,184,19.38,0.283
323.86,183,19.29,0.688
324.02,184,19.38,0.371
324.19,183,19.38,0.746
324.35,185,19.38,0.331
324.52,187,19.38,0.445
324.68,188,19.29,0.415
324.85,188,19.29,0.515
325.01,188,19.29,0.702
325.34,191,19.12,0.228
325.51,191,18.95,0.357
325.67,188,18.86,0.449
325.84,188,18.77,0.445
326.0,190,18.69,0.526
326.17,190,18.6,0.32
326.34,188,18.6,0.43
326.5,189,18.77,0.504
326.67,186,18.77,0.375
327.0,187,18.69,0.452
327.16,187,18.69,0.515
327.33,188,18.77,0.614
327.49,186,18.86,0.419
327.66,188,18.95,0.401
327.82,191,18.95,0.732
327.99,190,18.95,0.312
328.15,189,18.95,0.765
328.32,190,18.95,0.529
328.48,188,19.03,0.287
328.65,189,18.95,0.665
328.81,188,18.86,0.224
328.98,186,18.86,0.504
329.15,185,18.77,0.449
329.31,183,18.86,0.482
329.48,185,18.95,0.515
329.81,186,19.12,0.449
329.97,186,19.21,0.415
330.14,185,19.29,0.441
330.3,185,19.47,0.467
330.47,187,19.38,0.515
330.63,186,19.21,0.324
330.8,186,19.21,0.57
330.96,186,19.12,0.452
331.29,185,19.12,0.335
331.46,183,19.03,0.257
331.62,181,19.03,0.5
331.79,182,19.12,0.548
331.95,182,19.12,0.408
332.12,183,19.29,0.415
332.28,183,19.29,0.629
332.45,182,19.38,0.36
332.61,182,19.47,0.39
332.78,182,19.38,0.221
332.94,181,19.29,0.312
333.11,180,19.12,0.526
333.27,180,19.03,0.151
333.44,180,18.95,0.136
333.6,178,19.03,0.213
333.77,176,19.03,0.254
333.94,176,19.12,0.456
334.1,178,19.12,0.305
334.27,178,19.29,0.158
334.76,175,19.47,0.162
334.93,174,19.47,0.18
335.09,173,19.38,0.353
335.42,174,19.47,0.375
335.59,172,19.64,0.548
335.75,173,19.73,0.353
335.92,174,19.81,0.143
336.08,172,19.81,0.199
336.25,172,19.73,0.522
336.41,171,19.55,0.408
336.58,171,19.38,0.357
336.74,169,19.29,0.474
336.91,168,19.38,0.312
337.07,168,19.38,0.29
337.24,168,19.47,0.643
337.4,168,19.47,0.265
337.57,167,19.55,0.176
337.73,168,19.55,0.625
337.9,168,19.64,0.515
338.06,169,19.64,0.43
338.23,172,19.64,0.728
338.39,174,19.64,0.75
338.56,178,19.73,0.254
338.72,176,19.55,0.665
338.89,178,19.55,0.29
339.06,176,19.47,0.401
339.22,176,19.29,0.426
339.39,178,18.95,0.526
339.55,177,18.77,0.393
339.72,180,18.77,0.529
339.88,180,18.86,0.243
340.05,180,18.95,0.533
340.21,180,19.03,0.408
340.38,180,18.95,0.669
340.54,180,18.95,0.625
340.71,180,18.95,0.342
340.87,178,18.95,0.809
341.04,178,19.03,0.412
341.2,178,19.03,0.691
341.37,177,19.21,0.213
341.53,176,19.21,0.39
341.7,176,19.21,0.32
341.86,174,19.21,0.32
342.03,174,19.21,0.316
342.19,174,19.21,0.301
342.36,174,19.29,0.824
342.52,176,19.29,0.54
342.69,175,19.38,0.783
342.85,176,19.47,0.511
343.02,178,19.47,0.346
343.18,176,19.47,0.357
343.51,181,19.38,0.452
343.68,180,19.12,0.618
343.85,182,18.95,0.324
344.01,182,18.86,0.438
344.18,184,18.77,0.423
344.34,186,18.69,0.809
344.51,187,18.51,0.327
344.67,186,18.43,0.724
344.84,186,18.34,0.39
345.0,185,18.26,0.585
345.17,185,18.34,0.353
345.33,186,18.34,0.43
345.5,186,18.43,0.555
345.67,187,18.51,0.423
345.83,188,18.69,0.294
346.0,186,18.69,0.434
346.16,188,18.77,0.32
346.33,187,18.69,0.298
346.49,188,18.69,0.507
346.66,186,18.69,0.188
346.82,185,18.6,0.36
346.99,186,18.77,0.375
347.15,184,18.86,0.618
347.32,183,18.86,0.482
347.48,186,18.86,0.46
347.65,186,18.95,0.232
347.82,184,19.03,0.386
347.98,184,19.12,0.228
348.15,183,19.29,0.621
348.31,184,19.21,0.412
348.48,182,19.03,0.419
348.65,180,19.03,0.386
348.81,180,19.03,0.537
348.98,180,19.12,0.114
349.14,178,19.12,0.368
349.31,178,19.21,0.607
349.47,178,19.29,0.596
349.64,179,19.38,0.412
349.8,178,19.38,0.471
349.97,178,19.38,0.776
350.13,179,19.38,0.452
350.3,178,19.29,0.68
350.46,178,19.29,0.324
350.63,179,19.29,0.257
350.79,179,19.29,0.235
350.96,180,19.21,0.533
351.13,180,19.21,0.511
351.29,180,19.12,0.423
351.46,179,19.12,0.265
351.62,180,18.95,0.335
351.79,179,18.77,0.651
351.95,180,18.86,0.305
352.12,178,18.86,0.294
352.28,177,18.86,0.368
352.45,177,18.86,0.423
352.61,175,18.95,0.688
352.78,177,18.86,0.526
352.95,178,19.03,0.654
353.11,178,19.12,0.368
353.28,179,19.12,0.32
353.44,179,19.21,0.397
353.61,179,19.29,0.445
353.77,178,19.12,0.327
353.94,176,19.03,0.482
354.11,175,18.95,0.239
354.44,173,18.86,0.14
354.6,172,18.95,0.426
354.77,171,19.03,0.375
354.93,170,19.21,0.474
355.1,171,19.29,0.507
355.26,172,19.38,0.25
355.43,171,19.38,0.298
355.59,170,19.55,0.441
355.76,170,19.55,0.342
355.92,169,19.47,0.324
356.09,169,19.38,0.75
356.25,170,19.38,0.235
356.42,170,19.38,0.676
356.58,171,19.47,0.279
356.75,171,19.47,0.346
356.91,170,19.47,0.717
357.08,172,19.38,0.36
357.24,170,19.21,0.507
357.41,172,19.12,0.239
357.57,171,19.03,0.312
357.74,178,19.12,0.485
357.9,178,19.03,0.301
358.07,177,19.03,0.29
358.24,177,19.12,0.287
358.4,176,19.12,0.412
358.57,175,19.12,0.404
358.73,175,18.95,0.239
358.9,175,18.86,0.717
359.06,176,18.86,0.57
359.23,177,18.86,0.309
359.39,177,18.86,0.382
359.56,176,18.95,0.478
359.72,176,19.03,0.489
359.89,175,18.95,0.684
360.05,176,18.95,0.176
360.22,176,18.86,0.636
360.38,181,18.77,0.397
360.55,181,18.86,0.419
360.71,180,18.95,0.581
360.88,182,18.95,0.647
361.04,182,18.86,0.335
361.21,183,18.69,0.382
361.37,182,18.51,0.349
361.54,184,18.43,0.39
361.71,181,18.6,0.449
361.87,179,18.69,0.68
362.04,180,18.77,0.338
362.2,180,18.95,0.294
362.37,180,19.03,0.397
362.53,179,19.21,0.673
362.7,179,19.21,0.434
362.86,180,19.29,0.298
363.03,180,19.29,0.368
363.19,180,19.29,0.518
363.36,180,19.21,0.287
363.52,180,19.12,0.331
363.69,180,19.12,0.36
363.85,182,18.95,0.614
364.18,184,18.95,0.449
364.35,184,18.95,0.165
364.51,184,18.86,0.79
364.68,186,18.86,0.357
364.84,187,18.95,0.643
365.01,186,18.77,0.632
365.18,187,18.69,0.504
365.34,186,18.43,0.419
365.51,184,18.34,0.393
365.67,184,18.34,0.232
365.84,183,18.43,0.456
366.0,184,18.51,0.283
366.33,182,18.77,0.305
366.5,182,18.86,0.272
366.66,181,18.95,0.46
366.83,181,19.12,0.676
366.99,182,19.12,0.419
367.16,180,19.12,0.265
367.32,181,19.21,0.478
367.49,181,19.12,0.327
367.65,180,19.21,0.559
367.82,180,19.03,0.232
367.98,178,19.03,0.312
368.15,178,19.03,0.57
368.31,180,18.95,0.327
368.48,180,19.03,0.415
368.64,180,19.03,0.493
368.81,180,19.21,0.301
368.97,179,19.21,0.699
369.14,178,19.21,0.662
369.47,180,19.12,0.268
369.64,182,19.03,0.353
369.8,184,19.03,0.25
369.97,183,19.12,0.246
370.13,182,19.12,0.162
370.3,181,19.03,0.232
370.46,180,18.86,0.452
370.79,178,18.6,0.301
371.12,177,18.86,0.184
371.29,177,19.12,0.239
371.45,177,19.29,0.103
371.62,176,19.38,0.331
371.78,175,19.47,0.228
371.95,174,19.47,0.349
372.11,172,19.47,0.279
372.28,171,19.47,0.096
372.44,167,19.38,0.022
372.61,168,19.47,0.213
372.77,156,19.47,0.331
372.94,168,19.55,0.327
373.11,167,19.64,0.066
373.27,166,19.64,0.081
373.44,164,19.81,0.971
373.6,164,19.9,0.059
373.77,162,19.9,0.114
373.93,162,19.9,0.202
374.1,163,19.9,0.368
374.26,162,19.9,0.081
374.43,161,20.07,0.07
374.59,160,20.07,0.254
374.76,159,20.07,0.397
374.92,159,19.99,0.213
375.09,158,19.9,0.279
375.25,158,19.9,0.607
375.42,158,19.73,0.485
375.58,160,19.9,0.507
375.75,160,19.81,0.382
375.91,160,19.81,0.301
376.08,161,19.73,0.449
376.24,162,19.55,0.54
376.41,163,19.47,0.474
376.57,166,19.38,0.574
376.74,164,19.29,0.261
376.9,165,19.21,0.375
377.07,162,19.03,0.621
377.24,163,18.95,0.537
377.4,162,18.86,0.493
377.73,162,18.86,0.305
377.9,160,18.95,0.393
378.06,160,19.03,0.335
378.39,164,19.12,0.202
378.56,164,19.21,0.533
378.72,163,19.38,0.581
378.89,164,19.38,0.29
379.05,164,19.38,0.246
379.22,163,19.21,0.298
379.38,162,19.21,0.779
379.55,166,19.21,0.651
379.71,169,19.21,0.338
379.88,169,19.29,0.588
380.04,169,19.29,0.5
380.21,169,19.29,0.445
380.54,175,19.03,0.39
380.7,176,18.86,0.107
380.87,175,18.77,0.228
381.03,174,18.77,0.636
381.2,173,18.69,0.301
381.36,173,18.51,0.397
381.53,173,18.51,0.529
381.69,175,18.6,0.419
381.86,176,18.77,0.346
382.03,176,18.86,0.735
382.19,176,18.86,0.438
382.36,176,18.95,0.213
382.52,176,18.86,0.301
382.69,176,18.86,0.574
382.85,176,18.86,0.662
383.02,182,18.77,0.342
383.18,182,18.86,0.61
383.35,187,19.03,0.368
383.51,186,19.12,0.265
383.68,186,19.03,0.518
383.84,184,19.03,0.438
384.01,186,18.77,0.551
384.17,186,18.51,0.371
384.34,184,18.26,0.32
384.5,183,18.26,0.452
384.67,183,18.43,0.294
384.83,183,18.6,0.276
385.0,182,18.69,0.46
385.16,181,18.86,0.559
385.33,183,18.95,0.298
385.5,183,19.03,0.673
385.66,184,19.12,0.419
385.83,182,19.21,0.327
385.99,184,19.29,0.467
386.16,182,19.21,0.779
386.32,182,19.03,0.224
386.49,182,19.03,0.658
386.65,180,18.95,0.349
386.98,179,19.03,0.445
387.15,177,19.03,0.504
387.31,177,19.03,0.515
387.48,176,19.21,0.511
387.64,174,19.29,0.471
387.81,176,19.38,0.36
387.97,175,19.47,0.518
388.14,178,19.64,0.651
388.3,178,19.73,0.493
388.47,178,19.64,0.614
388.63,177,19.55,0.316
388.8,177,19.55,0.548
388.96,179,19.38,0.301
389.13,179,19.21,0.507
389.29,180,19.12,0.335
389.79,180,19.03,0.21
389.95,180,19.03,0.515
390.29,183,18.86,0.092
390.45,182,18.69,0.235
390.62,181,18.77,0.088
390.78,178,18.69,0.434
390.95,178,18.6,0.467
391.11,178,18.51,0.353
391.28,176,18.6,0.25
391.44,176,18.69,0.324
391.61,174,18.86,0.257
391.77,174,19.12,0.232
391.94,174,19.21,0.125
392.27,170,19.21,0.165
392.43,170,19.21,0.423
392.6,169,19.38,0.614
392.76,168,19.38,0.125
392.93,166,19.38,0.279
393.09,164,19.55,0.342
393.26,164,19.64,0.526
393.42,163,19.73,0.393
393.59,162,19.73,0.783
393.75,164,19.73,0.243
393.92,163,19.81,0.489
394.08,166,19.9,0.239
394.25,164,19.99,0.526
394.41,166,19.99,0.474
394.58,167,19.9,0.346
394.75,166,19.81,0.415
394.91,166,19.73,0.555
395.08,166,19.55,0.158
395.24,166,19.47,0.46
395.41,167,19.47,0.235
395.57,168,19.38,0.566
395.74,170,19.29,0.754
395.9,171,19.29,0.272
396.07,170,19.29,0.46
396.23,170,19.12,0.324
396.56,170,18.95,0.79
396.73,173,18.86,0.309
396.89,172,18.77,0.257
397.06,172,18.77,0.662
397.22,173,19.03,0.743
397.39,174,19.03,0.562
397.55,174,18.86,0.529
397.72,174,18.86,0.665
397.88,175,18.86,0.463
398.05,177,18.95,0.199
398.21,175,18.86,0.496
398.38,175,18.86,0.408
398.54,168,18.86,0.61
398.71,174,18.77,0.228
398.87,172,18.86,0.401
399.04,171,18.86,0.331
399.21,170,18.95,0.283
399.37,170,19.12,0.426
399.54,170,19.29,0.261
399.7,169,19.38,0.312
399.87,168,19.47,0.294
400.03,168,19.47,0.467
400.2,170,19.55,0.261
400.36,169,19.55,0.415
400.53,170,19.55,0.309
400.69,170,19.47,0.301
400.86,170,19.47,0.217
401.02,169,19.38,0.739
401.19,170,19.38,0.511
401.35,170,19.29,0.739
401.68,170,19.29,0.375
401.85,171,19.21,0.449
402.01,172,19.21,0.496
402.34,176,19.29,0.717
402.51,176,19.29,0.647
402.67,176,19.29,0.537
402.84,176,19.21,0.309
403.01,174,18.95,0.43
403.17,174,18.86,0.165
403.34,173,18.69,0.522
403.5,173,18.6,0.114
403.67,173,18.69,0.493
403.83,174,18.77,0.386
404.0,176,18.95,0.511
404.16,176,19.12,0.147
404.33,174,19.29,0.507
404.49,172,19.38,0.415
404.66,172,19.38,0.772
404.82,176,19.38,0.449
404.99,178,19.21,0.382
405.15,180,19.29,0.43
405.32,179,19.38,0.783
405.48,182,19.55,0.191
405.65,182,19.47,0.533
405.81,182,19.21,0.213
405.98,182,18.95,0.39
406.14,180,18.86,0.482
406.31,182,18.69,0.294
406.48,180,18.6,0.29
406.64,180,18.6,0.382
406.81,181,18.77,0.39
406.97,180,18.86,0.176
407.14,178,18.86,0.026
407.3,177,18.86,0.357
407.47,177,18.95,0.331
407.8,173,19.21,0.353
407.96,172,19.29,0.184
408.13,171,19.38,0.246
408.29,170,19.55,0.68
408.46,171,19.64,0.456
408.79,174,19.81,0.438
408.95,177,19.99,0.743
409.12,178,19.99,0.386
409.28,179,19.9,0.287
409.45,178,19.73,0.132
409.78,178,19.12,0.456
409.95,182,18.77,0.353
410.11,182,18.6,0.507
410.28,188,18.51,0.478
410.44,189,18.51,0.382
410.61,190,18.69,0.371
410.77,190,18.69,0.801
410.94,192,18.69,0.533
411.1,194,18.6,0.272
411.27,192,18.51,0.353
411.43,190,18.51,0.581
411.6,189,18.51,0.57
411.76,188,18.43,0.257
411.93,188,18.34,0.375
412.1,188,18.26,0.438
412.26,188,18.34,0.25
412.43,189,18.51,0.893
412.59,189,18.77,0.335
412.76,188,18.86,0.735
412.92,189,19.12,0.408
413.09,189,19.12,0.739
413.25,190,19.03,0.599
413.42,190,18.95,0.658
413.58,190,18.86,0.544
413.75,190,18.86,0.169
413.91,188,18.77,0.228
414.08,187,18.77,0.669
414.24,186,18.69,0.415
414.41,187,18.69,0.559
414.57,188,18.77,0.243
414.74,188,18.95,0.338
414.91,186,19.12,0.489
415.07,185,19.29,0.562
415.24,186,19.21,0.507
415.4,185,19.21,0.327
415.57,185,19.12,0.393
415.73,184,19.12,0.401
415.9,183,19.12,0.29
416.06,183,19.12,0.445
416.23,182,19.12,0.489
416.39,183,19.21,0.702
416.56,187,19.12,0.221
416.72,186,19.21,0.338
416.89,186,19.21,0.574
417.05,186,19.21,0.368
417.22,187,19.21,0.338
417.38,187,19.03,0.312
417.55,185,19.03,0.779
417.72,186,18.95,0.544
417.88,185,18.86,0.32
418.05,188,18.86,0.515
418.21,188,18.86,0.463
418.38,187,18.95,0.136
418.54,185,19.03,0.618
418.71,184,19.03,0.434
418.87,183,19.03,0.324
419.04,182,18.95,0.25
419.2,182,19.03,0.846
419.37,182,19.12,0.254
419.53,182,19.21,0.61
419.7,183,19.29,0.438
419.86,182,19.29,0.493
420.03,184,19.38,0.643
420.19,182,19.29,0.776
420.36,184,19.29,0.382
420.52,183,19.12,0.29
420.69,181,19.03,0.629
420.86,181,18.95,0.46
421.02,182,18.77,0.625
421.19,182,18.69,0.382
421.35,182,18.6,0.346
421.52,183,18.77,0.375
421.68,183,18.77,0.39
421.85,183,18.95,0.654
422.01,183,18.95,0.559
422.18,182,18.95,0.467
422.34,185,18.86,0.331
422.67,182,18.86,0.75
422.84,184,18.86,0.379
423.0,182,18.86,0.393
423.17,183,18.86,0.695
423.33,185,18.86,0.812
423.5,186,18.86,0.504
423.66,185,18.86,0.46
423.83,185,18.86,0.838
423.99,186,18.77,0.673
424.16,186,18.77,0.364
424.32,186,18.69,0.68
424.49,185,18.6,0.57
424.66,187,18.69,0.279
424.82,189,18.77,0.401
424.99,189,18.86,0.522
425.15,190,18.95,0.518
425.32,189,19.12,0.316
425.48,189,19.12,0.618
425.65,189,19.03,0.673
425.98,191,18.86,0.438
426.14,192,18.95,0.393
426.47,190,18.86,0.467
426.64,190,18.69,0.46
426.8,190,18.51,0.217
426.97,188,18.43,0.298
427.13,188,18.43,0.717
427.3,189,18.6,0.331
427.46,187,18.77,0.349
427.63,186,18.77,0.397
427.79,184,18.95,0.173
427.96,182,19.03,0.331
428.13,183,19.12,0.423
428.29,181,19.21,0.099
428.46,179,19.29,0.64
428.62,179,19.38,0.408
428.79,178,19.47,0.143
428.95,177,19.55,0.206
429.12,176,19.55,0.103
429.28,174,19.64,0.327
429.45,174,19.81,0.441
429.61,178,19.81,0.699
429.78,179,19.73,0.467
429.94,184,19.73,0.574
430.11,189,19.81,0.551
430.27,189,19.73,0.268
430.44,187,19.47,0.526
430.6,185,19.29,0.349
430.77,184,19.03,0.812
431.1,183,18.43,0.287
431.26,182,18.43,0.445
431.59,184,18.6,0.39
431.76,184,18.86,0.68
431.93,184,18.95,0.386
432.09,182,18.95,0.246
432.26,180,18.0,0.467
432.42,179,19.03,0.647
432.59,178,19.03,0.43
432.75,173,19.12,0.338
432.92,178,19.21,0.438
433.08,177,19.21,0.537
433.25,177,19.38,0.526
433.41,177,19.47,0.415
433.58,178,19.55,0.349
433.74,182,19.38,0.754
433.91,184,19.47,0.379
434.07,182,19.38,0.342
434.24,181,19.38,0.327
434.41,180,19.29,0.438
434.57,178,19.21,0.691
434.74,180,18.95,0.551
434.9,178,18.86,0.618
435.07,178,18.95,0.438
435.23,178,19.03,0.287
435.4,178,19.21,0.415
435.56,179,19.21,0.235
435.73,178,19.12,0.257
435.89,178,19.12,0.048
436.22,177,19.12,0.309
436.39,176,19.03,0.54
436.55,176,18.95,0.581
436.72,176,19.03,0.364
436.88,177,19.03,0.886
437.05,179,19.03,0.629
437.21,178,18.95,0.757
437.38,178,18.95,0.382
437.71,179,18.86,0.426
437.88,180,18.77,0.636
438.04,179,18.86,0.654
438.21,180,18.77,0.621
438.37,180,18.86,0.305
438.54,179,18.77,0.772
438.7,178,18.77,0.375
438.87,179,18.6,0.566
439.03,179,18.6,0.665
439.36,178,18.69,0.368
439.53,177,18.69,0.338
439.69,177,18.86,0.408
439.86,176,18.86,0.493
440.02,176,18.95,0.169
440.19,173,18.95,0.415
440.52,173,19.03,0.61
440.69,174,19.21,0.364
440.85,173,19.21,0.562
441.02,174,19.29,0.353
441.18,174,19.55,0.886
441.35,175,19.47,0.449
441.51,176,19.47,0.676
441.68,174,19.29,0.548
441.84,175,19.12,0.596
442.01,175,19.03,0.114
442.17,174,18.86,0.287
442.34,173,18.77,0.338
442.5,173,18.77,0.335
442.67,172,18.77,0.125
442.83,171,18.77,0.287
443.0,169,18.95,0.379
443.33,170,19.12,0.434
443.5,170,19.29,0.276
443.66,169,19.38,0.298
443.83,167,19.47,0.585
443.99,168,19.55,0.493
444.16,169,19.55,0.18
444.32,168,19.55,0.463
444.49,168,19.55,0.533
444.65,171,19.55,0.482
444.82,170,19.55,0.206
444.98,169,19.55,0.386
445.15,170,19.38,0.379
445.31,168,19.21,0.485
445.48,170,19.12,0.485
445.64,169,19.12,0.511
445.81,168,19.12,0.393
445.97,168,19.12,0.559
446.3,169,19.21,0.36
446.47,170,19.12,0.346
446.64,171,19.21,0.857
446.8,175,19.21,0.29
446.97,176,19.21,0.651
447.13,176,19.12,0.206
447.3,174,19.12,0.548
447.46,173,18.86,0.805
447.63,175,18.77,0.386
447.79,174,18.51,0.647
447.96,173,18.43,0.467
448.12,172,18.51,0.768
448.29,173,18.51,0.415
448.45,173,18.6,0.482
448.62,172,18.77,0.555
448.78,174,18.95,0.301
448.95,174,19.03,0.592
449.11,173,19.03,0.195
449.28,172,19.03,0.441
449.45,170,19.12,0.423
449.61,169,19.12,0.577
449.78,169,19.12,0.507
449.94,168,19.12,0.504
450.11,169,19.12,0.206
450.27,168,19.29,0.235
450.44,168,19.47,0.695
450.6,168,19.47,0.382
450.77,166,19.47,0.29
451.1,166,19.47,0.379
451.26,165,19.55,0.621
451.43,165,19.55,0.412
451.59,164,19.55,0.408
451.76,163,19.47,0.496
451.92,163,19.47,0.496
452.09,161,19.47,0.235
452.25,161,19.55,0.055
452.42,160,19.64,0.382
452.59,159,19.73,0.221
452.75,160,19.73,0.706
452.92,160,19.73,0.202
453.08,160,19.81,0.801
453.25,161,19.81,0.412
453.41,160,19.9,0.228
453.58,159,19.81,0.39
453.74,159,19.64,0.404
453.91,158,19.64,0.254
454.07,159,19.55,0.232
454.24,159,19.55,0.243
454.4,158,19.64,0.474
454.57,158,19.73,0.338
454.73,157,19.64,0.449
454.9,156,19.55,0.324
455.06,156,19.47,0.474
455.23,156,19.38,0.265
455.39,155,19.38,0.537
455.72,156,19.38,0.305
455.89,156,19.38,0.32
456.05,154,19.47,0.21
456.22,153,19.47,0.441
456.39,153,19.47,0.474
456.55,153,19.47,0.18
456.72,152,19.38,0.349
456.88,151,19.47,0.699
457.05,151,19.47,0.43
457.21,152,19.64,0.368
457.38,154,19.64,0.515
457.54,153,19.64,0.092
457.87,153,19.55,0.489
458.04,151,19.55,0.335
458.2,151,19.47,0.625
458.37,152,19.29,0.599
458.53,152,19.38,0.412
458.7,154,19.29,0.478
458.86,153,19.38,0.39
459.2,154,19.38,0.592
459.36,153,19.29,0.118
459.53,152,19.21,0.316
459.69,151,19.12,0.438
459.86,152,19.12,0.335
460.02,150,19.12,0.555
460.19,150,19.21,0.331
460.35,150,19.29,0.438
460.52,150,19.38,0.57
460.68,150,19.55,0.36
460.85,149,19.55,0.544
461.18,148,19.55,0.243
461.34,149,19.47,0.445
461.51,147,19.47,0.331
461.67,146,19.55,0.397
461.84,147,19.55,0.382
462.0,146,19.47,0.886
462.17,147,19.47,0.301
462.34,145,19.38,0.287
462.5,144,19.38,0.603
462.67,145,19.55,0.202
462.83,144,19.55,0.364
463.0,144,19.55,0.54
463.16,144,19.64,0.555
463.33,144,19.73,0.36
463.49,144,19.64,0.393
463.66,143,19.64,0.279
463.82,143,19.64,0.331
464.15,142,19.55,0.324
464.32,142,19.55,0.232
464.48,142,19.55,0.316
464.65,140,19.47,0.46
464.81,141,19.55,0.599
464.98,141,19.55,0.482
465.15,141,19.55,0.364
465.31,140,19.73,0.239
465.48,140,19.73,0.154
465.64,139,19.73,0.39
465.81,139,19.81,0.316
465.97,138,19.73,0.393
466.14,137,19.81,0.397
466.3,137,19.81,0.401
466.47,136,19.81,0.331
466.63,136,19.9,0.294
466.8,136,19.9,0.342
466.96,135,19.99,0.217
467.13,135,19.99,0.217
467.29,133,20.07,0.386
467.46,133,20.07,0.489
467.62,133,19.99,0.232
467.79,132,19.99,0.272
467.95,131,19.99,0.438
468.12,131,20.07,0.191
468.29,130,20.07,0.096
468.45,129,20.07,0.21
468.62,128,20.07,0.195
468.78,128,20.16,0.232
468.95,127,20.16,0.257
469.11,126,20.16,0.195
469.28,125,20.16,0.279
469.44,125,20.24,0.346
469.61,124,20.24,0.176
469.77,124,20.24,0.265
469.94,124,20.24,0.32
470.1,124,20.33,0.346
470.27,124,20.24,0.25
470.43,122,20.24,0.14
470.6,122,20.07,0.261
470.76,122,20.16,0.165
470.93,120,20.07,0.342
471.09,120,20.07,0.232
471.26,120,20.07,0.176
471.42,118,20.16,0.257
471.59,118,20.16,0.346
471.75,118,20.16,0.452
471.92,118,20.24,0.36
472.09,118,20.16,0.158
472.25,118,20.24,0.261
472.42,118,20.24,0.239
472.58,118,20.24,0.202
472.75,117,20.24,0.327
472.91,116,20.24,0.202
473.08,115,20.07,0.261
473.24,114,20.07,0.199
473.41,113,20.16,0.243
473.57,113,20.16,0.136
473.74,112,20.16,0.25
473.9,112,20.16,0.368
474.07,112,20.24,0.235
474.23,112,20.33,0.529
474.4,112,20.33,0.393
474.73,111,20.33,0.331
474.89,111,20.24,0.25
475.06,110,20.24,0.195
475.22,110,20.33,0.246
475.39,110,20.24,0.298
475.56,109,20.24,0.25
475.72,109,20.24,0.305
475.89,109,20.16,0.147
476.05,108,20.24,0.272
476.22,108,20.24,0.14
476.38,107,20.33,0.324
476.55,107,20.24,0.206
476.71,107,20.33,0.121
477.04,106,20.33,0.316
477.21,106,20.33,0.107
477.37,105,20.42,0.051
477.54,104,20.42,0.195
477.7,104,20.33,0.312
477.87,103,20.42,0.14
478.03,103,20.42,0.085
478.2,102,20.33,0.136
478.36,102,20.42,0.062
478.53,101,20.42,0.283
478.69,101,20.42,0.191
478.86,100,20.42,0.243
479.02,101,20.5,0.213
479.19,100,20.59,0.195
479.36,100,20.59,0.081
479.52,100,20.59,0.037
479.69,99,20.5,0.04
480.02,98,20.42,0.191
480.18,97,20.42,0.199
480.35,97,20.33,0.165
480.51,96,20.33,0.088
480.68,96,20.42,0.04
480.84,96,20.5,0.029
481.01,95,20.59,0.026
481.17,94,20.59,0.103
481.34,86,20.5,0.055
481.5,94,20.42,0.004
481.67,93,20.5,0.029
481.83,92,20.68,0.0
482.0,92,20.59,0.048
482.16,92,20.76,0.059
482.33,91,20.68,0.199
482.49,90,20.76,0.088
482.66,90,20.76,0.125
482.83,90,20.76,0.07
483.16,89,20.85,0.169
483.32,88,20.85,0.147
483.49,88,20.76,0.132
483.65,88,20.68,0.165
483.82,87,20.68,0.055
483.98,87,20.68,0.261
484.15,86,20.68,0.213
484.31,86,20.68,0.21
484.48,86,20.68,0.162
484.64,86,20.59,0.118
484.81,85,20.68,0.25
484.97,86,20.68,0.279
485.14,85,20.68,0.162
485.3,85,20.59,0.066
485.47,85,20.59,0.081
485.63,84,20.59,0.055
485.8,84,20.59,0.033
485.96,83,20.59,0.147
486.13,83,20.5,0.136
486.3,84,20.5,0.085
486.46,83,20.5,0.092
486.63,81,20.5,0.103
486.79,82,20.5,0.206
486.96,81,20.68,0.246
487.29,82,20.59,0.25
487.45,81,20.5,0.18
487.62,81,20.59,0.202
487.78,80,20.59,0.143
487.95,80,20.68,0.254
488.11,80,20.59,0.147
488.28,80,20.59,0.154
488.44,80,20.59,0.235
488.61,80,20.5,0.125
488.77,79,20.59,0.121
488.94,79,20.5,0.213
489.1,80,20.5,0.272
489.27,79,20.5,0.085
489.43,79,20.59,0.235
489.6,79,20.59,0.213
489.77,79,20.5,0.158
490.1,79,20.5,0.213
490.26,79,20.5,0.173
490.43,79,20.5,0.25
490.59,78,20.59,0.265
490.76,78,20.5,0.184
490.92,78,20.59,0.132
491.09,78,20.5,0.04
491.25,78,20.5,0.118
491.42,79,20.59,0.21
491.58,78,20.59,0.287
492.41,71,20.16,0.132
492.57,70,20.5,0.265
492.74,67,20.5,0.331
492.9,71,20.59,0.25
493.07,77,20.42,0.125
493.23,77,20.5,0.048
493.4,76,20.59,0.088
493.56,77,20.59,0.136
493.73,76,20.59,0.228
493.9,76,20.5,0.103
494.06,76,20.5,0.235
494.23,76,20.5,0.246
494.56,77,20.59,0.074
494.72,76,20.59,0.059
494.89,76,20.59,0.176
495.05,72,20.59,0.176
495.22,75,20.59,0.11
495.38,75,20.59,0.14
495.55,75,20.59,0.217
495.71,74,20.5,0.232
495.88,75,20.59,0.092
496.04,74,20.59,0.103
496.21,74,20.68,0.257
496.37,74,20.68,0.305
496.54,74,20.68,0.243
496.7,74,20.76,0.092
496.87,74,20.76,0.228
497.03,74,20.68,0.246
497.2,74,20.76,0.136
497.53,73,20.68,0.077
497.86,73,20.59,0.055
498.03,72,20.68,0.026
498.19,72,20.68,0.048
498.36,71,20.68,0.026
498.52,72,20.68,0.055
498.69,71,20.76,0.044
498.85,70,20.76,0.147
499.02,70,20.76,0.125
499.18,70,20.85,0.092
499.35,69,20.94,0.14
499.51,70,20.94,0.125
499.68,69,20.85,0.096
499.84,69,20.94,0.151
500.01,69,20.94,0.077
500.17,68,20.94,0.044
500.34,68,20.85,0.04
500.5,68,20.94,0.033
500.67,67,20.94,0.033
500.83,67,20.85,0.044
501.0,67,20.94,0.074
501.17,66,20.85,0.077
501.33,67,20.85,0.015
501.5,64,20.85,0.044
501.66,66,20.94,0.085
501.99,65,20.94,0.051
502.16,65,20.94,0.037
502.32,65,20.85,0.029
502.49,64,20.85,0.04
502.65,64,20.94,0.004
502.98,64,20.94,0.026
503.15,64,20.94,0.044
503.31,63,20.94,0.029
503.48,62,20.94,0.033
503.64,63,20.85,0.029
503.81,62,21.02,0.051
503.97,62,21.02,0.044
504.14,62,20.94,0.026
504.3,61,20.94,0.026
504.63,61,21.02,0.04
504.8,60,21.02,0.018
504.97,60,21.02,0.037
505.13,60,20.94,0.029
505.3,59,20.94,0.033
505.46,60,20.94,0.015
505.63,59,21.02,0.022
505.79,59,20.94,0.033
505.96,59,20.94,0.04
506.12,58,21.02,0.029
506.29,58,20.94,0.022
506.45,58,20.94,0.037
506.62,58,21.02,0.029
506.78,58,21.02,0.022
506.95,58,21.02,0.029
507.11,57,21.02,0.007
507.28,58,21.02,0.033
507.44,57,20.94,0.022
507.61,56,20.94,0.04
507.94,56,21.02,0.026
508.11,56,20.94,0.015
508.27,56,21.02,0.011
508.44,56,21.02,0.018
508.6,56,20.94,0.007
508.77,56,21.02,0.029
508.93,55,21.02,0.007
509.1,55,21.11,0.029
509.26,55,20.94,0.007
509.43,55,21.02,0.026
509.59,55,21.11,0.018
509.76,54,20.94,0.018
509.92,54,21.02,0.018
510.09,54,21.02,0.007
510.25,54,21.02,0.029
510.42,54,21.11,0.011
510.58,54,21.11,0.029
510.75,53,21.02,0.015
510.91,54,21.02,0.026
511.08,53,21.11,0.004
511.25,53,21.02,0.029
511.41,53,21.02,0.026
511.58,53,21.02,0.007
511.74,52,21.02,0.015
511.91,53,21.02,0.004
512.07,52,21.02,0.026
512.24,52,21.02,0.007
512.4,52,21.02,0.015
512.57,52,21.02,0.026
512.73,52,21.02,0.026
512.9,52,21.02,0.022
513.06,52,21.02,0.015
513.23,52,21.02,0.018
513.39,52,21.02,0.004
513.56,51,21.02,0.022
513.72,52,21.11,0.004
513.89,51,20.94,0.026
514.05,52,21.02,0.015
514.22,51,21.02,0.015
514.39,51,21.02,0.022
514.55,51,21.11,0.011
514.72,51,21.11,0.037
514.88,50,20.94,0.022
515.05,50,21.02,0.037
515.21,50,21.02,0.022
515.38,50,21.11,0.059
515.54,50,21.02,0.033
515.71,50,21.02,0.026
515.87,50,21.02,0.018
516.04,50,21.11,0.04
516.2,50,21.02,0.048
516.37,50,21.02,0.051
516.53,50,21.02,0.04
516.7,49,21.02,0.044
516.86,50,21.11,0.055
517.03,50,21.11,0.051
517.19,49,21.02,0.048
517.36,50,21.02,0.051
517.53,49,21.11,0.081
517.69,49,21.02,0.015
517.86,49,21.02,0.04
518.02,49,21.02,0.018
518.19,49,21.11,0.037
518.35,49,21.02,0.026
518.52,48,21.11,0.033
518.68,48,21.02,0.022
518.85,48,21.11,0.022
519.01,48,21.02,0.015
519.18,48,21.02,0.029
519.34,48,21.11,0.055
519.51,48,21.02,0.033
519.67,48,21.02,0.048
519.84,48,21.02,0.029
520.0,48,21.02,0.026
520.17,48,21.11,0.015
520.66,47,21.11,0.074
520.83,47,21.02,0.048
520.99,48,21.02,0.022
521.16,47,21.11,0.04
521.33,47,21.11,0.074
521.49,48,21.02,0.059
521.66,47,21.11,0.029
521.82,47,21.02,0.029
521.99,47,21.11,0.026
522.15,46,20.94,0.022
522.32,47,21.02,0.015
522.48,47,21.11,0.015
522.65,46,21.02,0.018
522.81,47,21.02,0.015
522.98,47,21.11,0.018
523.14,46,21.11,0.007
523.47,46,21.11,0.022
523.97,46,21.11,0.018
524.13,46,21.02,0.029
524.3,46,21.11,0.011
524.46,46,21.02,0.033
524.8,46,21.02,0.018
524.96,46,21.11,0.015
525.13,46,21.11,0.033
525.29,45,21.02,0.011
525.46,45,21.11,0.018
525.62,45,21.02,0.037
525.79,45,21.02,0.077
525.95,45,21.02,0.051
526.12,45,21.11,0.055
526.28,45,21.11,0.051
526.45,45,21.11,0.033
526.61,44,21.02,0.051
526.78,44,21.02,0.011
526.94,45,21.11,0.048
527.11,44,21.02,0.051
527.27,44,21.11,0.059
527.44,44,21.02,0.033
527.77,44,21.02,0.018
527.93,44,21.02,0.062
528.1,44,21.02,0.044
528.43,44,21.02,0.04
528.6,44,21.11,0.018
528.76,44,21.02,0.04
528.93,44,21.11,0.029
529.09,44,21.02,0.044
529.26,44,21.11,0.074
529.42,43,21.02,0.085
529.59,44,21.11,0.048
529.75,44,21.11,0.044
529.92,43,21.02,0.037
530.08,44,21.02,0.011
530.25,43,21.02,0.026
530.58,43,21.02,0.015
530.74,43,21.02,0.004
530.91,43,21.02,0.029
531.07,43,21.02,0.0
531.4,43,21.11,0.004
