0.07,24,20.94,0.048
0.23,25,21.11,0.074
0.4,24,21.02,0.051
0.56,24,21.11,0.055
0.73,24,21.02,0.066
0.89,25,21.11,0.059
1.06,24,21.02,0.062
1.22,25,21.02,0.055
1.39,24,21.02,0.066
1.55,23,21.11,0.051
1.72,25,21.02,0.066
1.88,24,21.11,0.048
2.05,24,21.02,0.07
2.21,24,21.02,0.037
2.38,24,21.11,0.07
2.54,24,21.02,0.029
2.71,25,21.02,0.077
2.88,24,21.11,0.033
3.04,24,21.02,0.077
3.21,25,21.02,0.029
3.37,24,21.11,0.077
3.54,25,21.11,0.033
3.7,24,21.11,0.081
3.87,24,21.02,0.033
4.03,25,21.11,0.081
4.2,24,21.02,0.044
4.36,24,21.02,0.081
4.53,24,21.11,0.048
4.69,24,21.02,0.07
4.86,24,21.02,0.048
5.02,25,21.11,0.07
5.19,23,21.11,0.048
5.35,24,21.11,0.066
5.52,24,21.02,0.062
5.69,24,21.11,0.037
5.85,24,21.02,0.066
6.02,24,21.11,0.033
6.18,24,21.11,0.07
6.35,24,21.11,0.037
6.51,24,21.11,0.066
6.68,23,21.11,0.033
6.84,24,21.02,0.085
7.01,24,21.02,0.04
7.17,24,21.11,0.081
7.34,24,21.11,0.04
7.5,24,21.11,0.07
7.67,23,21.02,0.037
7.83,24,21.02,0.074
8.0,24,21.02,0.04
8.17,24,21.11,0.077
8.33,24,21.02,0.026
8.5,24,21.02,0.07
8.66,24,21.02,0.04
8.83,24,21.02,0.07
8.99,24,21.02,0.029
9.16,24,21.11,0.077
9.32,24,21.11,0.029
9.49,24,21.11,0.081
9.65,24,21.02,0.04
9.82,24,21.11,0.066
9.98,24,21.02,0.04
10.15,24,21.11,0.081
10.31,24,21.02,0.029
10.48,24,21.11,0.055
10.65,24,21.11,0.051
10.81,24,21.11,0.055
10.98,19,21.02,0.055
11.14,22,21.11,0.044
11.31,24,21.02,0.055
11.47,24,21.02,0.033
11.64,24,21.11,0.059
11.8,24,21.11,0.033
11.97,24,21.11,0.085
12.13,24,21.02,0.026
12.3,24,21.11,0.07
12.46,24,21.11,0.033
12.63,24,21.02,0.07
12.79,24,21.11,0.037
12.96,24,21.11,0.062
13.13,24,21.11,0.059
13.29,24,21.02,0.044
13.46,24,21.11,0.074
13.62,24,21.11,0.044
13.79,24,21.02,0.085
13.95,24,21.11,0.04
14.12,24,21.11,0.081
14.28,24,21.11,0.037
14.45,24,21.11,0.077
14.61,24,21.11,0.026
14.78,24,21.11,0.062
14.94,24,21.11,0.044
15.11,24,21.11,0.059
15.27,24,21.11,0.037
15.44,24,21.11,0.051
15.61,24,21.11,0.04
15.77,24,21.11,0.033
15.94,24,21.11,0.048
16.1,24,21.11,0.04
16.27,24,21.02,0.048
16.43,24,21.02,0.04
16.6,24,21.11,0.037
16.76,24,21.11,0.04
16.93,24,21.11,0.037
17.09,24,21.02,0.037
17.26,24,21.11,0.033
17.42,24,21.11,0.055
17.59,24,21.11,0.048
17.75,24,21.11,0.051
17.92,24,21.11,0.037
18.09,24,21.11,0.096
18.25,24,21.11,0.0
18.42,24,21.02,0.07
18.58,24,21.11,0.015
18.75,24,21.11,0.107
18.91,24,21.11,0.026
19.08,24,21.02,0.033
19.24,24,21.11,0.059
19.41,24,21.11,0.018
19.57,24,21.11,0.092
19.74,24,21.11,0.022
19.9,23,21.02,0.048
20.07,24,21.11,0.022
20.23,24,21.11,0.044
20.4,24,21.11,0.066
20.57,24,21.11,0.018
20.73,24,21.02,0.066
20.9,24,21.11,0.029
21.06,24,21.11,0.059
21.23,24,21.11,0.044
21.39,24,21.11,0.059
21.56,24,21.11,0.055
21.72,24,21.11,0.029
21.89,24,21.11,0.062
22.05,24,21.11,0.037
22.22,24,21.2,0.037
22.38,24,21.2,0.033
22.55,24,21.2,0.051
22.88,24,21.2,0.022
23.04,24,21.2,0.044
23.21,24,21.2,0.07
23.37,24,21.2,0.033
23.54,24,21.2,0.029
23.71,24,21.2,0.062
23.87,24,21.2,0.022
24.04,24,21.2,0.077
24.2,24,21.2,0.037
24.37,24,21.2,0.074
24.53,24,21.2,0.04
24.7,24,21.28,0.055
24.86,24,21.2,0.062
25.03,24,21.2,0.048
25.19,24,21.2,0.085
25.36,24,21.2,0.037
25.52,24,21.2,0.074
25.69,24,21.28,0.033
25.85,23,21.2,0.088
26.02,24,21.2,0.026
26.18,24,21.2,0.07
26.35,24,21.2,0.029
26.51,24,21.2,0.07
26.84,24,21.2,0.085
27.01,24,21.28,0.048
27.34,24,21.2,0.048
27.51,24,21.2,0.077
27.67,24,21.2,0.04
27.84,24,21.2,0.081
28.0,24,21.28,0.037
28.17,24,21.2,0.081
28.33,24,21.2,0.037
28.5,24,21.2,0.092
28.66,24,21.2,0.04
28.83,24,21.2,0.099
28.99,24,21.2,0.077
29.16,22,21.28,0.033
29.32,24,21.2,0.026
29.49,24,21.2,0.04
29.65,24,21.28,0.033
29.82,24,21.2,0.074
29.98,24,21.2,0.04
30.15,24,21.28,0.048
30.32,22,21.2,0.055
30.48,24,21.2,0.04
30.65,24,21.2,0.07
30.81,24,21.2,0.04
30.98,24,21.2,0.062
31.14,24,21.2,0.055
31.31,24,21.2,0.077
31.47,24,21.2,0.055
31.64,24,21.2,0.074
31.8,23,21.2,0.029
31.97,24,21.2,0.066
32.13,24,21.28,0.029
32.3,24,21.2,0.051
32.46,24,21.28,0.074
32.63,24,21.2,0.059
32.79,24,21.2,0.048
32.96,24,21.2,0.048
33.12,24,21.2,0.04
33.29,24,21.2,0.051
33.46,24,21.2,0.051
33.62,24,21.2,0.059
33.79,24,21.2,0.026
33.95,24,21.2,0.055
34.12,24,21.2,0.04
34.28,24,21.2,0.04
34.45,24,21.2,0.029
34.61,24,21.2,0.055
34.78,24,21.2,0.029
34.94,24,21.2,0.048
35.11,24,21.2,0.04
35.27,24,21.2,0.077
35.44,21,21.2,0.04
35.6,24,21.2,0.029
35.77,24,21.2,0.04
35.94,24,21.28,0.077
36.1,24,21.2,0.007
36.27,24,21.2,0.088
36.43,23,21.28,0.026
36.6,24,21.28,0.07
36.76,24,21.28,0.037
36.93,24,21.28,0.074
37.09,24,21.2,0.051
37.26,24,21.2,0.062
37.42,24,21.28,0.048
37.59,24,21.28,0.07
37.75,24,21.2,0.048
37.92,24,21.28,0.07
38.08,24,21.28,0.051
38.41,24,21.28,0.059
38.58,24,21.2,0.074
38.74,24,21.2,0.051
38.91,24,21.2,0.044
39.07,24,21.2,0.062
39.24,24,21.2,0.026
39.4,24,21.28,0.074
39.57,24,21.2,0.029
39.74,24,21.28,0.055
39.9,22,21.2,0.018
40.07,24,21.2,0.066
40.23,24,21.2,0.029
40.4,24,21.28,0.07
40.56,24,21.2,0.037
40.73,24,21.2,0.055
40.89,24,21.28,0.044
41.06,24,21.28,0.055
41.22,24,21.2,0.055
41.39,24,21.2,0.051
41.55,24,21.28,0.055
41.72,24,21.28,0.044
41.88,23,21.2,0.066
42.05,24,21.2,0.029
42.22,24,21.2,0.07
42.38,24,21.2,0.018
42.55,24,21.28,0.074
42.71,24,21.2,0.022
42.88,24,21.2,0.055
43.04,24,21.28,0.033
43.21,24,21.2,0.07
43.37,24,21.28,0.048
43.54,23,21.2,0.081
43.7,24,21.28,0.011
43.87,24,21.2,0.066
44.03,24,21.28,0.022
44.2,24,21.2,0.062
44.36,24,21.2,0.044
44.53,24,21.28,0.051
44.69,24,21.2,0.07
44.86,24,21.2,0.033
45.02,23,21.2,0.074
45.19,24,21.28,0.022
45.52,24,21.28,0.015
45.69,24,21.2,0.051
45.85,24,21.2,0.029
46.02,24,21.2,0.051
46.35,24,21.2,0.059
46.51,24,21.28,0.051
46.68,24,21.28,0.029
46.84,24,21.2,0.044
47.01,24,21.2,0.066
47.17,24,21.2,0.055
47.34,24,21.28,0.026
47.5,24,21.28,0.051
47.67,24,21.28,0.033
47.83,24,21.2,0.051
48.16,24,21.2,0.044
48.33,24,21.2,0.033
48.49,24,21.2,0.059
48.66,24,21.2,0.029
48.82,24,21.11,0.044
48.99,24,21.2,0.04
49.16,24,21.11,0.092
49.32,24,21.2,0.062
49.49,24,21.2,0.051
49.65,24,21.11,0.048
49.82,24,21.11,0.033
49.98,24,21.11,0.066
50.15,24,21.2,0.033
50.31,24,21.2,0.059
50.64,24,21.2,0.055
50.81,19,21.11,0.033
50.97,21,19.47,0.048
51.14,21,21.2,0.037
51.3,13,21.11,0.04
51.47,14,21.2,0.055
51.64,24,21.2,0.04
51.8,24,21.2,0.044
52.13,24,21.2,0.04
52.3,24,21.2,0.059
52.46,24,21.2,0.029
52.63,24,21.11,0.062
52.79,24,21.11,0.022
52.96,24,21.2,0.044
53.12,24,21.2,0.033
53.29,24,21.11,0.033
53.45,22,21.2,0.044
53.62,24,21.2,0.029
53.79,24,21.2,0.059
53.95,24,21.11,0.029
54.12,24,21.2,0.033
54.28,24,21.2,0.033
54.45,24,21.2,0.04
54.61,24,21.2,0.051
54.78,24,21.2,0.037
54.94,24,21.11,0.07
55.11,24,21.2,0.022
55.27,24,21.2,0.062
55.44,24,21.11,0.033
55.6,24,21.11,0.04
55.77,24,21.2,0.044
55.93,24,21.2,0.074
56.1,24,21.2,0.007
56.26,24,21.2,0.037
56.43,24,21.11,0.066
56.59,24,21.2,0.026
56.76,24,21.2,0.022
56.93,24,21.11,0.059
57.09,24,21.2,0.048
57.26,24,21.2,0.04
57.42,24,21.11,0.07
57.59,24,21.11,0.029
57.75,24,21.2,0.055
57.92,24,21.2,0.022
58.41,24,21.2,0.026
58.58,24,21.2,0.051
58.75,24,21.2,0.022
58.91,24,21.2,0.059
59.08,22,21.2,0.037
59.24,24,21.2,0.062
59.41,24,21.2,0.066
59.57,24,21.11,0.033
59.74,24,21.2,0.077
59.9,24,21.11,0.022
60.07,24,21.2,0.055
60.23,24,21.2,0.044
60.4,24,21.2,0.044
60.56,24,21.11,0.059
60.73,24,21.11,0.026
60.89,24,21.11,0.062
61.06,24,21.02,0.022
61.22,24,21.02,0.051
61.39,24,21.02,0.051
61.55,24,21.02,0.04
61.72,24,21.02,0.044
61.89,24,20.94,0.033
62.05,24,20.85,0.048
62.22,24,20.85,0.066
62.38,24,20.85,0.026
62.55,22,20.85,0.055
62.72,24,20.85,0.048
62.88,24,20.85,0.066
63.05,24,20.85,0.04
63.21,24,20.85,0.037
63.38,24,20.85,0.044
63.54,24,20.85,0.037
63.71,24,20.85,0.059
63.87,24,20.85,0.029
64.04,24,20.85,0.059
64.2,24,20.85,0.04
64.37,24,20.85,0.044
64.53,24,20.85,0.022
64.7,24,20.85,0.074
64.86,24,20.85,0.029
65.03,24,20.85,0.07
65.19,24,20.85,0.007
65.36,24,20.85,0.059
65.52,24,20.85,0.015
65.69,24,20.85,0.026
65.86,24,20.85,0.037
66.02,24,20.85,0.048
66.19,18,20.85,0.051
66.35,24,20.85,0.062
66.52,24,20.85,0.037
66.68,24,20.85,0.033
66.85,24,20.94,0.062
67.02,24,20.85,0.062
67.18,24,20.85,0.029
67.35,24,20.85,0.015
67.51,24,20.85,0.081
67.68,24,20.85,0.026
67.84,23,20.85,0.066
68.01,24,20.85,0.022
68.17,24,20.85,0.062
68.34,24,20.85,0.048
68.5,24,20.85,0.029
68.67,24,20.85,0.081
68.83,24,20.85,0.026
69.0,24,20.85,0.055
69.16,24,20.85,0.048
69.33,24,20.85,0.026
69.49,24,20.85,0.055
69.66,24,20.85,0.037
69.83,24,20.85,0.059
69.99,24,20.85,0.051
70.16,24,20.85,0.037
70.32,24,20.85,0.062
70.49,24,20.85,0.04
70.65,24,20.85,0.037
70.82,24,20.85,0.055
70.98,24,20.85,0.037
71.15,24,20.85,0.059
71.31,24,20.76,0.026
71.48,24,20.76,0.066
71.64,24,20.85,0.037
71.81,24,20.76,0.044
71.97,24,20.76,0.051
72.14,24,20.76,0.022
72.3,24,20.85,0.066
72.47,24,20.85,0.022
72.64,24,20.85,0.077
72.8,24,20.85,0.04
73.3,24,20.85,0.015
73.46,24,20.85,0.055
73.63,24,20.85,0.018
73.79,24,20.94,0.077
73.96,24,20.85,0.044
74.12,24,20.85,0.051
74.29,24,20.94,0.048
74.45,24,20.85,0.029
74.62,24,20.85,0.048
74.78,24,20.94,0.022
74.95,24,20.85,0.059
75.11,24,20.85,0.026
75.28,24,20.85,0.074
75.44,24,20.85,0.04
75.61,24,20.85,0.055
75.78,24,20.94,0.044
75.94,24,20.85,0.033
76.11,24,20.85,0.062
76.44,24,20.85,0.074
76.6,24,20.85,0.037
76.77,24,20.85,0.051
76.93,24,20.85,0.037
77.1,24,20.85,0.048
77.27,24,20.85,0.037
77.6,24,20.85,0.044
77.76,24,20.85,0.033
77.93,24,20.85,0.059
78.09,24,20.85,0.018
78.26,24,20.85,0.062
78.42,24,20.94,0.048
78.59,24,20.85,0.044
78.75,24,20.94,0.055
78.92,24,20.85,0.037
79.09,24,20.94,0.059
79.25,24,20.94,0.037
79.42,24,20.85,0.044
79.58,24,20.94,0.044
79.75,24,20.94,0.015
79.91,24,20.94,0.055
80.08,24,20.94,0.029
80.24,24,20.85,0.033
80.41,24,20.85,0.059
80.57,24,20.94,0.033
80.74,24,20.94,0.051
80.9,24,20.94,0.029
81.07,24,20.94,0.062
81.23,24,20.94,0.051
81.4,24,20.94,0.022
81.57,24,20.85,0.048
81.73,24,20.94,0.048
81.9,22,20.94,0.051
82.06,24,20.94,0.022
82.23,24,20.94,0.048
82.4,24,20.94,0.033
82.56,24,20.94,0.044
82.73,24,20.94,0.037
82.89,24,20.94,0.066
83.06,24,20.94,0.051
83.22,24,20.94,0.033
83.39,24,20.94,0.04
83.55,24,20.94,0.051
83.72,24,20.85,0.04
83.88,24,20.94,0.029
84.05,24,20.94,0.062
84.21,24,20.94,0.059
84.38,24,20.94,0.055
84.54,24,20.94,0.029
84.71,24,20.94,0.059
84.88,24,20.85,0.055
85.04,24,20.94,0.048
85.21,24,20.94,0.037
85.37,24,20.94,0.055
85.54,24,20.94,0.044
85.7,24,20.94,0.051
85.87,24,20.94,0.033
86.03,24,20.94,0.044
86.2,24,20.85,0.044
86.36,24,20.94,0.051
86.53,24,20.94,0.037
86.69,24,20.85,0.059
86.86,24,20.94,0.044
87.02,24,20.94,0.055
87.19,24,20.94,0.029
87.36,24,20.94,0.062
87.52,24,20.85,0.029
87.69,24,20.85,0.048
87.85,24,20.94,0.044
88.02,24,20.94,0.048
88.18,24,20.94,0.04
88.35,24,20.94,0.044
88.51,24,20.94,0.044
88.68,24,20.94,0.055
88.85,24,20.94,0.033
89.01,24,20.94,0.048
89.18,24,20.94,0.037
89.34,24,20.94,0.037
89.51,24,20.94,0.04
89.67,24,20.85,0.048
89.84,24,20.94,0.029
90.0,24,20.94,0.051
90.17,24,20.94,0.048
90.33,24,20.94,0.037
90.5,24,20.94,0.051
90.66,24,20.94,0.04
90.83,24,20.94,0.04
91.0,24,20.94,0.051
91.16,24,20.94,0.037
91.33,24,20.94,0.04
91.49,24,20.94,0.048
91.66,24,20.94,0.051
91.82,24,20.94,0.037
91.99,24,20.94,0.051
92.15,24,20.94,0.051
92.32,24,20.94,0.055
92.48,24,20.94,0.022
92.65,24,20.94,0.051
92.82,24,20.94,0.044
92.98,24,20.94,0.062
93.15,24,21.02,0.044
93.31,24,21.02,0.044
93.48,24,20.94,0.055
93.65,24,20.94,0.029
93.81,24,20.94,0.037
93.98,24,20.94,0.051
94.14,24,20.94,0.026
94.31,21,20.94,0.033
94.47,24,20.94,0.066
94.64,24,21.02,0.037
94.8,23,20.94,0.04
94.97,24,20.94,0.059
95.13,24,20.94,0.033
95.3,24,20.94,0.04
95.46,24,20.94,0.051
95.79,24,20.94,0.044
95.96,24,20.94,0.059
96.12,24,20.94,0.037
96.29,24,21.02,0.044
96.46,24,20.94,0.055
96.62,24,21.02,0.022
96.79,24,21.02,0.07
96.95,24,20.94,0.04
97.12,24,21.02,0.037
97.28,24,21.02,0.062
97.45,24,20.94,0.04
97.61,24,20.94,0.04
97.78,24,21.02,0.037
97.95,22,21.02,0.026
98.11,24,21.02,0.062
98.28,24,20.94,0.037
98.44,24,20.94,0.029
98.61,24,20.94,0.059
98.77,21,20.94,0.044
98.94,24,21.02,0.026
99.1,24,21.02,0.062
99.27,24,21.02,0.033
99.43,24,20.94,0.037
99.6,24,21.02,0.066
99.76,24,20.94,0.029
99.93,24,21.02,0.048
100.1,24,20.94,0.066
100.26,24,21.02,0.011
100.43,24,21.02,0.066
100.59,24,21.02,0.059
100.76,24,21.02,0.026
100.92,24,21.02,0.074
101.09,24,20.94,0.04
101.25,24,21.02,0.04
101.42,24,21.02,0.066
101.58,24,21.02,0.033
101.75,24,20.94,0.059
101.91,24,21.02,0.051
102.08,24,20.94,0.022
102.24,24,21.02,0.066
102.41,24,21.02,0.033
102.58,24,21.02,0.04
102.74,24,21.02,0.074
102.91,24,21.02,0.055
103.07,24,20.94,0.048
103.24,24,20.94,0.04
103.4,24,20.94,0.037
103.57,24,20.94,0.029
103.74,24,20.94,0.044
103.9,24,21.02,0.044
104.07,24,21.02,0.059
104.23,24,21.02,0.055
104.4,24,20.94,0.051
104.56,24,20.94,0.055
104.73,24,21.02,0.037
104.89,24,21.02,0.04
105.06,24,20.94,0.055
105.22,24,21.02,0.048
105.39,24,21.02,0.029
105.55,24,21.02,0.029
105.72,24,20.94,0.048
105.88,24,21.02,0.051
106.05,24,21.02,0.04
106.22,24,21.02,0.029
106.38,24,21.02,0.04
106.55,24,21.02,0.055
106.71,24,21.02,0.055
106.88,24,20.94,0.04
107.04,24,20.94,0.04
107.21,24,21.02,0.066
107.37,24,21.02,0.059
107.54,24,21.02,0.037
107.7,24,21.11,0.026
107.87,24,21.02,0.07
108.04,24,21.11,0.026
108.2,24,21.02,0.048
108.37,24,21.11,0.062
108.53,24,21.02,0.037
108.7,24,21.02,0.04
108.86,24,21.11,0.055
109.03,24,21.02,0.074
109.19,24,21.11,0.033
109.52,24,21.11,0.026
109.69,24,21.02,0.037
109.85,24,21.11,0.077
110.02,24,21.02,0.04
110.19,24,21.11,0.015
110.35,24,20.94,0.029
110.52,24,21.02,0.029
110.68,24,21.11,0.029
110.85,17,19.29,0.018
111.01,24,21.02,0.037
111.18,24,21.11,0.033
111.34,14,21.02,0.051
111.51,24,21.11,0.048
111.67,24,21.02,0.055
111.84,24,21.02,0.055
112.0,24,21.11,0.07
112.17,24,21.02,0.066
112.33,24,21.11,0.07
112.5,24,21.11,0.04
112.83,24,21.02,0.018
113.0,24,21.11,0.048
113.16,24,21.02,0.066
113.33,24,21.11,0.037
113.49,24,21.02,0.022
113.66,24,21.02,0.04
113.82,24,21.11,0.066
113.99,24,21.11,0.048
114.15,24,20.94,0.029
114.32,24,21.02,0.066
114.48,24,21.11,0.044
114.65,24,21.11,0.033
114.81,24,21.11,0.055
114.98,24,21.11,0.059
115.14,24,21.02,0.04
115.31,24,21.11,0.044
115.48,24,21.11,0.059
115.64,22,21.02,0.033
115.81,24,21.11,0.026
115.97,24,21.02,0.055
116.14,24,21.11,0.059
116.3,23,21.11,0.033
116.47,24,21.11,0.048
116.63,24,21.02,0.062
116.8,24,21.11,0.051
116.96,24,21.11,0.04
117.13,24,21.02,0.055
117.29,24,21.02,0.051
117.46,24,21.02,0.022
117.62,24,21.11,0.055
117.79,24,21.02,0.059
117.95,24,21.11,0.022
118.12,24,21.11,0.059
118.29,24,21.11,0.066
118.45,24,21.02,0.048
118.62,24,21.11,0.029
118.78,24,21.11,0.066
118.95,24,21.2,0.048
119.11,24,21.11,0.04
119.28,24,21.2,0.055
119.44,24,21.11,0.022
119.61,24,21.2,0.062
119.77,24,21.28,0.07
119.94,24,21.2,0.022
120.11,24,21.2,0.051
120.27,24,21.2,0.074
120.44,24,21.11,0.04
120.6,24,21.28,0.029
120.77,24,21.11,0.074
120.93,24,21.2,0.059
121.1,24,21.11,0.033
121.26,24,21.11,0.04
121.43,24,21.11,0.077
121.59,24,21.28,0.048
121.76,24,21.2,0.029
122.09,24,21.11,0.077
122.25,22,21.11,0.055
122.42,25,21.11,0.018
122.58,24,21.11,0.059
122.75,24,21.11,0.074
122.92,24,21.11,0.055
123.08,24,21.2,0.026
123.25,25,21.2,0.037
123.41,24,21.28,0.077
123.58,24,21.2,0.062
123.74,24,21.11,0.037
123.91,25,21.2,0.026
124.07,24,21.11,0.051
124.24,25,21.11,0.066
124.4,24,21.11,0.044
124.57,24,21.2,0.029
124.73,25,21.11,0.051
124.9,24,21.28,0.07
125.06,24,21.11,0.059
125.23,24,21.2,0.029
125.4,24,21.28,0.037
125.56,25,21.11,0.07
125.73,24,21.11,0.081
125.89,25,21.11,0.048
126.06,24,21.11,0.029
126.22,25,21.2,0.062
126.39,24,21.11,0.059
126.55,25,21.2,0.033
126.72,24,21.2,0.055
126.88,24,21.11,0.062
127.05,25,21.2,0.062
127.21,24,21.2,0.037
127.38,25,21.2,0.022
127.71,24,21.28,0.044
127.88,25,21.11,0.051
128.04,24,21.28,0.044
128.21,24,21.28,0.029
128.37,24,21.11,0.04
128.54,25,21.11,0.074
128.71,24,21.2,0.048
128.87,24,21.2,0.04
129.04,25,21.28,0.07
129.2,24,21.11,0.022
129.37,25,21.28,0.059
129.54,24,21.2,0.051
129.7,24,21.2,0.018
129.87,25,21.2,0.037
130.2,24,21.2,0.059
130.36,25,21.11,0.062
130.53,24,21.28,0.066
130.7,24,21.11,0.07
130.86,25,21.28,0.062
131.03,24,21.2,0.048
131.19,24,21.2,0.037
131.53,24,21.28,0.051
131.69,24,21.11,0.066
131.86,25,21.11,0.062
132.02,24,21.2,0.033
132.19,25,21.2,0.033
132.35,24,21.2,0.051
132.52,24,21.28,0.074
132.69,25,21.2,0.059
132.85,24,21.2,0.029
133.02,24,21.28,0.04
133.18,24,21.11,0.062
133.35,24,21.11,0.074
133.68,25,21.11,0.029
133.85,24,21.2,0.04
134.01,25,21.28,0.048
134.18,25,21.11,0.055
134.34,24,21.28,0.026
134.51,25,21.28,0.018
134.68,25,21.28,0.033
134.84,24,21.2,0.066
135.17,16,21.2,0.029
135.34,22,21.2,0.026
135.51,25,21.28,0.055
135.67,24,21.28,0.062
135.84,24,21.28,0.048
136.0,24,21.2,0.029
136.17,24,21.28,0.037
136.33,25,21.28,0.059
136.5,25,21.2,0.062
136.67,24,21.28,0.026
136.83,24,21.11,0.026
137.0,25,21.28,0.059
137.16,24,21.28,0.062
137.33,25,21.11,0.033
137.5,24,21.2,0.033
137.66,24,21.2,0.07
137.83,25,21.11,0.066
137.99,24,21.2,0.037
138.16,24,21.2,0.04
138.32,25,21.2,0.048
138.49,24,21.11,0.062
138.66,25,21.2,0.044
138.82,25,21.28,0.037
138.99,24,21.28,0.059
139.15,25,21.2,0.07
139.49,24,21.11,0.037
139.65,24,21.28,0.062
139.82,25,21.2,0.059
139.98,24,21.2,0.029
140.31,21,21.2,0.018
140.48,24,21.2,0.062
140.65,25,21.11,0.044
140.81,24,21.11,0.066
140.98,24,21.28,0.059
141.14,25,21.28,0.051
141.31,24,21.11,0.022
141.47,24,21.11,0.051
141.64,25,21.28,0.062
141.81,24,21.2,0.044
141.97,24,21.11,0.088
142.14,24,21.11,0.055
142.3,24,21.11,0.074
142.47,24,21.2,0.077
142.64,25,21.37,0.114
142.8,24,21.28,-0.04
142.97,24,21.28,0.037
143.13,24,21.2,0.004
143.3,24,21.2,0.092
143.46,24,21.28,0.018
143.63,24,21.2,0.037
143.8,24,21.28,0.007
143.96,23,21.11,0.099
144.13,24,21.2,0.029
144.29,24,21.2,0.062
144.46,25,21.37,0.088
144.63,22,21.28,0.029
144.79,24,21.28,0.055
144.96,25,21.11,0.04
145.12,24,21.2,0.022
145.45,24,21.11,0.092
145.62,24,21.11,0.11
145.79,25,21.2,0.037
145.95,24,21.2,0.081
146.12,24,21.37,0.037
146.28,24,21.28,0.051
146.45,24,21.2,0.04
146.61,24,21.28,0.04
146.78,24,21.28,0.059
146.95,25,21.2,0.04
147.11,24,21.37,0.085
147.28,25,21.28,0.051
147.44,24,21.28,0.044
147.61,24,21.37,0.066
147.78,25,21.28,0.059
147.94,24,21.28,0.015
148.11,24,21.28,0.022
148.27,24,21.11,0.066
148.44,24,21.63,0.07
148.6,24,21.02,0.044
148.77,24,21.02,0.029
148.94,24,21.02,0.055
149.1,24,21.02,0.085
149.27,24,21.02,0.055
149.43,24,21.02,0.037
149.6,24,21.02,0.029
149.77,24,21.02,0.092
149.93,24,21.02,0.062
150.1,24,21.02,0.059
150.26,24,21.02,0.051
150.43,24,21.02,0.048
150.59,24,21.02,0.081
150.76,24,21.02,0.037
150.93,24,21.02,0.044
151.09,24,21.02,0.018
151.26,24,21.02,0.062
151.42,24,21.02,0.044
151.59,25,21.02,0.051
151.75,24,21.02,0.04
151.92,24,20.94,0.04
152.09,25,21.02,0.07
152.25,24,21.02,0.074
152.42,25,21.02,0.062
152.58,25,21.02,0.033
152.75,24,21.02,0.037
153.08,24,21.02,-0.004
153.25,24,21.02,0.029
153.41,25,21.02,0.04
153.58,24,21.02,0.051
153.75,24,21.02,0.055
153.91,24,21.02,0.033
154.08,25,21.02,0.048
154.24,24,21.02,0.062
154.41,25,21.02,0.044
154.57,24,21.02,0.029
154.74,24,20.94,0.055
154.91,25,21.02,0.062
155.07,24,21.02,0.074
155.24,25,21.02,0.055
155.4,24,21.2,0.033
155.57,24,21.46,0.048
155.73,25,21.46,0.059
155.9,25,21.46,0.044
156.07,25,21.28,0.04
156.23,25,21.11,0.059
156.4,24,21.02,0.051
156.56,25,21.02,0.044
156.73,25,21.02,0.037
156.89,24,21.02,0.044
157.06,25,21.02,0.059
157.22,25,21.02,0.051
157.39,24,21.02,0.04
157.56,25,21.02,0.04
157.72,25,21.02,0.029
157.89,24,21.02,0.062
158.05,25,21.02,0.085
158.22,24,21.02,0.059
158.38,24,21.02,0.037
158.55,25,21.02,0.004
158.72,24,21.02,0.066
158.88,25,21.02,0.066
159.05,25,21.02,0.059
159.21,24,21.02,0.062
159.38,25,21.02,0.037
159.54,25,21.02,0.066
159.71,24,21.02,0.033
159.88,25,21.02,0.088
160.04,25,20.94,0.015
160.21,24,21.02,0.066
160.37,25,21.02,0.051
160.54,25,21.02,0.066
160.7,24,20.94,0.044
160.87,25,21.02,0.062
161.03,24,21.02,0.059
161.2,25,21.02,0.048
161.37,25,21.02,0.066
161.53,24,21.02,0.048
161.7,25,21.02,0.074
161.86,24,21.02,0.044
162.03,24,21.02,0.085
162.19,25,21.02,0.029
162.36,24,21.02,0.062
162.53,24,21.02,0.048
162.86,24,21.02,0.026
163.02,24,21.02,0.051
163.35,24,21.02,0.07
163.52,24,21.02,0.029
163.69,25,21.02,0.055
163.85,24,21.02,0.062
164.18,25,21.02,0.04
164.35,24,21.02,0.062
164.51,25,21.02,0.059
164.68,24,21.02,0.048
164.84,25,21.02,0.066
165.01,25,21.02,0.037
165.18,24,21.02,0.051
165.34,25,21.02,0.04
165.51,24,21.02,0.081
165.67,24,21.02,0.059
165.84,24,21.02,0.048
166.0,24,21.02,0.04
166.17,24,21.02,0.059
166.34,24,21.02,0.103
166.5,24,21.02,0.04
166.67,24,21.02,0.026
166.83,25,21.02,0.044
167.0,24,21.02,0.044
167.16,24,21.02,0.062
167.33,24,21.02,0.059
167.5,24,21.02,0.037
167.66,25,21.02,0.044
167.83,25,21.02,0.051
167.99,24,21.02,0.066
168.16,25,21.02,0.051
168.32,24,21.02,0.062
168.49,24,21.02,0.066
168.65,25,21.02,0.048
168.82,24,21.02,0.055
168.99,24,21.02,0.07
169.15,25,21.02,0.066
169.32,24,21.02,0.062
169.48,24,21.02,0.055
169.65,24,21.02,0.051
169.81,24,21.02,0.055
169.98,25,21.02,0.062
170.15,24,21.02,0.059
170.31,24,21.02,0.059
170.48,25,21.02,0.055
170.64,24,21.02,0.051
170.81,17,21.02,0.062
170.97,18,21.02,0.055
171.14,24,21.02,0.055
171.31,25,21.02,0.07
171.47,12,21.02,0.066
171.64,24,21.02,0.059
171.8,25,21.02,0.059
171.97,24,21.02,0.066
172.13,24,21.02,0.066
172.3,25,21.02,0.066
172.47,24,21.02,0.062
172.63,24,21.02,0.059
172.8,24,21.02,0.044
172.96,24,21.02,0.062
173.13,24,21.02,0.062
173.29,24,21.02,0.062
173.46,24,21.02,0.059
173.62,24,21.02,0.048
173.79,24,21.02,0.048
173.96,24,21.02,0.059
174.12,24,21.02,0.066
174.29,24,21.02,0.055
174.45,24,21.02,0.051
174.62,24,21.11,0.051
174.78,24,21.02,0.062
174.95,24,21.02,0.051
175.11,24,21.02,0.07
175.28,24,21.02,0.059
175.45,24,21.02,0.051
175.61,24,21.02,0.048
175.78,24,21.02,0.059
175.94,24,21.02,0.059
176.11,24,21.02,0.066
176.27,24,21.02,0.048
176.44,24,21.02,0.051
176.61,24,21.02,0.051
176.77,24,21.02,0.051
176.94,24,21.02,0.059
177.1,24,21.02,0.051
177.27,24,21.02,0.062
177.43,24,21.02,0.051
177.6,24,21.02,0.059
177.76,25,21.02,0.059
177.93,24,21.02,0.059
178.1,24,21.02,0.055
178.26,25,21.02,0.051
178.43,24,21.02,0.044
178.59,25,21.02,0.066
178.76,25,21.02,0.059
178.92,24,21.02,0.062
179.09,25,21.02,0.059
179.25,24,21.02,0.044
179.42,24,21.02,0.051
179.58,25,21.02,0.055
179.75,24,21.02,0.055
179.91,24,21.02,0.059
180.08,24,21.02,0.062
180.24,24,21.02,0.059
180.41,24,21.02,0.055
180.57,24,21.02,0.059
180.74,24,21.02,0.055
180.9,24,21.02,0.059
181.07,24,21.02,0.055
181.24,24,21.02,0.062
181.4,25,21.02,0.059
181.57,24,21.02,0.044
181.9,24,21.02,0.033
182.06,24,21.02,0.044
182.39,24,21.02,0.062
182.56,24,21.02,0.055
182.72,24,21.02,0.037
182.89,24,21.02,0.048
183.05,24,21.02,0.044
183.22,24,21.02,0.048
183.38,24,21.02,0.059
183.55,24,21.02,0.04
183.71,24,21.02,0.051
183.88,24,21.02,0.055
184.04,24,21.02,0.044
184.21,24,21.02,0.059
