0.07,0,21.98,0.011
0.23,0,0.0,0.033
0.4,0,0.0,0.018
0.56,0,0.0,0.022
0.73,0,0.0,0.026
0.89,0,0.0,0.022
1.06,0,0.0,0.022
1.22,0,0.0,0.015
1.39,0,0.0,0.015
1.55,0,0.0,0.015
1.72,0,0.0,0.022
1.88,0,0.0,0.022
2.05,0,0.0,0.022
2.21,0,0.0,0.026
2.38,0,0.0,0.029
2.54,0,0.0,0.026
2.71,0,0.0,0.022
2.87,0,0.0,0.022
3.04,0,0.0,0.026
3.2,0,0.0,0.015
3.36,0,0.0,0.018
3.53,0,0.0,0.022
3.7,0,0.0,0.018
3.86,0,0.0,0.029
4.03,0,0.0,0.018
4.19,0,0.0,0.022
4.36,0,0.0,0.007
4.52,0,0.0,0.011
4.69,0,0.0,0.022
4.85,0,0.0,0.029
5.01,0,0.0,0.015
5.18,0,0.0,0.015
5.34,0,0.0,0.022
5.51,0,0.0,0.022
5.68,0,0.0,0.018
5.84,0,0.0,0.015
6.0,0,0.0,0.026
6.17,0,0.0,0.022
6.33,0,0.0,0.018
6.5,0,0.0,0.018
6.66,0,0.0,0.026
6.83,0,0.0,0.015
6.99,0,0.0,0.022
7.16,0,0.0,0.015
7.32,0,0.0,0.026
7.49,0,0.0,0.033
7.65,0,0.0,0.029
7.82,0,0.0,0.015
7.98,0,0.0,0.018
8.15,0,0.0,0.015
8.31,0,0.0,0.022
8.48,0,0.0,0.015
8.64,0,0.0,0.018
8.81,0,0.0,0.018
8.97,0,0.0,0.022
9.14,0,0.0,0.022
9.3,0,0.0,0.022
9.47,0,0.0,0.007
9.63,0,0.0,0.018
9.8,0,0.0,0.026
9.96,0,0.0,0.022
10.13,0,0.0,0.015
10.29,0,0.0,0.022
10.46,0,0.0,0.018
10.62,0,0.0,0.015
10.79,0,0.0,0.022
10.95,0,0.0,0.029
11.12,0,0.0,0.018
11.28,0,0.0,0.022
11.45,0,0.0,0.015
11.61,0,0.0,0.026
11.78,0,0.0,0.018
11.94,0,0.0,0.022
12.11,0,0.0,0.026
12.27,0,0.0,0.018
12.44,0,0.0,0.015
12.6,0,0.0,0.018
12.77,0,0.0,0.011
12.93,0,0.0,0.022
13.1,0,0.0,0.018
13.26,0,0.0,0.015
13.43,0,0.0,0.022
13.59,0,0.0,0.018
13.76,0,0.0,0.018
13.92,0,0.0,0.011
14.09,0,0.0,0.018
14.25,0,0.0,0.026
14.42,0,0.0,0.026
14.58,0,0.0,0.022
14.75,0,0.0,0.011
14.91,0,0.0,0.022
15.08,0,0.0,0.026
15.24,0,0.0,0.022
15.41,0,0.0,0.026
15.57,0,0.0,0.022
15.74,0,0.0,0.022
15.9,0,0.0,0.018
16.06,0,0.0,0.026
16.23,0,0.0,0.018
16.39,0,0.0,0.018
16.56,0,0.0,0.022
16.72,0,0.0,0.026
16.89,0,0.0,0.018
17.05,0,0.0,0.026
17.22,0,0.0,0.026
17.38,0,0.0,0.015
17.55,0,0.0,0.026
17.71,0,0.0,0.022
17.88,0,0.0,0.018
18.04,0,0.0,0.022
18.21,0,0.0,0.022
18.37,0,0.0,0.018
18.54,0,0.0,0.029
18.7,0,0.0,0.022
18.87,0,0.0,0.026
19.03,0,0.0,0.015
19.2,0,0.0,0.015
19.36,0,0.0,0.022
19.53,0,0.0,0.026
19.69,0,0.0,0.022
19.86,0,0.0,0.033
20.02,0,0.0,0.015
20.19,0,0.0,0.015
20.35,0,0.0,0.026
20.52,0,0.0,0.015
20.68,0,0.0,0.018
20.85,0,0.0,0.022
21.01,0,0.0,0.011
21.18,0,0.0,0.026
21.34,0,0.0,0.026
21.51,0,0.0,0.022
21.67,0,0.0,0.018
21.84,0,0.0,0.029
22.0,0,0.0,0.029
22.17,0,0.0,0.022
22.33,0,0.0,0.011
22.5,0,0.0,0.022
22.66,0,0.0,0.026
22.83,0,0.0,0.011
22.99,0,0.0,0.022
23.16,0,0.0,0.018
23.32,0,0.0,0.018
23.49,0,0.0,0.022
23.65,0,0.0,0.011
23.82,0,0.0,0.015
23.98,0,0.0,0.011
24.15,0,0.0,0.018
24.31,0,0.0,0.022
24.48,0,0.0,0.022
24.64,0,0.0,0.018
24.81,0,0.0,0.026
24.97,0,0.0,0.018
25.14,0,0.0,0.011
25.3,0,0.0,0.026
25.46,0,0.0,0.015
25.63,0,0.0,0.018
25.79,0,0.0,0.015
25.96,0,0.0,0.018
26.12,0,0.0,0.018
26.29,0,0.0,0.011
26.45,0,0.0,0.015
26.62,0,0.0,0.015
26.78,0,0.0,0.0
26.95,0,0.0,0.055
27.11,0,0.0,0.015
27.28,0,0.0,0.026
27.44,0,0.0,0.022
27.61,0,0.0,0.015
27.77,0,0.0,0.026
27.94,0,0.0,0.018
28.1,0,0.0,0.022
28.27,0,0.0,0.026
28.43,0,0.0,0.015
28.6,0,0.0,0.011
28.76,0,0.0,0.011
28.93,0,0.0,0.029
29.09,0,0.0,0.022
29.26,0,0.0,0.015
29.42,0,0.0,0.018
29.59,0,0.0,0.026
29.75,0,0.0,0.004
29.92,0,0.0,0.018
30.08,0,0.0,0.015
30.25,0,0.0,0.022
30.41,0,0.0,0.026
30.58,0,0.0,0.018
30.74,0,0.0,0.015
30.91,0,0.0,0.015
31.07,0,0.0,0.011
31.24,0,0.0,0.022
31.4,0,0.0,0.018
31.57,0,0.0,0.022
31.73,0,0.0,0.015
31.9,0,0.0,0.011
32.06,0,0.0,0.015
32.23,0,0.0,0.018
32.39,0,0.0,0.015
32.55,0,0.0,0.018
32.72,0,0.0,0.018
32.89,0,0.0,0.026
33.05,0,0.0,0.015
33.21,0,0.0,0.022
33.38,0,0.0,0.022
33.54,0,0.0,0.026
33.71,0,0.0,0.026
33.87,0,0.0,0.018
34.04,0,0.0,0.022
34.2,0,0.0,0.026
34.37,0,0.0,0.015
34.53,0,0.0,0.015
34.7,0,0.0,0.011
34.86,0,0.0,0.011
35.03,0,0.0,0.022
35.19,0,0.0,0.015
35.36,0,0.0,0.022
35.52,0,0.0,0.007
35.69,0,0.0,0.022
35.85,0,0.0,0.011
36.02,0,0.0,0.015
36.18,0,0.0,0.015
36.35,0,0.0,0.029
36.51,0,0.0,0.022
36.68,0,0.0,0.022
36.84,0,0.0,0.011
37.01,0,0.0,0.018
37.17,0,0.0,0.026
37.34,0,0.0,0.026
37.5,0,0.0,0.018
37.67,0,0.0,0.026
37.84,0,0.0,0.018
38.0,0,0.0,0.026
38.17,0,0.0,0.018
38.33,0,0.0,0.022
38.5,0,0.0,0.022
38.66,0,0.0,0.022
38.83,0,0.0,0.011
38.99,0,0.0,0.015
39.16,0,0.0,0.022
39.32,0,0.0,0.022
39.49,0,0.0,0.04
39.65,0,0.0,0.007
39.82,0,0.0,0.018
39.98,0,0.0,0.029
40.15,0,0.0,0.022
40.32,0,0.0,0.026
40.48,0,0.0,0.018
40.65,0,0.0,0.022
40.81,0,0.0,0.015
40.98,0,0.0,0.011
41.14,0,0.0,0.015
41.31,0,0.0,0.018
41.47,0,0.0,0.026
41.64,0,0.0,0.026
41.8,0,0.0,0.018
41.97,0,0.0,0.018
42.13,0,0.0,0.022
42.3,0,0.0,0.018
42.47,0,0.0,0.026
42.63,0,0.0,0.026
42.8,0,0.0,0.015
42.96,0,0.0,0.015
43.13,0,0.0,0.018
43.29,0,0.0,0.026
43.46,0,0.0,0.026
43.62,0,0.0,0.029
43.79,0,0.0,0.011
43.95,0,0.0,0.011
44.12,0,0.0,0.007
44.28,0,0.0,0.018
44.45,0,0.0,0.015
44.61,0,0.0,0.026
44.78,0,0.0,0.022
44.94,0,0.0,0.026
45.11,0,0.0,0.018
45.27,0,0.0,0.026
45.44,0,0.0,0.029
45.6,0,0.0,0.018
45.77,0,0.0,0.018
45.93,0,0.0,0.026
46.1,0,0.0,0.022
46.26,0,0.0,0.018
46.43,0,0.0,0.022
46.59,0,0.0,0.026
46.76,0,0.0,0.033
46.92,0,0.0,0.022
47.09,0,0.0,0.029
47.25,0,0.0,0.026
47.42,0,0.0,0.022
47.58,0,0.0,0.018
47.75,0,0.0,0.018
47.91,0,0.0,0.022
48.08,0,0.0,0.018
48.24,0,0.0,0.011
48.41,0,0.0,0.015
48.57,0,0.0,0.018
48.73,0,0.0,0.026
48.9,0,0.0,0.022
49.06,0,0.0,0.015
49.23,0,0.0,0.018
49.39,0,0.0,0.018
49.56,0,0.0,0.022
49.72,0,0.0,0.022
49.89,0,0.0,0.029
50.05,0,0.0,0.022
50.22,0,0.0,0.026
50.38,0,0.0,0.015
50.55,0,0.0,0.022
50.71,0,0.0,0.022
50.88,0,0.0,0.029
51.04,0,0.0,0.015
51.21,0,0.0,0.015
51.37,0,0.0,0.015
51.54,0,0.0,0.018
51.7,0,0.0,0.018
51.87,0,0.0,0.018
52.03,0,0.0,0.033
52.2,0,0.0,0.015
52.36,0,0.0,0.026
52.53,0,0.0,0.018
52.69,0,0.0,0.022
52.86,0,0.0,0.018
53.02,0,0.0,0.022
53.19,0,0.0,0.015
53.35,0,0.0,0.022
53.52,0,0.0,0.015
53.68,0,0.0,0.015
53.85,0,0.0,0.018
54.01,0,0.0,0.033
54.18,0,0.0,0.018
54.34,0,0.0,0.026
54.51,0,0.0,0.022
54.67,0,0.0,0.026
54.84,0,0.0,0.022
55.0,0,0.0,0.026
55.17,0,0.0,0.026
55.33,0,0.0,0.026
55.5,0,0.0,0.022
55.66,0,0.0,0.022
55.82,0,0.0,0.022
55.99,0,0.0,0.018
56.15,0,0.0,0.015
56.32,0,0.0,0.018
56.49,0,0.0,0.029
56.65,0,0.0,0.015
56.81,0,0.0,0.022
56.98,0,0.0,0.011
57.14,0,0.0,0.026
57.31,0,0.0,0.026
57.47,0,0.0,0.018
57.64,0,0.0,0.022
57.8,0,0.0,0.022
57.97,0,0.0,0.022
58.13,0,0.0,0.022
58.3,0,0.0,0.018
58.46,0,0.0,0.018
58.63,0,0.0,0.022
58.79,0,0.0,0.026
58.96,0,0.0,0.022
59.12,0,0.0,0.022
59.29,0,0.0,0.022
59.45,0,0.0,0.015
59.62,0,0.0,0.018
59.78,0,0.0,0.018
59.95,0,0.0,0.026
60.11,0,0.0,0.026
60.28,0,0.0,0.022
60.44,0,0.0,0.026
60.61,0,0.0,0.026
60.77,0,0.0,0.022
60.94,0,0.0,0.022
61.1,0,0.0,0.026
61.27,0,0.0,0.018
61.43,0,0.0,0.029
61.6,0,0.0,0.033
61.76,0,0.0,0.022
61.93,0,0.0,0.026
62.09,0,0.0,0.018
62.26,0,0.0,0.022
62.42,0,0.0,0.029
62.59,0,0.0,0.018
62.75,0,0.0,0.026
62.92,0,0.0,0.026
63.08,0,0.0,0.011
63.25,0,0.0,0.018
63.41,0,0.0,0.015
63.58,0,0.0,0.015
63.74,0,0.0,0.011
63.9,0,0.0,0.026
64.07,0,0.0,0.015
64.23,0,0.0,0.026
64.4,0,0.0,0.029
64.56,0,0.0,0.015
64.73,0,0.0,0.018
64.89,0,0.0,0.018
65.06,0,0.0,0.022
65.22,0,0.0,0.015
65.39,0,0.0,0.015
65.55,0,0.0,0.026
65.72,0,0.0,0.022
65.88,0,0.0,0.026
66.05,0,0.0,0.018
66.21,0,0.0,0.018
66.38,0,0.0,0.018
66.54,0,0.0,0.022
66.71,0,0.0,0.018
66.87,0,0.0,0.026
67.04,0,0.0,0.018
67.2,0,0.0,0.018
67.37,0,0.0,0.018
67.53,0,0.0,0.018
67.7,0,0.0,0.015
67.86,0,0.0,0.022
68.03,0,0.0,0.018
68.19,0,0.0,0.022
68.36,0,0.0,0.029
68.52,0,0.0,0.026
68.69,0,0.0,0.015
68.85,0,0.0,0.026
69.02,0,0.0,0.018
69.18,0,0.0,0.029
69.35,0,0.0,0.018
69.51,0,0.0,0.015
69.68,0,0.0,0.022
69.84,0,0.0,0.018
70.01,0,0.0,0.022
70.17,0,0.0,0.018
70.34,0,0.0,0.022
70.5,0,0.0,0.022
70.67,0,0.0,0.022
70.83,0,0.0,0.015
71.0,0,0.0,-0.254
71.16,0,0.0,-0.051
71.33,0,0.0,0.04
71.49,0,0.0,2.085
71.66,0,0.0,0.026
71.82,0,0.0,0.037
71.99,0,0.0,0.022
72.15,0,0.0,0.029
72.32,0,0.0,0.022
72.48,0,0.0,0.026
72.65,0,0.0,0.022
72.81,0,0.0,0.026
72.97,0,0.0,0.015
73.14,0,0.0,0.022
73.3,0,0.0,0.015
73.47,0,0.0,0.022
73.63,0,0.0,0.029
73.8,0,0.0,0.015
73.96,0,0.0,0.022
74.13,0,0.0,0.029
74.29,0,0.0,0.018
74.46,0,0.0,0.022
74.62,0,0.0,0.022
74.79,0,0.0,0.022
74.95,0,0.0,0.015
75.12,0,0.0,0.033
75.28,0,0.0,0.026
75.45,0,0.0,0.018
75.61,0,0.0,0.018
75.78,0,0.0,0.022
75.94,0,0.0,0.026
76.11,0,0.0,0.026
76.27,0,0.0,0.026
76.44,0,0.0,0.026
76.6,0,0.0,0.018
76.77,0,0.0,0.022
76.93,0,0.0,0.026
77.1,0,0.0,0.022
77.26,0,0.0,0.029
77.43,0,0.0,0.018
77.59,0,0.0,0.011
77.76,0,0.0,0.033
77.92,0,0.0,0.026
78.09,0,0.0,0.026
78.25,0,0.0,0.018
78.42,0,0.0,0.022
78.58,0,0.0,0.018
78.75,0,0.0,0.029
78.91,0,0.0,0.022
79.08,0,0.0,0.015
79.24,0,0.0,0.018
79.4,0,0.0,0.022
79.57,0,0.0,0.022
79.73,0,0.0,0.026
79.9,0,0.0,0.015
80.06,0,0.0,0.022
80.23,0,0.0,0.026
80.39,0,0.0,0.022
80.56,0,0.0,0.029
80.72,0,0.0,0.015
80.89,0,0.0,0.022
81.05,0,0.0,0.026
81.22,0,0.0,0.018
81.38,0,0.0,0.022
81.55,0,0.0,0.022
81.71,0,0.0,0.026
81.88,0,0.0,0.015
82.04,0,0.0,0.022
82.21,0,0.0,0.018
82.37,0,0.0,0.022
82.54,0,0.0,0.022
82.7,0,0.0,0.022
82.87,0,0.0,0.022
83.03,0,0.0,0.018
83.2,0,0.0,0.018
83.36,0,0.0,0.022
83.53,0,0.0,0.029
83.69,0,0.0,0.018
83.86,0,0.0,0.026
84.02,0,0.0,0.022
84.19,0,0.0,0.018
84.35,0,0.0,0.026
84.52,0,0.0,0.015
84.68,0,0.0,0.015
84.85,0,0.0,0.022
85.01,0,0.0,0.029
85.18,0,0.0,0.018
85.34,0,0.0,0.022
85.51,0,0.0,0.029
85.67,0,0.0,0.022
85.84,0,0.0,0.015
86.0,0,0.0,0.022
86.17,0,0.0,0.018
86.33,0,0.0,0.026
86.5,0,0.0,0.026
86.66,0,0.0,0.018
86.83,0,0.0,0.015
86.99,0,0.0,0.018
87.16,0,0.0,0.029
87.32,0,0.0,0.018
87.49,0,0.0,0.026
87.65,0,0.0,0.022
87.81,0,0.0,0.026
87.98,0,0.0,0.022
88.14,0,0.0,0.022
88.31,0,0.0,0.018
88.47,0,0.0,0.022
88.64,0,0.0,0.022
88.8,0,0.0,0.011
88.97,0,0.0,0.022
89.13,0,0.0,0.022
89.3,0,0.0,0.015
89.46,0,0.0,0.022
89.63,0,0.0,0.029
89.79,0,0.0,0.029
89.96,0,0.0,0.022
90.12,0,0.0,0.018
90.29,0,0.0,0.018
90.45,0,0.0,0.022
90.62,0,0.0,0.033
90.78,0,0.0,0.026
90.95,0,0.0,0.026
91.11,0,0.0,0.029
91.28,0,0.0,0.015
91.44,0,0.0,0.022
91.61,0,0.0,0.022
91.77,0,0.0,0.022
91.94,0,0.0,0.022
92.1,0,0.0,0.029
92.27,0,0.0,0.026
92.43,0,0.0,0.029
92.6,0,0.0,0.022
92.76,0,0.0,0.033
92.93,0,0.0,0.022
93.09,0,0.0,0.029
93.26,0,0.0,0.018
93.42,0,0.0,0.022
93.59,0,0.0,0.015
93.75,0,0.0,0.022
93.91,0,0.0,0.018
94.08,0,0.0,0.029
94.24,0,0.0,0.029
94.41,0,0.0,0.018
94.57,0,0.0,0.018
94.74,0,0.0,0.033
94.9,0,0.0,0.026
95.07,0,0.0,0.026
95.23,0,0.0,0.011
95.4,0,0.0,0.033
95.56,0,0.0,0.018
95.73,0,0.0,0.018
95.89,0,0.0,0.022
96.06,0,0.0,0.018
96.22,0,0.0,0.018
96.39,0,0.0,0.018
96.55,0,0.0,0.026
96.72,0,0.0,0.026
96.88,0,0.0,0.022
97.05,0,0.0,0.018
97.21,0,0.0,0.022
97.38,0,0.0,0.015
97.54,0,0.0,0.022
97.71,0,0.0,0.029
97.87,0,0.0,0.018
98.04,0,0.0,0.022
98.2,0,0.0,0.029
98.37,0,0.0,0.018
98.53,0,0.0,0.022
98.7,0,0.0,0.022
98.86,0,0.0,0.022
99.03,0,0.0,0.018
99.19,0,0.0,0.022
99.36,0,0.0,0.022
99.52,0,0.0,0.026
99.69,0,0.0,0.022
99.85,0,0.0,0.018
100.02,0,0.0,0.022
100.18,0,0.0,0.022
100.34,0,0.0,0.029
100.51,0,0.0,0.029
100.68,0,0.0,0.015
100.84,0,0.0,0.029
101.0,0,0.0,0.015
101.17,0,0.0,0.022
101.33,0,0.0,0.026
101.5,0,0.0,0.015
101.66,0,0.0,0.026
101.83,0,0.0,0.026
101.99,0,0.0,0.026
102.16,0,0.0,0.022
102.32,0,0.0,0.022
102.49,0,0.0,0.015
102.65,0,0.0,0.026
102.82,0,0.0,0.026
102.98,0,0.0,0.022
103.15,0,0.0,0.018
103.31,0,0.0,0.033
103.48,0,0.0,0.026
103.64,0,0.0,0.018
103.81,0,0.0,0.018
103.97,0,0.0,0.018
104.14,0,0.0,0.026
104.3,0,0.0,0.018
104.47,0,0.0,0.011
104.63,0,0.0,0.022
104.8,0,0.0,0.026
104.96,0,0.0,0.018
105.13,0,0.0,0.022
105.29,0,0.0,0.015
105.46,0,0.0,0.022
105.62,0,0.0,0.022
105.79,0,0.0,0.022
105.95,0,0.0,0.022
106.12,0,0.0,0.022
106.28,0,0.0,0.022
106.45,0,0.0,0.022
106.61,0,0.0,0.007
106.78,0,0.0,0.015
106.94,0,0.0,0.022
107.11,0,0.0,0.029
107.27,0,0.0,0.018
107.44,0,0.0,0.026
107.6,0,0.0,0.018
107.77,0,0.0,0.029
107.93,0,0.0,0.022
108.1,0,0.0,0.011
108.26,0,0.0,0.026
108.42,0,0.0,0.015
108.59,0,0.0,0.022
108.75,0,0.0,0.018
108.92,0,0.0,0.018
109.08,0,0.0,0.022
109.25,0,0.0,0.022
109.41,0,0.0,0.026
109.58,0,0.0,0.018
109.74,0,0.0,0.022
109.91,0,0.0,0.022
110.07,0,0.0,0.022
110.24,0,0.0,0.026
110.4,0,0.0,0.029
110.57,0,0.0,0.018
110.73,0,0.0,0.026
110.9,0,0.0,0.033
111.06,0,0.0,0.018
111.23,0,0.0,0.018
111.39,0,0.0,0.033
111.56,0,0.0,0.018
111.72,0,0.0,0.022
111.89,0,0.0,0.022
112.05,0,0.0,0.026
112.22,0,0.0,0.018
112.38,0,0.0,0.022
112.55,0,0.0,0.022
112.71,0,0.0,0.026
112.88,0,0.0,0.026
113.04,0,0.0,0.018
113.21,0,0.0,0.015
113.37,0,0.0,0.022
113.54,0,0.0,0.026
113.7,0,0.0,0.022
113.87,0,0.0,0.022
114.03,0,0.0,0.022
114.2,0,0.0,0.026
114.36,0,0.0,0.022
114.53,0,0.0,0.051
114.69,0,0.0,-0.074
114.86,0,0.0,0.184
115.02,0,0.0,0.026
115.19,0,0.0,0.022
115.35,0,0.0,0.055
115.52,0,0.0,0.04
115.68,0,0.0,0.026
115.85,0,0.0,0.103
116.01,0,0.0,0.0
116.17,0,0.0,0.015
116.34,0,0.0,0.018
116.5,0,0.0,0.018
116.67,0,0.0,0.022
116.83,0,0.0,0.015
117.0,0,0.0,0.022
117.16,0,0.0,0.015
117.33,0,0.0,0.018
117.49,0,0.0,0.018
117.66,0,0.0,0.022
117.82,0,0.0,0.011
117.99,0,0.0,0.015
118.15,0,0.0,0.018
118.32,0,0.0,0.018
118.48,0,0.0,0.022
118.65,0,0.0,0.018
118.81,0,0.0,0.022
118.98,0,0.0,0.022
119.14,0,0.0,0.018
119.31,0,0.0,0.026
119.47,0,0.0,0.015
119.64,0,0.0,0.015
119.8,0,0.0,0.011
119.97,0,0.0,0.015
120.13,0,0.0,0.018
120.3,0,0.0,0.015
120.46,0,0.0,0.022
120.63,0,0.0,0.022
120.79,0,0.0,0.018
120.96,0,0.0,0.015
121.12,0,0.0,0.015
121.29,0,0.0,0.007
121.45,0,0.0,0.015
121.62,0,0.0,0.015
121.78,0,0.0,0.015
121.95,0,0.0,0.015
122.11,0,0.0,0.022
122.28,0,0.0,0.018
122.44,0,0.0,0.022
122.61,0,0.0,0.011
122.77,0,0.0,0.018
122.93,0,0.0,0.022
123.1,0,0.0,0.018
123.26,0,0.0,0.018
123.43,0,0.0,0.022
123.6,0,0.0,0.011
123.76,0,0.0,0.015
123.93,0,0.0,0.018
124.09,0,0.0,0.004
124.26,0,0.0,0.022
124.42,0,0.0,0.022
124.59,0,0.0,0.018
124.75,0,0.0,0.011
124.92,0,0.0,0.015
125.08,0,0.0,0.018
125.25,0,0.0,0.015
125.41,0,0.0,0.018
125.58,0,0.0,0.015
125.74,0,0.0,0.018
125.91,0,0.0,0.022
126.07,0,0.0,0.022
126.24,0,0.0,0.022
126.4,0,0.0,0.015
126.57,0,0.0,0.022
126.73,0,0.0,0.015
126.9,0,0.0,0.018
127.06,0,0.0,0.018
127.23,0,0.0,0.011
127.39,0,0.0,0.018
127.56,0,0.0,0.015
127.72,0,0.0,0.015
127.89,0,0.0,0.011
128.05,0,0.0,0.018
128.21,0,0.0,0.026
128.38,0,0.0,0.018
128.55,0,0.0,0.011
128.71,0,0.0,0.018
128.88,0,0.0,0.022
129.04,0,0.0,0.011
129.21,0,0.0,0.026
129.37,0,0.0,0.022
129.54,0,0.0,0.018
129.7,0,0.0,0.018
129.86,0,0.0,0.026
130.03,0,0.0,0.011
130.19,0,0.0,0.026
130.36,0,0.0,0.015
130.52,0,0.0,0.018
130.69,0,0.0,0.011
130.85,0,0.0,0.022
131.02,0,0.0,0.011
131.18,0,0.0,0.011
131.35,0,0.0,0.022
131.51,0,0.0,0.015
131.68,0,0.0,0.015
131.84,0,0.0,0.018
132.01,0,0.0,0.022
132.17,0,0.0,0.018
132.34,0,0.0,0.018
132.5,0,0.0,0.018
132.67,0,0.0,0.004
132.83,0,0.0,0.018
133.0,0,0.0,0.018
133.16,0,0.0,0.011
133.33,0,0.0,0.022
133.49,0,0.0,0.011
133.66,0,0.0,0.026
133.82,0,0.0,0.018
133.99,0,0.0,0.015
134.15,0,0.0,0.022
134.32,0,0.0,0.011
134.48,0,0.0,0.033
134.65,0,0.0,0.026
134.81,0,0.0,0.018
134.97,0,0.0,0.022
135.14,0,0.0,0.022
135.3,0,0.0,0.018
135.47,0,0.0,0.018
135.63,0,0.0,0.015
135.8,0,0.0,0.011
135.96,0,0.0,0.018
136.13,0,0.0,0.026
136.29,0,0.0,0.018
136.46,0,0.0,0.022
136.62,0,0.0,0.011
136.79,0,0.0,0.015
136.95,0,0.0,0.022
137.12,0,0.0,0.015
137.28,0,0.0,0.022
137.45,0,0.0,0.018
137.61,0,0.0,0.022
137.78,0,0.0,0.026
137.94,0,0.0,0.026
138.11,0,0.0,0.018
138.27,0,0.0,0.015
138.44,0,0.0,0.018
138.6,0,0.0,0.022
138.77,0,0.0,0.018
138.93,0,0.0,0.022
139.1,0,0.0,0.015
139.26,0,0.0,0.018
139.43,0,0.0,0.018
139.59,0,0.0,0.015
139.76,0,0.0,0.015
139.92,0,0.0,0.004
140.09,0,0.0,0.022
140.25,0,0.0,0.018
140.41,0,0.0,0.029
140.58,0,0.0,0.015
140.74,0,0.0,0.018
140.91,0,0.0,0.015
141.07,0,0.0,0.018
141.24,0,0.0,0.026
141.4,0,0.0,0.015
141.57,0,0.0,0.018
141.73,0,0.0,0.018
141.9,0,0.0,0.022
142.06,0,0.0,0.018
142.23,0,0.0,0.015
142.39,0,0.0,0.026
142.56,0,0.0,0.018
142.72,0,0.0,0.011
142.89,0,0.0,0.018
143.06,0,0.0,0.015
143.22,0,0.0,0.018
143.39,0,0.0,0.029
143.55,0,0.0,0.007
143.71,0,0.0,0.022
143.88,0,0.0,0.015
144.04,0,0.0,0.018
144.21,0,0.0,0.011
144.37,0,0.0,0.018
144.54,0,0.0,0.018
144.7,0,0.0,0.015
144.87,0,0.0,0.018
145.03,0,0.0,0.018
145.2,0,0.0,0.022
145.36,0,0.0,0.029
145.53,0,0.0,0.026
145.69,0,0.0,0.026
145.86,0,0.0,0.022
146.02,0,0.0,0.029
146.19,0,0.0,0.018
146.35,0,0.0,0.015
146.52,0,0.0,0.007
146.68,0,0.0,0.015
146.85,0,0.0,0.022
147.01,0,0.0,0.018
147.18,0,0.0,0.018
147.34,0,0.0,0.018
147.51,0,0.0,0.022
147.67,0,0.0,0.018
147.84,0,0.0,0.022
148.0,0,0.0,0.022
148.17,0,0.0,0.018
148.33,0,0.0,0.015
148.49,0,0.0,0.022
148.66,0,0.0,0.022
148.83,0,0.0,0.022
148.99,0,0.0,0.011
149.15,0,0.0,0.022
149.32,0,0.0,0.029
149.48,0,0.0,0.022
149.65,0,0.0,0.026
149.81,0,0.0,0.018
149.98,0,0.0,0.018
150.14,0,0.0,0.018
150.31,0,0.0,0.018
150.47,0,0.0,0.022
150.64,0,0.0,0.018
150.8,0,0.0,0.029
150.97,0,0.0,0.018
151.13,0,0.0,0.011
151.3,0,0.0,0.022
151.46,0,0.0,0.026
151.63,0,0.0,0.018
151.79,0,0.0,0.015
151.96,0,0.0,0.022
152.12,0,0.0,0.018
152.29,0,0.0,0.022
152.45,0,0.0,0.018
152.62,0,0.0,0.022
152.78,0,0.0,0.018
152.95,0,0.0,0.011
153.11,0,0.0,0.018
153.28,0,0.0,0.015
153.44,0,0.0,0.018
153.61,0,0.0,0.018
153.77,0,0.0,0.011
153.94,0,0.0,0.007
154.1,0,0.0,0.026
154.27,0,0.0,0.026
154.43,0,0.0,0.015
154.6,0,0.0,0.022
154.76,0,0.0,0.007
154.93,0,0.0,0.018
155.09,0,0.0,0.015
155.26,0,0.0,0.018
155.42,0,0.0,0.018
155.59,0,0.0,0.015
155.75,0,0.0,0.022
155.91,0,0.0,0.015
156.08,0,0.0,0.029
156.24,0,0.0,0.011
156.41,0,0.0,0.022
156.57,0,0.0,0.015
156.74,0,0.0,0.029
156.9,0,0.0,0.022
157.07,0,0.0,0.026
157.23,0,0.0,0.011
157.4,0,0.0,0.011
157.56,0,0.0,0.022
157.73,0,0.0,0.022
157.89,0,0.0,0.026
158.06,0,0.0,0.015
158.22,0,0.0,0.015
158.39,0,0.0,0.022
158.55,0,0.0,0.015
158.72,0,0.0,0.018
158.88,0,0.0,0.018
159.05,0,0.0,0.015
159.21,0,0.0,0.011
159.38,0,0.0,0.022
159.54,0,0.0,0.015
159.71,0,0.0,0.018
159.87,0,0.0,0.015
160.04,0,0.0,0.022
160.2,0,0.0,0.018
160.37,0,0.0,0.015
160.53,0,0.0,0.022
160.7,0,0.0,0.011
160.86,0,0.0,0.022
161.03,0,0.0,0.011
161.19,0,0.0,0.015
161.36,0,0.0,0.022
161.52,0,0.0,0.007
161.69,0,0.0,0.022
161.85,0,0.0,0.022
162.02,0,0.0,0.022
162.18,0,0.0,0.018
162.35,0,0.0,0.018
162.51,0,0.0,0.022
162.68,0,0.0,0.018
162.84,0,0.0,0.026
163.01,0,0.0,0.015
163.17,0,0.0,0.022
163.34,0,0.0,0.022
163.5,0,0.0,0.026
163.67,0,0.0,0.022
163.83,0,0.0,0.018
164.0,0,0.0,0.015
164.16,0,0.0,0.026
164.33,0,0.0,0.026
164.49,0,0.0,0.018
164.66,0,0.0,0.018
164.82,0,0.0,0.026
164.99,0,0.0,0.029
165.15,0,0.0,0.018
165.32,0,0.0,0.018
165.48,0,0.0,0.026
165.65,0,0.0,0.018
165.81,0,0.0,0.015
165.98,0,0.0,0.018
166.14,0,0.0,0.022
166.31,0,0.0,0.022
166.47,0,0.0,0.026
166.64,0,0.0,0.022
166.8,0,0.0,0.018
166.97,0,0.0,0.018
167.13,0,0.0,0.007
167.3,0,0.0,0.026
167.46,0,0.0,0.029
167.63,0,0.17,0.018
167.79,0,2.77,0.029
167.96,0,5.36,0.018
168.12,0,5.36,0.015
168.29,0,10.9,0.022
168.45,0,10.9,0.015
168.62,0,10.9,0.026
168.78,0,10.9,0.015
168.95,0,10.9,0.015
169.11,0,10.9,0.022
169.28,0,10.9,0.015
169.44,0,10.9,0.018
169.61,0,10.9,0.018
169.77,0,10.9,0.022
169.93,0,10.9,0.018
170.1,0,10.9,0.029
170.27,0,10.9,0.011
170.43,0,10.9,0.022
170.59,0,10.9,0.011
170.76,0,10.9,0.018
170.92,0,10.9,0.018
171.09,0,10.9,0.015
171.25,0,10.9,0.015
171.42,0,8.13,0.022
171.58,0,5.36,0.026
171.75,0,5.36,0.015
171.91,0,5.36,0.015
172.08,0,5.36,0.018
172.24,0,5.36,0.015
172.41,0,5.36,0.018
172.57,0,5.36,0.022
172.74,0,5.36,0.026
172.9,0,5.36,0.011
173.07,0,8.13,0.018
173.23,0,5.36,0.011
173.4,0,5.36,0.022
173.56,0,5.36,0.015
173.73,0,8.31,0.022
173.89,0,10.9,0.018
174.06,0,10.9,0.022
174.22,0,10.9,0.015
174.39,0,10.9,0.029
174.55,0,10.9,0.022
174.72,0,10.9,0.018
174.88,0,16.44,0.015
175.05,0,16.44,0.015
175.21,0,16.44,0.026
175.38,0,16.44,0.026
175.54,0,16.44,0.022
175.71,0,19.21,0.011
175.87,0,21.46,0.026
176.04,0,21.8,0.022
176.2,0,21.8,0.029
176.37,0,21.8,0.018
176.53,0,21.98,0.018
176.69,0,21.98,0.018
176.86,0,21.98,0.026
177.03,0,22.06,0.018
177.19,0,4.93,0.029
177.35,0,4.93,0.011
177.52,0,5.28,0.022
177.68,0,5.28,0.022
177.85,0,7.7,0.022
178.01,0,7.7,0.022
178.18,0,7.7,0.015
178.34,0,7.7,0.022
178.51,0,7.7,0.022
178.67,0,8.05,0.022
178.84,0,8.05,0.018
179.0,0,8.22,0.022
179.17,0,10.47,0.022
179.33,0,10.47,0.022
179.5,0,10.81,0.029
179.66,0,10.81,0.022
179.83,0,13.24,0.015
179.99,0,13.24,0.011
180.16,0,13.24,0.022
180.32,0,13.24,0.022
180.49,0,13.24,0.029
180.65,0,13.58,0.026
180.82,0,13.58,0.022
180.98,0,13.58,0.011
181.15,0,13.58,0.026
181.31,0,13.58,0.022
181.48,0,13.58,0.026
181.64,0,13.58,0.018
181.81,0,13.58,0.018
181.97,0,13.58,0.018
182.14,0,13.58,0.026
182.3,0,13.58,0.022
182.47,0,13.58,0.022
182.63,0,13.58,0.026
182.8,0,13.58,0.026
182.96,0,13.58,0.018
183.13,0,13.58,0.018
183.29,0,13.58,0.018
183.45,0,13.58,0.018
183.62,0,13.58,0.022
183.78,0,13.58,0.026
183.95,0,13.58,0.022
184.11,0,13.58,0.015
184.28,0,13.58,0.029
184.44,0,13.58,0.026
184.61,0,13.58,0.015
184.77,0,13.58,0.029
184.94,0,13.58,0.022
185.1,0,13.58,0.026
185.27,0,21.89,0.022
185.43,0,13.58,0.026
185.6,0,13.58,0.029
185.76,0,13.58,0.018
185.93,0,13.58,0.022
186.09,0,13.58,0.018
186.26,0,13.58,0.022
186.42,0,13.58,0.022
186.59,0,13.58,0.018
186.75,0,13.58,0.015
186.92,0,13.58,0.029
187.08,0,13.58,0.026
187.25,0,13.58,0.018
187.41,0,13.58,0.022
187.58,0,13.58,0.026
187.74,0,13.58,0.018
187.91,0,13.58,0.022
188.07,0,13.58,0.029
188.24,0,13.58,0.026
188.4,0,13.58,0.022
188.57,0,13.58,0.022
188.73,0,13.58,0.022
188.9,0,13.58,0.022
189.06,0,13.58,0.022
189.23,0,13.58,0.022
189.39,0,13.58,0.026
189.56,0,13.58,0.018
189.72,0,13.58,0.022
189.89,0,13.58,0.029
190.05,0,13.58,0.029
190.22,0,13.58,0.026
190.38,0,13.58,0.018
190.55,0,13.58,0.022
190.71,0,13.58,0.018
190.88,0,13.58,0.022
191.04,0,13.58,0.022
191.21,0,13.58,0.018
191.37,0,13.58,0.04
191.53,0,13.58,0.022
191.7,0,13.58,0.029
191.86,0,13.58,0.026
192.03,0,13.58,0.026
192.2,0,13.58,0.018
192.36,0,13.58,0.022
192.52,0,13.58,0.026
192.69,0,13.58,0.026
192.86,0,13.58,0.026
193.02,0,13.58,0.026
193.19,0,13.58,0.022
193.35,0,13.58,0.026
193.52,0,13.58,0.029
193.68,0,13.58,0.026
193.85,0,13.58,0.026
194.01,0,13.58,0.018
194.17,0,13.58,0.033
194.34,0,13.58,0.015
194.5,0,13.58,0.033
194.67,0,13.58,0.022
194.83,0,13.58,0.026
195.0,0,13.58,0.029
195.16,0,13.58,0.026
195.33,0,13.58,0.018
195.49,0,13.58,0.015
195.66,0,13.58,0.026
195.82,0,13.58,0.026
195.99,0,13.58,0.011
196.15,0,13.58,0.029
196.32,0,13.58,0.026
196.48,0,13.58,0.029
196.65,0,13.58,0.018
196.81,0,13.58,0.033
196.98,0,13.58,0.037
197.14,0,13.58,0.018
197.31,0,13.58,0.022
197.47,0,13.58,0.033
197.64,0,13.58,0.018
197.8,0,13.58,0.018
197.97,0,13.58,0.026
198.13,0,13.58,0.022
198.3,0,13.58,0.022
198.46,0,13.58,0.022
198.63,0,13.58,0.022
198.79,0,13.58,0.029
198.96,0,13.58,0.022
199.12,0,13.58,0.022
199.29,0,13.58,0.026
199.45,0,13.58,0.026
199.62,0,13.58,0.026
199.78,0,13.58,0.026
199.95,0,13.58,0.026
200.11,0,13.58,0.026
200.28,0,13.41,0.018
200.44,0,13.24,0.029
200.61,0,13.24,0.026
200.77,0,13.24,0.026
200.94,0,13.24,0.022
201.1,0,13.24,0.007
201.26,0,13.24,0.026
201.43,0,13.24,0.018
201.59,0,13.24,0.029
201.76,0,13.24,0.022
201.92,0,13.24,0.022
202.09,0,13.24,0.026
202.25,0,13.24,0.026
202.42,0,10.81,0.026
202.58,0,12.89,0.022
202.75,0,12.89,0.037
202.91,0,12.89,0.029
203.08,0,12.89,0.018
203.24,0,12.89,0.026
203.41,0,12.89,0.022
203.57,0,12.89,0.018
203.74,0,12.89,0.015
203.9,0,12.89,0.022
204.07,0,13.24,0.022
204.23,0,12.89,0.018
204.4,0,12.89,0.022
204.56,0,12.89,0.029
204.73,0,12.89,0.029
204.89,0,12.89,0.026
205.06,0,13.24,0.026
205.22,0,13.24,0.022
205.39,0,13.24,0.022
205.55,0,13.24,0.029
205.72,0,13.24,0.026
205.88,0,13.24,0.026
206.05,0,13.24,0.022
206.21,0,13.41,0.029
206.38,0,13.24,0.029
206.54,0,13.24,0.037
206.71,0,13.58,0.04
206.87,0,13.58,0.029
207.04,0,13.58,0.022
207.2,0,13.58,0.026
207.37,0,13.58,0.015
207.53,0,16.01,0.026
207.7,0,16.01,0.022
207.86,0,16.01,0.029
208.03,0,16.01,0.029
208.19,0,16.18,0.033
208.36,0,16.18,0.022
208.52,0,16.18,0.018
208.69,0,16.01,0.015
208.85,0,16.01,0.022
209.02,0,16.18,0.029
209.18,0,16.35,0.029
209.35,0,16.35,0.018
209.51,0,16.35,0.029
209.68,0,16.35,0.022
209.84,0,16.35,0.022
210.01,0,16.35,0.026
210.17,0,16.35,0.029
210.34,0,16.35,0.026
210.5,0,18.77,0.022
210.67,0,18.77,0.022
210.83,0,18.95,0.022
211.0,0,18.95,0.022
211.16,0,19.12,0.022
211.33,0,19.12,0.018
211.49,0,19.12,0.029
211.66,0,19.12,0.015
211.82,0,19.12,0.022
211.99,0,19.12,0.026
212.15,0,19.29,0.029
212.32,0,19.29,0.029
212.48,0,19.12,0.022
212.65,0,19.29,0.022
212.81,0,19.29,0.029
212.98,0,19.29,0.029
213.14,0,19.29,0.022
213.31,0,19.29,0.029
213.47,0,19.29,0.018
213.63,0,19.29,0.029
213.8,0,21.72,0.029
213.96,0,21.89,0.026
214.13,0,21.89,0.026
214.29,0,21.89,0.029
214.46,0,21.89,0.022
214.63,0,21.89,0.018
214.79,0,21.89,0.026
214.96,0,21.89,0.026
215.12,0,21.89,0.029
215.29,0,21.89,0.018
215.45,0,21.89,0.037
215.62,0,21.89,0.018
215.78,0,21.89,0.04
215.95,0,21.89,0.022
216.11,0,21.89,0.022
216.28,0,21.89,0.022
216.44,0,21.89,0.026
216.61,0,21.89,0.026
216.77,0,21.89,0.029
216.94,0,21.89,0.029
217.1,0,21.89,0.026
217.27,0,21.89,0.018
217.43,0,21.89,0.022
217.59,0,21.89,0.015
217.76,0,21.89,0.037
217.92,0,21.89,0.029
218.09,0,21.89,0.022
218.25,0,21.89,0.022
218.42,0,21.89,0.033
218.59,0,21.89,0.029
218.75,0,21.89,0.029
218.92,0,21.89,0.022
219.08,0,21.89,0.026
219.25,0,21.89,0.026
219.41,0,21.89,0.029
219.57,0,21.89,0.037
219.74,0,21.89,0.026
219.9,0,21.89,0.033
220.07,0,21.89,0.026
220.23,0,19.29,0.033
220.4,0,21.72,0.026
220.56,0,21.72,0.018
220.73,0,19.29,0.029
220.89,0,19.29,0.018
221.06,0,19.29,0.022
221.22,0,19.29,0.026
221.39,0,19.29,0.037
221.55,0,19.29,0.026
221.72,0,19.29,0.029
221.88,0,19.29,0.018
222.05,0,19.29,0.033
222.21,0,19.29,0.015
222.38,0,19.29,0.026
222.54,0,19.29,0.026
222.71,0,19.29,0.026
222.87,0,19.29,0.026
223.04,0,19.29,0.033
223.2,0,19.29,0.022
223.37,0,19.29,0.022
223.53,0,19.29,0.033
223.7,0,19.29,0.029
223.86,0,19.29,0.026
224.03,0,19.29,0.029
224.19,0,19.29,0.029
224.36,0,19.29,0.029
224.52,0,19.29,0.033
224.69,0,19.29,0.026
224.85,0,19.29,0.026
225.02,0,19.29,0.022
225.18,0,19.29,0.029
225.35,0,19.29,0.04
225.52,0,19.29,0.026
225.68,0,19.29,0.026
225.85,0,19.29,0.029
226.01,0,19.29,0.044
226.18,0,19.29,0.022
226.34,0,19.29,0.026
226.51,0,19.29,0.022
226.67,0,19.29,0.026
226.84,0,19.29,0.022
227.0,0,19.29,0.022
227.17,0,19.29,0.022
227.33,0,19.29,0.026
227.5,0,19.29,0.022
227.66,0,19.29,0.026
227.83,0,19.29,0.029
227.99,0,19.29,0.022
228.16,0,19.29,0.029
228.32,0,19.29,0.033
228.49,0,19.29,0.029
228.65,0,19.29,0.029
228.82,0,19.29,0.026
228.98,0,19.29,0.029
229.15,0,19.29,0.029
229.31,0,19.29,0.029
229.48,0,19.29,0.022
229.64,0,19.29,0.026
229.81,0,19.29,0.033
229.97,0,19.29,0.026
230.14,0,19.29,0.029
230.3,0,19.29,0.029
230.47,0,19.29,0.04
230.63,0,19.29,0.033
230.79,0,19.29,0.029
230.96,0,19.29,0.029
231.12,0,19.29,0.029
231.29,0,19.29,0.029
231.45,0,19.29,0.033
231.62,0,20.68,0.018
231.78,0,21.37,0.026
231.95,0,21.37,0.029
232.11,0,19.29,0.029
232.28,0,19.29,0.033
232.44,0,19.29,0.022
232.61,0,19.29,0.022
232.77,0,19.29,0.029
232.94,0,19.29,0.04
233.1,0,19.29,0.022
233.27,0,19.29,0.026
233.43,0,19.29,0.026
233.6,0,19.29,0.029
233.76,0,19.29,0.033
233.93,0,19.29,0.026
234.09,0,19.29,0.026
234.26,0,19.29,0.029
234.42,0,19.29,0.033
234.59,0,19.29,0.033
234.75,0,19.29,0.026
234.92,0,19.29,0.026
235.08,0,19.29,0.033
235.25,0,19.29,0.033
235.41,0,19.29,0.029
235.58,0,19.29,0.033
235.74,0,19.29,0.029
235.91,0,19.29,0.022
236.07,0,19.29,0.033
236.24,0,19.29,0.026
236.4,0,19.29,0.026
236.57,0,19.29,0.029
236.73,0,19.29,0.029
236.9,0,19.29,0.029
237.06,0,19.29,0.033
237.23,0,19.29,0.026
237.39,0,19.29,0.04
237.56,0,19.29,0.022
237.72,0,19.29,0.026
237.89,0,19.29,0.022
238.05,0,19.29,0.037
238.22,0,19.29,0.029
238.38,0,19.29,0.029
238.55,0,19.29,0.037
238.71,0,19.29,0.029
238.88,0,19.29,0.033
239.04,0,19.29,0.037
239.21,0,19.29,0.026
239.37,0,19.29,0.022
239.54,0,19.29,0.029
239.7,0,19.29,0.04
239.87,0,19.29,0.026
240.03,0,19.29,0.033
240.2,0,19.29,0.018
240.36,0,19.29,0.026
240.53,0,19.29,0.029
240.69,0,19.29,0.029
240.85,0,19.29,0.026
241.02,0,19.29,0.029
241.18,0,19.29,0.029
241.35,0,19.29,0.026
241.51,0,19.29,0.026
241.68,0,19.29,0.022
241.84,0,19.29,0.033
242.01,0,19.29,0.029
242.17,0,19.29,0.026
242.34,0,19.29,0.026
242.5,0,19.29,0.022
242.67,0,19.29,0.033
242.83,0,19.29,0.029
243.0,0,19.29,0.026
243.16,0,19.29,0.033
243.33,0,19.29,0.026
243.49,0,19.29,0.029
243.66,0,19.29,0.033
243.82,0,19.29,0.026
243.99,0,19.29,0.029
244.15,0,19.29,0.04
244.32,0,19.29,0.037
244.48,0,19.29,0.022
244.65,0,19.29,0.026
244.81,0,19.29,0.029
244.98,0,19.29,0.051
245.14,0,19.29,0.022
245.31,0,19.29,0.026
245.47,0,19.29,0.022
245.63,0,19.29,0.026
245.8,0,19.29,0.033
245.96,0,19.29,0.026
246.13,0,19.29,0.033
246.29,0,19.29,0.022
246.46,0,19.29,0.037
246.62,0,19.29,0.026
246.79,0,19.29,0.033
246.95,0,19.29,0.033
247.12,0,19.29,0.033
247.28,0,19.29,0.037
247.45,0,19.29,0.033
247.61,0,19.29,0.037
247.78,0,19.29,0.044
247.94,0,19.29,0.033
248.11,0,19.29,0.029
248.27,0,19.29,0.033
248.44,0,19.29,0.04
248.6,0,19.29,0.026
248.77,0,19.29,0.044
248.93,0,19.29,0.029
249.1,0,19.29,0.044
249.26,0,19.29,0.04
249.43,0,19.29,0.026
249.59,0,19.29,0.033
249.76,0,19.29,0.037
249.92,0,19.29,0.037
250.09,0,19.29,0.037
250.25,0,19.29,0.033
250.42,0,19.29,0.044
250.58,0,19.29,0.044
250.75,0,19.29,0.037
250.91,0,19.29,0.04
251.08,0,19.29,0.04
251.24,0,19.29,0.037
251.41,0,19.29,0.033
251.57,0,19.29,0.044
251.74,0,19.29,0.037
251.9,0,19.29,0.048
252.07,0,19.29,0.033
252.23,0,19.29,0.037
252.4,0,19.29,0.044
252.56,0,19.29,0.037
252.73,0,19.29,0.04
252.89,0,19.29,0.037
253.06,0,19.29,0.048
253.22,0,19.29,0.044
253.39,0,19.29,0.04
253.55,0,19.29,0.033
253.72,0,19.29,0.04
253.88,0,19.29,0.051
254.04,0,19.29,0.026
254.21,0,19.29,0.044
254.37,0,19.29,0.033
254.54,0,19.29,0.037
254.7,0,19.29,0.044
254.87,0,19.29,0.029
255.03,0,19.29,0.037
255.2,0,19.29,0.04
255.36,0,19.29,0.044
255.53,0,19.29,0.029
255.69,0,19.29,0.033
255.86,0,19.29,0.029
256.02,0,19.29,0.033
256.19,0,19.29,0.033
256.35,0,19.29,0.029
256.52,0,19.29,0.04
256.68,0,19.29,0.037
256.85,0,19.29,0.048
257.01,0,19.29,0.037
257.18,0,19.29,0.033
257.34,0,19.29,0.037
257.51,0,19.29,0.037
257.67,0,19.29,0.04
257.84,0,19.29,0.033
258.0,0,19.29,0.037
258.17,0,19.29,0.029
258.33,0,19.29,0.048
258.5,0,19.29,0.037
258.66,0,19.29,0.037
258.83,0,19.29,0.037
258.99,0,19.29,0.029
259.16,0,19.29,0.033
259.32,0,19.29,0.044
259.49,0,19.29,0.037
259.65,0,19.29,0.037
259.82,0,19.29,0.037
259.98,0,19.29,0.037
260.15,0,19.29,0.033
260.31,0,19.29,0.04
260.47,0,19.29,0.029
260.64,0,19.29,0.044
260.8,0,19.29,0.037
260.97,0,19.29,0.033
261.13,0,19.29,0.037
261.3,0,19.29,0.029
261.46,0,19.29,0.033
261.63,0,19.29,0.037
261.79,0,19.29,0.029
261.96,0,19.29,0.033
262.12,0,19.29,0.029
262.29,0,19.29,0.029
262.45,0,19.29,0.04
262.62,0,19.29,0.033
262.78,0,19.29,0.029
262.95,0,19.29,0.04
263.11,0,19.29,0.044
263.28,0,19.29,0.037
263.44,0,19.29,0.037
263.61,0,19.29,0.033
263.77,0,19.29,0.029
263.94,0,19.29,0.033
264.1,0,19.29,0.037
264.27,0,19.29,0.037
264.43,0,19.29,0.033
264.6,0,19.29,0.033
264.76,0,19.29,0.033
264.93,0,19.29,0.044
265.09,0,19.29,0.033
265.26,0,19.29,0.037
265.42,0,19.29,0.04
265.59,0,19.29,0.033
265.75,0,19.29,0.044
265.91,0,19.29,0.04
266.08,0,19.29,0.033
266.24,0,19.29,0.037
266.41,0,19.29,0.044
266.57,0,19.29,0.037
266.74,0,19.29,0.037
266.9,0,19.29,0.033
267.07,0,19.29,0.029
267.24,0,19.29,0.033
267.4,0,19.29,0.037
267.57,0,19.29,0.037
267.73,0,19.29,0.033
267.9,0,19.29,0.037
268.06,0,19.29,0.033
268.22,0,19.29,0.033
268.39,0,19.29,0.037
268.55,0,19.29,0.044
268.72,0,19.29,0.029
268.88,0,19.29,0.029
269.05,0,19.29,0.037
269.21,0,19.29,0.037
269.38,0,19.29,0.04
269.54,0,19.29,0.037
269.71,0,19.29,0.051
269.87,0,19.29,0.033
270.04,0,19.29,0.037
270.2,0,19.29,0.033
270.37,0,19.29,0.04
270.53,0,19.29,0.051
270.7,0,19.29,0.04
270.86,0,19.29,0.033
271.03,0,19.29,0.033
271.19,0,19.29,0.029
271.36,0,19.29,0.029
271.52,0,19.29,0.033
271.69,0,19.29,0.033
271.85,0,19.29,0.033
272.02,0,19.29,0.026
272.18,0,19.29,0.037
272.35,0,19.29,0.04
272.51,0,19.29,0.033
272.68,0,19.29,0.033
272.84,0,19.29,0.029
273.01,0,19.29,0.044
273.17,0,19.29,0.033
273.34,0,19.29,0.037
273.5,0,19.29,0.033
273.67,0,19.29,0.037
273.83,0,19.29,0.029
274.0,0,19.29,0.029
274.16,0,19.29,0.033
274.33,0,19.29,0.029
274.49,0,19.29,0.04
274.66,0,19.29,0.033
274.82,0,19.29,0.026
274.98,0,19.29,0.033
275.15,0,19.29,0.037
275.31,0,19.29,0.026
275.48,0,19.29,0.037
275.65,0,19.29,0.029
275.81,0,19.29,0.04
275.97,0,19.29,0.033
276.14,0,19.29,0.04
276.3,0,19.29,0.04
276.47,0,19.29,0.037
276.63,0,19.29,0.04
276.8,0,19.29,0.029
276.96,0,19.29,0.029
277.13,0,19.29,0.044
277.29,0,19.29,0.048
277.46,0,19.29,0.044
277.62,0,19.29,0.037
277.79,0,19.29,0.04
277.95,0,19.29,0.04
278.12,0,19.29,0.04
278.28,0,19.29,0.04
278.45,0,19.29,0.044
278.61,0,19.29,0.026
278.78,0,19.29,0.04
278.94,0,19.29,0.029
279.11,0,19.29,0.037
279.27,0,19.29,0.033
279.44,0,19.29,0.033
279.6,0,19.29,0.04
279.77,0,19.29,0.04
279.93,0,19.29,0.044
280.1,0,19.29,0.033
280.26,0,19.29,0.029
280.43,0,19.29,0.033
280.59,0,19.29,0.04
280.76,0,19.29,0.033
280.92,0,19.29,0.033
281.09,0,19.29,0.029
281.25,0,19.29,0.037
281.42,0,19.29,0.048
281.58,0,19.29,0.037
281.75,0,19.29,0.033
281.91,0,19.29,0.033
282.08,0,19.29,0.033
282.24,0,19.29,0.037
282.41,0,19.29,0.033
282.57,0,19.29,0.04
282.74,0,19.29,0.029
282.9,0,19.29,0.033
283.07,0,19.29,0.033
283.23,0,19.29,0.033
283.4,0,19.29,0.04
283.56,0,19.29,0.044
283.73,0,19.29,0.033
283.89,0,19.29,0.029
284.06,0,19.29,0.026
284.22,0,19.29,0.04
284.39,0,19.29,0.037
284.55,0,19.29,0.037
284.72,0,19.29,0.037
284.88,0,19.29,0.033
285.05,0,19.29,0.033
285.21,0,19.29,0.037
285.37,0,19.29,0.029
285.54,0,19.29,0.04
285.71,0,19.29,0.029
285.87,0,19.29,0.029
286.03,0,19.29,0.026
286.2,0,19.29,0.037
286.36,0,19.29,0.029
286.53,0,19.29,0.037
286.69,0,19.29,0.029
286.86,0,19.29,0.037
287.02,0,19.29,0.033
287.19,0,19.29,0.033
287.35,0,19.29,0.033
287.52,0,19.29,0.029
287.68,0,19.29,0.044
287.85,0,19.29,0.037
288.01,0,19.29,0.037
288.18,0,19.29,0.033
288.34,0,19.29,0.037
288.51,0,19.29,0.037
288.67,0,19.29,0.04
288.84,0,19.29,0.033
289.0,0,19.29,0.033
289.17,0,19.29,0.033
289.33,0,19.29,0.037
289.5,0,19.29,0.037
289.66,0,19.29,0.026
289.83,0,19.29,0.037
289.99,0,19.29,0.029
290.16,0,19.29,0.037
290.32,0,19.29,0.033
290.49,0,19.29,0.037
290.65,0,19.29,0.037
290.82,0,19.29,0.029
290.98,0,19.29,0.04
291.15,0,19.29,0.037
291.31,0,19.29,0.04
291.48,0,19.29,0.033
291.64,0,19.29,0.029
291.81,0,19.29,0.037
291.97,0,19.29,0.037
292.13,0,19.29,0.029
292.3,0,19.29,0.037
292.46,0,19.29,0.037
292.63,0,19.29,0.037
292.79,0,19.29,0.033
292.96,0,19.29,0.033
293.12,0,19.29,0.04
293.29,0,19.29,0.029
293.45,0,19.29,0.033
293.62,0,19.29,0.051
293.78,0,19.29,0.029
293.95,0,19.29,0.037
294.11,0,19.29,0.044
294.28,0,19.29,0.033
294.44,0,19.29,0.033
294.61,0,19.29,0.033
294.77,0,19.29,0.037
294.94,0,19.29,0.037
295.1,0,19.29,0.026
295.27,0,19.29,0.044
295.43,0,19.29,0.037
295.6,0,19.29,0.037
295.76,0,19.29,0.04
295.93,0,19.29,0.037
296.09,0,19.29,0.04
296.26,0,19.29,0.026
296.42,0,19.29,0.037
296.59,0,19.29,0.04
296.75,0,19.29,-0.0
296.92,0,19.29,0.026
297.08,0,19.29,0.022
297.25,0,19.29,0.033
297.41,0,19.29,0.018
297.58,0,19.29,0.018
297.74,0,19.29,0.044
297.91,0,19.29,0.037
298.07,0,19.29,0.04
298.24,0,19.29,0.033
298.4,0,19.29,0.037
298.57,0,19.29,0.044
298.73,0,19.29,0.029
298.9,0,19.29,0.037
299.06,0,19.29,0.04
299.23,0,19.29,0.044
299.39,0,19.29,0.037
299.56,0,19.29,0.033
299.72,0,19.29,0.033
299.89,0,19.29,0.033
300.05,0,19.29,0.04
300.22,0,19.29,0.033
300.38,0,19.29,0.044
300.55,0,19.29,0.029
300.71,0,19.29,0.029
300.88,0,19.29,0.04
301.04,0,19.29,0.037
301.21,0,19.29,0.037
301.37,0,19.29,0.033
301.54,0,19.29,0.037
301.7,0,19.29,0.033
301.86,0,19.29,0.033
302.03,0,19.29,0.037
302.19,0,19.29,0.037
302.36,0,19.29,0.033
302.52,0,19.29,0.04
302.69,0,19.29,0.022
302.85,0,19.29,0.029
303.02,0,19.29,0.029
303.18,0,19.29,0.037
303.35,0,19.29,0.033
303.51,0,19.29,0.033
303.68,0,19.29,0.029
303.84,0,19.29,0.022
304.01,0,19.29,0.029
304.17,0,19.29,0.04
304.34,0,19.29,0.022
304.5,0,19.29,0.04
304.67,0,19.29,0.037
304.83,0,19.29,0.033
305.0,0,19.29,0.029
305.16,0,19.29,0.033
305.33,0,19.29,0.04
305.49,0,22.06,0.037
305.66,0,19.29,0.033
305.82,0,19.29,0.026
305.99,0,19.29,0.04
306.15,0,19.29,0.037
306.32,0,19.29,0.033
306.48,0,19.29,0.029
306.65,0,19.29,0.029
306.81,0,19.29,0.026
306.98,0,19.29,0.04
307.14,0,19.29,0.022
307.31,0,19.29,0.033
307.47,0,19.29,0.033
307.63,0,19.29,0.04
307.8,0,19.29,0.037
307.96,0,19.29,0.033
308.13,0,19.29,0.029
308.29,0,19.29,0.033
308.46,0,19.29,0.037
308.62,0,19.29,0.033
308.79,0,19.29,0.044
308.95,0,19.29,0.033
309.12,0,19.29,0.033
309.28,0,19.29,0.04
309.45,0,19.29,0.033
309.61,0,19.29,0.029
309.78,0,19.29,0.037
309.94,0,19.29,0.04
310.11,0,19.29,0.037
310.27,0,19.29,0.033
310.44,0,19.29,0.044
310.6,0,19.29,0.037
310.77,0,19.29,0.037
310.93,0,19.29,0.033
311.1,0,19.29,0.04
311.26,0,19.29,0.044
311.43,0,19.29,0.026
311.59,0,19.29,0.033
311.76,0,19.29,0.037
311.92,0,19.29,0.033
312.09,0,19.29,0.029
312.25,0,19.29,0.04
312.41,0,19.29,0.037
312.58,0,19.29,0.044
312.74,0,19.29,0.037
312.91,0,19.29,0.037
